id,label
0,"10,65"
1,"3,35"
2,"3,40"
3,"0,211"
4,"10,40,44"
5,"0,249"
6,"10,40,44"
7,"3,40"
8,"23,76"
9,"3,50"
10,"10,23"
11,"40,44"
12,"40,169"
13,"0,23"
14,"23,76"
15,"23,76"
16,"10,44"
17,"3,35"
18,"10,44"
19,"10,40,44"
20,"23,76"
21,"23,76"
22,"3,35"
23,"40,151"
24,"0,40"
25,"40,162"
26,"3,40"
27,"10,40"
28,"3,35"
29,"3,23,40"
30,"23,76"
31,"3,35"
32,"40,162"
33,"23,76"
34,"10,23"
35,"3,50"
36,"3,40"
37,"10,40,44"
38,"3,50"
39,"3,40"
40,"23,76"
41,"3,50"
42,"40,162"
43,"0,23"
44,"10,44"
45,"40,162"
46,"3,40"
47,"10,44"
48,"40,162"
49,"10,23"
50,"0,23"
51,"3,35"
52,"10,40,44"
53,"3,35"
54,"3,35"
55,"3,40"
56,"10,44"
57,"3,23"
58,"23,76"
59,"3,40"
60,"3,10"
61,"10,44"
62,"0,249"
63,"3,35"
64,"0,3"
65,"3,50"
66,"40,162"
67,"169,274"
68,"3,35"
69,"3,50"
70,"10,65"
71,"10,40"
72,"40,162"
73,"3,40"
74,"10,44"
75,"0,3"
76,"3,169"
77,"0,23"
78,"23,76"
79,"10,220"
80,"10,65"
81,"3,40"
82,"10,44"
83,"3,169"
84,"10,23"
85,"23,76"
86,"40,162"
87,"3,40"
88,"23,76"
89,"3,50"
90,"10,23"
91,"10,220"
92,"0,249"
93,"3,35"
94,"23,40"
95,"40,162"
96,"23,76"
97,"3,40"
98,"40,44"
99,"23,40"
100,"23,76"
101,"23,40"
102,"23,40"
103,"3,50"
104,"23,40"
105,"0,23"
106,"3,10"
107,"10,23"
108,"0,211"
109,"0,249"
110,"3,50"
111,"23,169"
112,"3,35"
113,"3,50"
114,"10,220"
115,"169,223"
116,"0,3"
117,"0,10"
118,"10,40"
119,"3,50"
120,"3,35"
121,"3,23"
122,"10,44,69"
123,"40,162"
124,"3,50"
125,"3,40"
126,"0,3"
127,"10,23,40"
128,"0,211"
129,"0,10"
130,"10,40"
131,"40,169"
132,"23,40"
133,"3,40"
134,"3,40"
135,"40,44"
136,"0,211"
137,"40,162"
138,"0,249"
139,"40,169"
140,"3,40"
141,"3,35"
142,"169,274"
143,"3,50"
144,"10,40,44"
145,"10,44"
146,"3,35"
147,"40,169"
148,"10,40"
149,"40,162"
150,"23,40"
151,"23,169"
152,"3,35"
153,"0,249"
154,"40,169"
155,"23,76"
156,"40,162"
157,"40,44"
158,"40,162"
159,"0,169"
160,"23,40"
161,"23,40"
162,"3,40"
163,"3,35"
164,"0,249"
165,"3,40"
166,"10,473"
167,"10,23"
168,"10,40,44"
169,"40,162"
170,"23,40"
171,"3,50"
172,"23,40,169"
173,"3,50"
174,"3,169"
175,"23,40"
176,"10,44"
177,"23,76"
178,"3,35"
179,"23,76"
180,"3,40"
181,"3,23"
182,"0,3"
183,"3,35"
184,"0,40"
185,"23,76"
186,"0,211"
187,"3,40"
188,"10,44"
189,"169,274"
190,"169,259"
191,"169,223"
192,"40,162"
193,"23,40,162"
194,"0,169"
195,"40,169"
196,"10,40,44"
197,"3,40"
198,"40,162"
199,"0,10"
200,"23,76"
201,"23,76"
202,"3,23"
203,"3,50"
204,"40,169"
205,"169,223"
206,"23,76"
207,"23,76"
208,"10,23,44"
209,"10,44"
210,"3,35"
211,"0,249"
212,"0,3"
213,"3,50"
214,"0,23"
215,"23,76"
216,"23,76"
217,"23,76"
218,"3,35"
219,"40,151"
220,"23,169"
221,"0,249"
222,"3,35"
223,"23,169"
224,"40,162"
225,"3,40"
226,"10,44"
227,"10,44"
228,"3,35"
229,"3,40"
230,"10,40,44"
231,"3,40"
232,"23,40"
233,"0,3"
234,"40,162"
235,"40,162"
236,"3,23"
237,"23,169"
238,"40,162"
239,"23,76"
240,"0,23"
241,"0,249"
242,"40,151"
243,"40,162"
244,"0,211"
245,"0,40"
246,"10,44"
247,"40,169"
248,"3,35"
249,"40,162"
250,"10,40,44"
251,"10,23"
252,"3,35"
253,"3,40"
254,"23,76"
255,"23,40"
256,"3,40"
257,"3,40"
258,"40,162"
259,"10,40,44"
260,"10,65"
261,"3,35"
262,"10,40"
263,"3,35"
264,"3,40"
265,"3,40"
266,"23,76"
267,"23,76"
268,"10,44"
269,"40,162"
270,"3,35"
271,"40,162"
272,"23,76"
273,"23,40,44"
274,"10,44"
275,"10,40"
276,"3,23"
277,"3,35"
278,"23,76"
279,"40,151"
280,"23,76"
281,"10,44"
282,"0,249"
283,"3,40"
284,"3,40"
285,"3,50"
286,"10,44"
287,"0,23"
288,"10,65"
289,"0,23"
290,"0,40"
291,"23,76"
292,"10,40,44"
293,"23,169"
294,"3,40"
295,"40,162"
296,"3,40"
297,"40,44"
298,"169,274"
299,"3,50"
300,"3,40"
301,"3,169"
302,"23,40"
303,"3,50"
304,"23,169"
305,"0,249"
306,"23,40"
307,"10,23"
308,"10,65"
309,"40,162"
310,"0,211"
311,"3,50"
312,"3,40"
313,"23,76"
314,"3,35"
315,"0,249"
316,"23,40"
317,"3,50"
318,"3,40,44"
319,"10,40,44"
320,"0,211"
321,"40,162"
322,"3,40"
323,"3,50"
324,"40,162"
325,"23,40"
326,"3,50"
327,"40,169"
328,"23,76"
329,"0,169"
330,"23,76"
331,"40,162"
332,"0,211"
333,"3,35"
334,"0,249"
335,"3,40"
336,"23,76"
337,"3,169"
338,"3,50"
339,"3,50"
340,"10,44"
341,"3,50"
342,"40,162"
343,"3,35"
344,"40,162"
345,"40,44"
346,"169,452"
347,"3,10"
348,"3,40"
349,"40,169"
350,"10,44"
351,"23,40,76"
352,"169,452"
353,"23,40"
354,"3,40"
355,"10,40,44"
356,"23,76"
357,"23,40,169"
358,"0,249"
359,"10,44"
360,"23,40"
361,"10,40,44"
362,"3,50"
363,"3,40,169"
364,"40,169"
365,"0,249"
366,"0,10,40"
367,"0,23"
368,"23,76"
369,"40,169"
370,"3,50"
371,"23,76"
372,"23,76"
373,"40,162"
374,"0,249"
375,"10,40,44"
376,"169,223"
377,"3,23"
378,"40,162"
379,"23,76"
380,"3,40"
381,"3,169"
382,"3,169"
383,"3,169"
384,"3,35"
385,"10,23"
386,"10,44"
387,"23,76"
388,"0,211"
389,"3,35"
390,"10,23"
391,"10,23"
392,"0,211"
393,"10,44"
394,"10,23"
395,"3,35"
396,"23,40"
397,"3,40"
398,"169,337"
399,"40,169"
400,"10,40,44"
401,"3,169"
402,"3,50"
403,"0,249"
404,"3,50"
405,"0,249"
406,"3,35"
407,"40,162"
408,"3,50"
409,"3,169"
410,"3,40"
411,"3,50"
412,"23,76"
413,"3,169"
414,"0,249"
415,"40,162"
416,"23,40"
417,"10,23"
418,"23,40"
419,"23,40,76"
420,"40,169"
421,"10,220"
422,"10,40,44"
423,"23,76"
424,"0,23"
425,"0,211"
426,"169,452"
427,"23,76"
428,"10,40,44"
429,"40,169"
430,"40,162"
431,"23,44"
432,"10,44"
433,"10,40"
434,"10,40"
435,"3,40"
436,"0,249"
437,"10,220"
438,"40,162"
439,"169,274"
440,"23,40"
441,"10,23"
442,"3,50"
443,"169,274"
444,"10,40,44"
445,"3,169"
446,"0,249"
447,"0,249"
448,"10,23"
449,"40,162"
450,"0,23"
451,"0,23"
452,"169,452"
453,"40,162"
454,"3,23"
455,"3,169"
456,"23,40"
457,"10,44"
458,"3,40"
459,"3,40"
460,"0,23"
461,"169,223"
462,"10,23"
463,"40,151"
464,"0,211"
465,"0,23"
466,"23,76"
467,"40,44"
468,"10,40,44"
469,"3,23"
470,"40,169"
471,"0,249"
472,"10,65"
473,"0,249"
474,"23,76"
475,"0,249"
476,"23,40"
477,"169,223"
478,"3,40"
479,"169,323"
480,"23,40"
481,"10,40,44"
482,"40,162"
483,"0,40,44"
484,"3,35"
485,"0,249"
486,"10,65"
487,"0,211"
488,"23,40"
489,"40,151"
490,"10,44"
491,"23,40"
492,"10,23"
493,"0,3"
494,"3,40"
495,"0,211"
496,"3,40"
497,"10,23"
498,"0,23"
499,"10,23,40"
500,"3,169"
501,"3,40"
502,"23,40,76"
503,"10,65"
504,"3,35"
505,"40,162"
506,"10,65"
507,"40,169"
508,"3,40"
509,"3,169"
510,"10,40"
511,"40,162"
512,"0,23"
513,"10,44"
514,"3,35"
515,"40,151"
516,"3,50"
517,"23,76"
518,"3,40,169"
519,"3,50"
520,"10,23"
521,"0,211"
522,"40,44"
523,"40,162"
524,"3,23"
525,"23,76"
526,"23,76"
527,"40,162"
528,"40,169"
529,"23,76"
530,"10,23"
531,"10,44"
532,"10,40,44"
533,"0,249"
534,"169,274"
535,"23,76"
536,"3,35"
537,"0,249"
538,"10,40"
539,"3,40"
540,"0,249"
541,"23,40"
542,"10,23"
543,"3,50"
544,"3,40"
545,"3,40"
546,"10,65"
547,"3,23,40"
548,"3,40"
549,"10,23"
550,"40,162"
551,"0,3"
552,"3,40"
553,"10,220"
554,"10,44"
555,"23,76"
556,"10,23"
557,"10,23"
558,"10,65"
559,"23,40"
560,"0,10"
561,"0,249"
562,"0,10"
563,"10,40"
564,"3,40"
565,"10,23"
566,"0,23"
567,"10,40,44"
568,"23,76"
569,"10,44"
570,"10,23"
571,"40,151"
572,"3,35"
573,"10,44"
574,"10,44"
575,"3,40"
576,"10,40"
577,"23,40"
578,"3,169"
579,"10,44"
580,"23,40,76"
581,"3,40"
582,"0,249"
583,"3,35"
584,"3,169"
585,"0,40"
586,"10,220"
587,"3,40"
588,"23,40"
589,"3,40"
590,"23,40"
591,"10,44"
592,"40,169"
593,"10,44"
594,"10,44"
595,"3,40"
596,"23,76"
597,"0,249"
598,"3,35"
599,"23,76"
600,"3,10,23"
601,"40,162"
602,"3,50"
603,"0,23"
604,"3,50"
605,"0,249"
606,"40,162"
607,"3,35,40"
608,"0,3"
609,"23,169"
610,"23,76"
611,"23,76"
612,"10,23"
613,"3,50"
614,"10,40"
615,"0,211"
616,"10,40,44"
617,"3,23"
618,"10,23,40"
619,"40,169"
620,"23,76"
621,"23,76"
622,"3,40"
623,"3,40"
624,"3,40"
625,"0,23"
626,"169,223"
627,"3,40"
628,"40,44"
629,"3,50"
630,"23,40"
631,"0,249"
632,"40,169"
633,"3,169"
634,"0,249"
635,"23,76"
636,"40,162"
637,"3,40"
638,"40,151"
639,"0,23"
640,"23,76"
641,"0,249"
642,"40,162"
643,"40,162"
644,"3,40"
645,"23,40"
646,"3,40"
647,"23,40"
648,"3,50"
649,"40,169"
650,"10,40,44"
651,"10,40,44"
652,"10,23"
653,"40,162"
654,"23,76"
655,"40,162"
656,"3,35"
657,"0,249"
658,"3,50"
659,"3,40"
660,"40,162"
661,"0,169"
662,"0,3"
663,"23,76"
664,"10,44"
665,"23,76"
666,"10,65"
667,"23,76"
668,"0,23"
669,"23,40"
670,"23,40"
671,"10,40,44"
672,"10,23"
673,"169,223"
674,"3,40"
675,"3,40"
676,"10,40,44"
677,"3,50"
678,"3,40"
679,"10,44"
680,"0,249"
681,"40,162"
682,"10,44"
683,"23,76"
684,"23,76"
685,"3,50"
686,"40,162"
687,"40,169"
688,"23,40,169"
689,"0,10"
690,"3,35"
691,"23,40,169"
692,"3,35"
693,"10,23"
694,"0,249"
695,"23,40"
696,"23,76"
697,"3,50"
698,"3,35"
699,"40,162"
700,"3,35"
701,"10,23,44"
702,"23,40,169"
703,"23,40"
704,"23,76"
705,"40,162"
706,"3,40"
707,"40,162"
708,"0,249"
709,"23,40"
710,"3,50"
711,"40,162"
712,"3,50"
713,"0,211"
714,"23,40"
715,"23,76"
716,"3,35"
717,"3,50"
718,"3,40"
719,"23,40,44"
720,"3,35"
721,"10,44"
722,"3,50"
723,"3,35"
724,"3,50"
725,"23,76"
726,"3,169"
727,"0,249"
728,"169,323"
729,"40,162"
730,"169,179"
731,"40,169"
732,"3,35"
733,"10,40,44"
734,"3,169"
735,"0,169"
736,"10,23"
737,"3,169"
738,"10,44"
739,"0,23"
740,"23,76"
741,"0,23"
742,"3,40"
743,"23,40,44"
744,"40,162"
745,"3,50"
746,"3,23"
747,"23,40"
748,"3,169"
749,"10,40,44"
750,"3,40"
751,"23,76"
752,"3,35"
753,"40,169"
754,"169,274"
755,"23,76"
756,"10,40,44"
757,"40,162"
758,"3,35"
759,"169,274"
760,"169,274"
761,"0,211"
762,"10,23"
763,"3,50"
764,"3,50"
765,"0,249"
766,"0,249"
767,"40,169"
768,"0,3"
769,"10,44"
770,"3,50"
771,"10,44"
772,"3,50"
773,"3,50"
774,"169,259"
775,"3,50"
776,"3,169"
777,"3,40"
778,"3,50"
779,"10,40"
780,"10,40"
781,"10,23"
782,"0,249"
783,"3,23"
784,"3,50"
785,"23,40,169"
786,"0,169"
787,"23,76"
788,"0,23"
789,"0,23"
790,"3,40"
791,"3,10"
792,"10,40,44"
793,"23,76"
794,"169,223"
795,"40,162"
796,"3,50"
797,"3,35"
798,"40,151"
799,"3,40"
800,"40,169"
801,"0,40"
802,"23,40"
803,"3,40"
804,"3,50"
805,"169,223"
806,"40,162"
807,"10,23,44"
808,"3,169"
809,"3,169"
810,"23,40"
811,"23,76"
812,"10,40,44"
813,"0,249"
814,"3,40"
815,"3,40"
816,"3,35"
817,"0,3"
818,"3,50"
819,"3,169"
820,"0,211"
821,"3,23,40"
822,"23,169"
823,"23,76"
824,"3,35"
825,"40,44"
826,"0,249"
827,"10,44"
828,"169,274"
829,"23,40"
830,"3,10"
831,"0,40"
832,"10,40,44"
833,"40,169"
834,"3,35"
835,"23,40"
836,"40,44,169"
837,"40,162"
838,"3,35"
839,"3,35"
840,"40,162"
841,"3,40"
842,"3,50"
843,"23,76"
844,"10,23"
845,"23,40"
846,"3,169"
847,"40,162"
848,"0,23"
849,"23,76"
850,"3,169"
851,"10,40,44"
852,"3,23"
853,"3,23"
854,"3,169"
855,"40,162"
856,"23,76"
857,"10,65"
858,"3,50"
859,"40,169"
860,"23,76"
861,"10,23"
862,"10,23,40"
863,"0,211"
864,"3,35"
865,"40,162"
866,"3,50"
867,"40,169"
868,"3,50"
869,"23,40"
870,"40,162"
871,"23,40,76"
872,"3,35"
873,"169,223"
874,"0,249"
875,"10,40,44"
876,"3,35"
877,"40,162"
878,"40,169"
879,"23,76"
880,"3,50"
881,"0,249"
882,"40,44"
883,"40,162"
884,"10,40,44"
885,"40,162"
886,"40,169"
887,"10,44"
888,"3,50"
889,"40,169"
890,"10,40,44"
891,"3,50"
892,"23,76"
893,"10,44"
894,"10,40,44"
895,"3,50"
896,"40,162"
897,"3,35"
898,"3,40"
899,"0,169"
900,"0,249"
901,"3,40"
902,"23,76"
903,"40,162"
904,"10,65"
905,"23,40"
906,"0,23"
907,"0,249"
908,"3,40"
909,"40,162"
910,"0,10"
911,"10,44"
912,"3,40"
913,"10,40,44"
914,"10,44"
915,"10,40"
916,"3,50"
917,"0,23"
918,"3,50"
919,"3,23"
920,"3,35"
921,"10,44"
922,"3,35"
923,"10,65"
924,"40,162"
925,"10,23"
926,"10,44"
927,"40,162"
928,"3,40"
929,"3,50"
930,"23,40"
931,"0,3"
932,"0,23"
933,"23,40"
934,"10,23"
935,"40,169"
936,"3,40"
937,"3,35"
938,"3,35"
939,"40,169"
940,"3,50"
941,"23,40"
942,"3,35"
943,"40,169"
944,"3,50"
945,"3,169"
946,"0,23"
947,"3,40"
948,"23,76"
949,"3,40"
950,"0,249"
951,"10,40"
952,"40,169"
953,"10,40"
954,"23,76"
955,"10,44"
956,"40,44"
957,"23,76"
958,"10,44"
959,"10,23"
960,"169,274"
961,"3,169"
962,"10,23,44"
963,"40,162"
964,"10,23"
965,"40,162"
966,"10,40"
967,"40,169"
968,"3,35"
969,"23,40"
970,"40,162"
971,"40,151"
972,"3,50"
973,"0,40"
974,"10,23"
975,"0,169"
976,"0,249"
977,"3,40"
978,"3,50"
979,"23,76"
980,"0,23"
981,"0,249"
982,"3,40"
983,"3,35"
984,"40,162"
985,"40,151"
986,"23,76"
987,"40,162"
988,"10,44"
989,"3,40"
990,"3,50"
991,"10,23"
992,"23,169"
993,"3,40"
994,"23,76"
995,"3,40"
996,"169,223"
997,"40,162"
998,"3,40"
999,"3,10,23"
1000,"0,40"
1001,"3,35"
1002,"0,211"
1003,"23,40"
1004,"3,40"
1005,"169,223"
1006,"3,50"
1007,"10,40,44"
1008,"169,274"
1009,"10,44"
1010,"23,76"
1011,"3,40"
1012,"0,3"
1013,"10,44"
1014,"3,50"
1015,"0,249"
1016,"10,23"
1017,"23,40"
1018,"3,50"
1019,"3,50"
1020,"0,249"
1021,"10,44"
1022,"0,249"
1023,"23,76"
1024,"3,40"
1025,"40,162"
1026,"0,40"
1027,"0,23"
1028,"3,35"
1029,"23,76"
1030,"23,40"
1031,"23,76"
1032,"40,162"
1033,"3,35"
1034,"3,169"
1035,"3,23"
1036,"3,50"
1037,"3,35"
1038,"3,40"
1039,"23,76"
1040,"23,40"
1041,"10,40,44"
1042,"0,3"
1043,"0,169"
1044,"10,65"
1045,"23,76"
1046,"3,35"
1047,"10,40,44"
1048,"10,220"
1049,"0,40"
1050,"10,65"
1051,"3,40"
1052,"10,44"
1053,"10,23"
1054,"40,162"
1055,"10,40"
1056,"10,220"
1057,"3,35"
1058,"3,35"
1059,"40,151"
1060,"23,76"
1061,"3,35"
1062,"3,40"
1063,"0,211"
1064,"3,40"
1065,"40,162"
1066,"10,40,44"
1067,"23,169"
1068,"3,40"
1069,"3,40"
1070,"3,50"
1071,"0,249"
1072,"10,23"
1073,"0,249"
1074,"3,35"
1075,"3,50"
1076,"23,76"
1077,"3,35"
1078,"40,151"
1079,"40,162"
1080,"3,40"
1081,"3,35"
1082,"23,76"
1083,"3,23,40"
1084,"3,40"
1085,"10,40,44"
1086,"0,3,169"
1087,"10,44"
1088,"3,35"
1089,"40,162"
1090,"3,50"
1091,"40,162"
1092,"23,40"
1093,"3,40"
1094,"169,223"
1095,"0,169"
1096,"3,35"
1097,"3,40"
1098,"40,162"
1099,"40,44"
1100,"0,249"
1101,"0,249"
1102,"3,50"
1103,"23,76"
1104,"3,169"
1105,"23,40,44"
1106,"23,40"
1107,"40,169"
1108,"10,40,44"
1109,"169,223"
1110,"10,23"
1111,"0,249"
1112,"23,76"
1113,"3,35"
1114,"40,169"
1115,"40,162"
1116,"10,23"
1117,"0,211"
1118,"40,162"
1119,"40,162"
1120,"10,40"
1121,"3,35"
1122,"169,274"
1123,"40,162"
1124,"3,40"
1125,"169,274"
1126,"3,50"
1127,"10,44"
1128,"10,23,44"
1129,"0,3"
1130,"10,23"
1131,"10,23"
1132,"0,40"
1133,"10,44"
1134,"10,44"
1135,"0,211"
1136,"3,35"
1137,"40,169"
1138,"10,44"
1139,"169,223"
1140,"40,169"
1141,"3,50"
1142,"10,220"
1143,"169,223"
1144,"10,44"
1145,"23,40,44"
1146,"3,40"
1147,"23,40,44"
1148,"10,23"
1149,"3,40"
1150,"3,50"
1151,"3,40"
1152,"10,40,44"
1153,"23,40"
1154,"40,44"
1155,"10,23"
1156,"10,40,44"
1157,"0,3"
1158,"23,76"
1159,"3,35"
1160,"40,169"
1161,"3,50"
1162,"23,76"
1163,"23,76"
1164,"0,3"
1165,"23,76"
1166,"3,169"
1167,"3,40,169"
1168,"0,249"
1169,"23,40,44"
1170,"0,249"
1171,"23,76"
1172,"3,40"
1173,"0,23"
1174,"0,23"
1175,"3,23"
1176,"23,76"
1177,"0,249"
1178,"10,44"
1179,"40,162"
1180,"3,40,169"
1181,"0,169"
1182,"0,3"
1183,"23,40"
1184,"23,76"
1185,"23,76"
1186,"10,44"
1187,"3,35"
1188,"23,40"
1189,"40,169"
1190,"3,40"
1191,"40,162"
1192,"10,23"
1193,"3,40"
1194,"0,249"
1195,"169,223"
1196,"3,50"
1197,"40,151"
1198,"0,40"
1199,"3,10"
1200,"10,44"
1201,"23,76"
1202,"3,40"
1203,"23,76"
1204,"10,40,44"
1205,"10,23"
1206,"0,249"
1207,"0,249"
1208,"10,44"
1209,"23,76"
1210,"40,169"
1211,"40,44,169"
1212,"10,44"
1213,"40,169"
1214,"23,76"
1215,"0,10"
1216,"23,40"
1217,"3,35"
1218,"3,40"
1219,"10,44"
1220,"169,259"
1221,"0,10"
1222,"3,50"
1223,"3,50"
1224,"40,162"
1225,"10,44"
1226,"23,40"
1227,"40,151"
1228,"40,162"
1229,"10,169"
1230,"40,162"
1231,"3,40"
1232,"0,249"
1233,"23,76"
1234,"40,169"
1235,"23,40"
1236,"10,40"
1237,"0,23"
1238,"23,40"
1239,"3,40"
1240,"0,249"
1241,"3,40"
1242,"10,40,44"
1243,"40,151"
1244,"10,44"
1245,"0,211"
1246,"40,169"
1247,"23,40"
1248,"10,44"
1249,"40,169"
1250,"0,10"
1251,"10,44"
1252,"3,50"
1253,"23,40"
1254,"3,40"
1255,"10,23,44"
1256,"3,35"
1257,"0,249"
1258,"40,169"
1259,"0,249"
1260,"3,50"
1261,"3,40"
1262,"10,65"
1263,"3,40"
1264,"10,40"
1265,"3,40"
1266,"3,35"
1267,"23,40"
1268,"23,76"
1269,"3,40"
1270,"3,40"
1271,"10,23"
1272,"3,50"
1273,"23,40"
1274,"40,169"
1275,"10,23"
1276,"3,169"
1277,"3,35"
1278,"40,162"
1279,"3,50"
1280,"0,10"
1281,"3,40"
1282,"10,40"
1283,"3,35"
1284,"3,169"
1285,"3,35"
1286,"0,249"
1287,"23,76"
1288,"40,162"
1289,"0,10"
1290,"10,220"
1291,"169,323"
1292,"3,23"
1293,"23,76"
1294,"3,10"
1295,"3,50"
1296,"3,40"
1297,"3,50"
1298,"3,35"
1299,"10,65"
1300,"23,40"
1301,"23,76"
1302,"3,35"
1303,"3,50"
1304,"3,35"
1305,"3,40"
1306,"3,40"
1307,"169,223"
1308,"3,169"
1309,"3,35"
1310,"3,35"
1311,"10,23"
1312,"0,3"
1313,"10,40,44"
1314,"23,40"
1315,"3,169"
1316,"3,40"
1317,"0,3"
1318,"0,169"
1319,"3,40"
1320,"10,65"
1321,"10,44"
1322,"3,35"
1323,"23,76"
1324,"23,76"
1325,"3,169"
1326,"23,76"
1327,"10,44"
1328,"3,23,40"
1329,"3,40"
1330,"10,40"
1331,"3,50"
1332,"3,169"
1333,"40,169"
1334,"0,23"
1335,"3,50"
1336,"3,50"
1337,"10,220"
1338,"3,40"
1339,"3,35"
1340,"3,169"
1341,"40,162"
1342,"40,169"
1343,"40,169"
1344,"10,40"
1345,"40,162"
1346,"23,169"
1347,"3,35"
1348,"40,162"
1349,"169,323"
1350,"23,76"
1351,"0,23"
1352,"3,35"
1353,"0,40"
1354,"3,35"
1355,"0,23"
1356,"3,40"
1357,"3,35"
1358,"23,76"
1359,"10,44"
1360,"3,40"
1361,"40,162"
1362,"3,50"
1363,"40,169"
1364,"3,169"
1365,"23,169"
1366,"23,76"
1367,"3,35"
1368,"3,35"
1369,"23,40"
1370,"0,40"
1371,"40,151"
1372,"10,40,44"
1373,"10,40,44"
1374,"10,44"
1375,"10,40,44"
1376,"3,35"
1377,"10,169"
1378,"10,44"
1379,"23,76"
1380,"10,40,44"
1381,"0,249"
1382,"3,35"
1383,"3,40"
1384,"3,40"
1385,"40,162"
1386,"10,23"
1387,"23,76"
1388,"10,44"
1389,"3,50"
1390,"3,35"
1391,"0,10"
1392,"3,169"
1393,"40,162"
1394,"3,35"
1395,"40,162"
1396,"10,40,44"
1397,"0,249"
1398,"23,169"
1399,"40,169"
1400,"40,162"
1401,"40,169"
1402,"3,35"
1403,"3,40"
1404,"10,40,44"
1405,"169,274"
1406,"3,50"
1407,"3,35"
1408,"3,50"
1409,"10,23,40"
1410,"3,23"
1411,"23,76"
1412,"3,40"
1413,"10,40"
1414,"10,23"
1415,"3,40"
1416,"3,35"
1417,"3,35"
1418,"3,50"
1419,"0,249"
1420,"3,40"
1421,"23,40"
1422,"40,151"
1423,"23,76"
1424,"23,76"
1425,"3,50"
1426,"40,169"
1427,"23,76"
1428,"10,40,44"
1429,"3,50"
1430,"10,40,44"
1431,"3,40"
1432,"23,40"
1433,"10,65"
1434,"10,40,44"
1435,"10,40"
1436,"23,169"
1437,"169,223"
1438,"23,40"
1439,"23,40"
1440,"3,50"
1441,"3,50"
1442,"0,169"
1443,"10,44"
1444,"10,40,44"
1445,"10,44"
1446,"23,76"
1447,"23,76"
1448,"40,44"
1449,"3,40"
1450,"0,249"
1451,"3,40"
1452,"3,10"
1453,"3,50"
1454,"10,65"
1455,"40,162"
1456,"3,35"
1457,"40,162"
1458,"3,169"
1459,"169,223"
1460,"23,76"
1461,"3,40"
1462,"10,44"
1463,"40,44"
1464,"23,76"
1465,"40,162"
1466,"0,23"
1467,"10,44"
1468,"0,249"
1469,"23,76"
1470,"3,40,169"
1471,"23,76"
1472,"0,211"
1473,"3,35"
1474,"3,35"
1475,"10,44"
1476,"10,23,40"
1477,"3,35"
1478,"0,211"
1479,"40,151"
1480,"23,76"
1481,"10,40,44"
1482,"3,35"
1483,"0,23"
1484,"23,76"
1485,"3,50"
1486,"3,35"
1487,"3,10"
1488,"3,35"
1489,"40,162"
1490,"3,35"
1491,"10,23"
1492,"23,76"
1493,"0,249"
1494,"3,35"
1495,"3,23,40"
1496,"23,76"
1497,"40,162"
1498,"10,23,40"
1499,"40,162"
1500,"10,23"
1501,"3,50"
1502,"3,169"
1503,"10,23"
1504,"23,76"
1505,"3,40"
1506,"169,274"
1507,"23,76"
1508,"3,40"
1509,"0,249"
1510,"3,40"
1511,"40,169"
1512,"40,162"
1513,"0,249"
1514,"40,169"
1515,"3,35"
1516,"40,169"
1517,"40,162"
1518,"10,40,44"
1519,"3,35"
1520,"3,10,23"
1521,"23,76"
1522,"3,40"
1523,"23,40"
1524,"10,23"
1525,"10,44"
1526,"23,76"
1527,"10,44"
1528,"0,211"
1529,"10,23,40"
1530,"23,169"
1531,"10,44"
1532,"10,23"
1533,"10,23"
1534,"10,40,44"
1535,"10,23,44"
1536,"0,169"
1537,"40,169"
1538,"0,169"
1539,"3,50"
1540,"23,76"
1541,"3,169"
1542,"3,40"
1543,"40,162"
1544,"10,44"
1545,"40,162"
1546,"40,162"
1547,"10,40"
1548,"10,40,44"
1549,"10,44"
1550,"0,211"
1551,"3,35"
1552,"3,23"
1553,"3,50"
1554,"3,50"
1555,"3,23"
1556,"0,169"
1557,"3,40"
1558,"10,23"
1559,"10,44"
1560,"3,169"
1561,"10,44"
1562,"3,50"
1563,"23,76"
1564,"3,40"
1565,"40,162"
1566,"10,40,44"
1567,"0,23"
1568,"23,40"
1569,"0,249"
1570,"10,44"
1571,"40,44,162"
1572,"3,40"
1573,"169,452"
1574,"10,40,44"
1575,"10,44"
1576,"3,23"
1577,"3,35"
1578,"40,162"
1579,"0,169"
1580,"3,35"
1581,"3,35"
1582,"10,23"
1583,"40,169"
1584,"3,50"
1585,"40,162"
1586,"10,169"
1587,"3,50"
1588,"23,169"
1589,"23,40"
1590,"40,162"
1591,"10,40,44"
1592,"169,274"
1593,"40,169"
1594,"23,76"
1595,"40,169"
1596,"3,40"
1597,"3,35"
1598,"3,50"
1599,"10,40,44"
1600,"23,169"
1601,"3,40"
1602,"10,44"
1603,"10,44"
1604,"0,3"
1605,"3,35"
1606,"40,162"
1607,"40,169"
1608,"40,169"
1609,"3,50"
1610,"23,76"
1611,"40,151"
1612,"23,76"
1613,"3,50"
1614,"169,223"
1615,"3,50"
1616,"0,249"
1617,"23,76"
1618,"3,50"
1619,"10,220"
1620,"3,169"
1621,"40,169"
1622,"40,169"
1623,"40,169"
1624,"0,211"
1625,"10,23"
1626,"10,23"
1627,"23,76"
1628,"40,162"
1629,"40,162"
1630,"10,23"
1631,"40,44"
1632,"10,23"
1633,"3,35"
1634,"10,44"
1635,"0,211"
1636,"23,76"
1637,"0,249"
1638,"3,50"
1639,"23,40"
1640,"169,223"
1641,"3,50"
1642,"3,35"
1643,"10,44"
1644,"10,23"
1645,"0,3"
1646,"10,23"
1647,"10,40"
1648,"10,23"
1649,"23,169"
1650,"10,65"
1651,"0,3"
1652,"3,35"
1653,"0,211"
1654,"3,40"
1655,"3,40"
1656,"23,76"
1657,"40,169"
1658,"3,50"
1659,"10,40,44"
1660,"23,76"
1661,"3,169"
1662,"40,162"
1663,"40,162"
1664,"3,50"
1665,"10,40,44"
1666,"40,151"
1667,"10,40,44"
1668,"3,50"
1669,"40,162"
1670,"0,10"
1671,"10,40,44"
1672,"3,169"
1673,"3,40"
1674,"3,23"
1675,"23,76"
1676,"0,249"
1677,"40,169"
1678,"0,40"
1679,"3,40"
1680,"23,76"
1681,"0,249"
1682,"0,23"
1683,"3,50"
1684,"3,50"
1685,"0,249"
1686,"3,50"
1687,"3,40"
1688,"3,40"
1689,"40,162"
1690,"3,40"
1691,"3,169"
1692,"40,169"
1693,"3,35"
1694,"0,249"
1695,"23,40"
1696,"10,23"
1697,"40,162"
1698,"3,35"
1699,"3,40"
1700,"10,44"
1701,"3,35"
1702,"3,40"
1703,"0,3"
1704,"10,44"
1705,"3,35"
1706,"3,35"
1707,"0,23"
1708,"3,40"
1709,"40,151"
1710,"10,44"
1711,"0,249"
1712,"40,44"
1713,"169,274"
1714,"3,35"
1715,"40,169"
1716,"3,35"
1717,"0,40"
1718,"3,169"
1719,"23,40"
1720,"40,162"
1721,"23,76"
1722,"10,44"
1723,"10,40,44"
1724,"40,162"
1725,"10,44"
1726,"23,76"
1727,"23,76"
1728,"10,44"
1729,"0,10"
1730,"3,50"
1731,"169,323"
1732,"40,169"
1733,"10,65"
1734,"3,40"
1735,"0,3"
1736,"10,40,44"
1737,"3,40"
1738,"10,23"
1739,"3,40"
1740,"3,50"
1741,"3,50"
1742,"0,249"
1743,"169,223"
1744,"3,23"
1745,"3,50"
1746,"40,169"
1747,"3,35"
1748,"23,40"
1749,"10,44"
1750,"10,65"
1751,"3,23,40"
1752,"23,40"
1753,"0,249"
1754,"10,23"
1755,"40,169"
1756,"40,162"
1757,"23,76"
1758,"0,40"
1759,"23,76"
1760,"23,40"
1761,"3,50"
1762,"40,44"
1763,"169,223"
1764,"10,44"
1765,"3,40"
1766,"40,162"
1767,"0,23"
1768,"3,50"
1769,"3,169"
1770,"3,40"
1771,"0,249"
1772,"3,169"
1773,"3,40"
1774,"10,44"
1775,"40,169"
1776,"10,40"
1777,"3,50"
1778,"3,40"
1779,"3,40"
1780,"40,169"
1781,"169,223"
1782,"0,23"
1783,"23,40"
1784,"40,162"
1785,"40,169"
1786,"10,23"
1787,"10,40,44"
1788,"40,162"
1789,"169,223"
1790,"23,40"
1791,"10,220"
1792,"23,76"
1793,"10,44"
1794,"40,162"
1795,"0,169"
1796,"23,76"
1797,"10,44"
1798,"23,76"
1799,"3,50"
1800,"23,76"
1801,"0,169"
1802,"3,35"
1803,"10,23"
1804,"23,76"
1805,"0,40"
1806,"3,169"
1807,"23,76"
1808,"3,40"
1809,"23,40"
1810,"23,40"
1811,"3,50"
1812,"3,50"
1813,"10,44"
1814,"0,3,169"
1815,"23,76"
1816,"40,162"
1817,"3,40"
1818,"10,23"
1819,"3,23"
1820,"10,40,44"
1821,"23,76"
1822,"3,35"
1823,"23,76"
1824,"3,40"
1825,"10,23,44"
1826,"10,40,44"
1827,"10,40,44"
1828,"3,40"
1829,"40,169"
1830,"40,169"
1831,"0,249"
1832,"0,249"
1833,"3,50"
1834,"0,169"
1835,"0,40"
1836,"23,76"
1837,"10,40,44"
1838,"3,35"
1839,"0,23"
1840,"40,162"
1841,"3,35"
1842,"3,35"
1843,"3,40"
1844,"0,249"
1845,"10,40,44"
1846,"40,151"
1847,"23,40"
1848,"0,23"
1849,"3,50"
1850,"3,50"
1851,"10,44"
1852,"3,40"
1853,"3,40"
1854,"10,65"
1855,"0,169"
1856,"0,23"
1857,"3,40"
1858,"40,162"
1859,"0,211"
1860,"23,40"
1861,"3,40"
1862,"23,76"
1863,"10,65"
1864,"3,40"
1865,"40,162"
1866,"0,249"
1867,"40,169"
1868,"23,40"
1869,"0,23"
1870,"40,151"
1871,"0,40"
1872,"23,169"
1873,"0,249"
1874,"23,40,44"
1875,"3,40"
1876,"23,40"
1877,"23,76"
1878,"3,35"
1879,"0,23"
1880,"0,40"
1881,"169,323"
1882,"3,10"
1883,"23,76"
1884,"40,169"
1885,"3,50"
1886,"3,40"
1887,"10,23"
1888,"10,65"
1889,"3,40"
1890,"23,76"
1891,"3,50"
1892,"0,249"
1893,"10,23"
1894,"23,40,76"
1895,"0,249"
1896,"23,40"
1897,"10,44"
1898,"3,40"
1899,"0,23"
1900,"40,162"
1901,"3,35"
1902,"3,169"
1903,"3,50"
1904,"3,10"
1905,"3,35"
1906,"0,23"
1907,"3,35"
1908,"3,50"
1909,"3,50"
1910,"10,23"
1911,"10,220"
1912,"40,162"
1913,"3,50"
1914,"169,223"
1915,"0,211"
1916,"3,40"
1917,"0,23"
1918,"0,211"
1919,"40,169"
1920,"23,76"
1921,"10,44"
1922,"23,76"
1923,"3,50"
1924,"40,151"
1925,"3,50"
1926,"3,35"
1927,"0,23"
1928,"40,169"
1929,"3,50"
1930,"10,40,44"
1931,"23,76"
1932,"0,211"
1933,"3,40"
1934,"10,220"
1935,"23,76"
1936,"169,223"
1937,"40,162"
1938,"3,50"
1939,"40,169"
1940,"23,76"
1941,"10,23,40"
1942,"0,23"
1943,"23,40"
1944,"23,40"
1945,"23,40"
1946,"10,23"
1947,"23,76"
1948,"0,10"
1949,"10,44"
1950,"23,76"
1951,"10,40"
1952,"40,169"
1953,"0,3"
1954,"10,44"
1955,"3,40"
1956,"10,44"
1957,"3,35"
1958,"3,35"
1959,"0,211"
1960,"0,40,169"
1961,"3,35"
1962,"10,44"
1963,"10,65"
1964,"40,169"
1965,"23,40"
1966,"10,44"
1967,"23,76"
1968,"10,65"
1969,"0,40"
1970,"23,40"
1971,"10,44"
1972,"3,10"
1973,"3,23"
1974,"10,40"
1975,"0,211"
1976,"0,3"
1977,"23,76"
1978,"0,249"
1979,"0,249"
1980,"23,76"
1981,"3,50"
1982,"10,44"
1983,"3,50"
1984,"0,249"
1985,"23,76"
1986,"0,169"
1987,"0,23"
1988,"40,162"
1989,"10,23"
1990,"3,35"
1991,"23,40"
1992,"3,35"
1993,"3,40"
1994,"3,40"
1995,"3,10,23"
1996,"40,169"
1997,"169,223"
1998,"40,169"
1999,"10,44"
2000,"0,249"
2001,"23,76"
2002,"3,40"
2003,"10,40,44"
2004,"3,50"
2005,"169,223"
2006,"23,40,76"
2007,"3,40,169"
2008,"10,44"
2009,"10,44"
2010,"169,259"
2011,"0,169"
2012,"10,40"
2013,"0,249"
2014,"0,249"
2015,"0,249"
2016,"40,169"
2017,"40,162"
2018,"3,35"
2019,"10,220"
2020,"40,169"
2021,"3,40"
2022,"3,50"
2023,"3,35"
2024,"40,162"
2025,"40,169"
2026,"3,50"
2027,"23,76"
2028,"0,249"
2029,"10,44"
2030,"40,162"
2031,"23,40,44"
2032,"0,169"
2033,"23,76"
2034,"3,40"
2035,"169,274"
2036,"23,40"
2037,"3,35"
2038,"3,40"
2039,"0,10"
2040,"169,223"
2041,"3,50"
2042,"40,169"
2043,"0,10"
2044,"0,40"
2045,"0,3,40"
2046,"10,40,44"
2047,"3,40"
2048,"10,44"
2049,"3,35"
2050,"10,40,44"
2051,"3,169"
2052,"3,169"
2053,"40,162"
2054,"23,76"
2055,"10,65"
2056,"40,169"
2057,"0,249"
2058,"3,40"
2059,"3,40"
2060,"23,76"
2061,"3,35"
2062,"3,50"
2063,"10,40,44"
2064,"23,76"
2065,"3,169"
2066,"10,23"
2067,"10,44"
2068,"3,35"
2069,"23,76"
2070,"10,44"
2071,"3,50"
2072,"3,50"
2073,"23,40"
2074,"3,40"
2075,"23,40"
2076,"23,40,169"
2077,"3,35"
2078,"169,274"
2079,"169,259"
2080,"0,169"
2081,"3,40"
2082,"23,40"
2083,"0,40"
2084,"3,169"
2085,"169,274"
2086,"169,259"
2087,"40,162"
2088,"3,40"
2089,"0,249"
2090,"23,76"
2091,"0,211"
2092,"3,50"
2093,"0,3"
2094,"23,169"
2095,"0,249"
2096,"0,211"
2097,"3,40"
2098,"3,10"
2099,"10,40"
2100,"23,40"
2101,"3,169"
2102,"3,35"
2103,"40,169"
2104,"10,65"
2105,"40,162"
2106,"10,40,44"
2107,"40,169"
2108,"3,35"
2109,"10,23"
2110,"169,223"
2111,"3,40"
2112,"0,249"
2113,"10,65"
2114,"23,40"
2115,"0,249"
2116,"3,35"
2117,"0,23"
2118,"10,40,44"
2119,"23,40"
2120,"10,40,44"
2121,"10,23"
2122,"40,162"
2123,"3,10,40"
2124,"10,23"
2125,"23,76"
2126,"10,44"
2127,"3,40"
2128,"0,249"
2129,"3,169"
2130,"10,44"
2131,"23,40"
2132,"10,65"
2133,"3,23"
2134,"10,23"
2135,"3,40"
2136,"0,40"
2137,"40,44"
2138,"40,162"
2139,"3,50"
2140,"3,40"
2141,"40,162"
2142,"23,76"
2143,"3,50"
2144,"23,76"
2145,"10,23"
2146,"0,3,249"
2147,"0,23"
2148,"10,44"
2149,"23,169"
2150,"23,76"
2151,"10,40"
2152,"3,35"
2153,"40,44"
2154,"0,249"
2155,"3,50"
2156,"10,40,44"
2157,"10,23"
2158,"3,40"
2159,"40,44"
2160,"23,40"
2161,"3,40"
2162,"10,44"
2163,"3,40"
2164,"23,40"
2165,"40,169"
2166,"10,220"
2167,"23,40"
2168,"40,162"
2169,"169,323"
2170,"0,23"
2171,"40,151"
2172,"3,40"
2173,"40,162"
2174,"3,35"
2175,"0,23"
2176,"23,40,76"
2177,"23,76"
2178,"10,23"
2179,"3,35"
2180,"23,76"
2181,"40,162"
2182,"10,23,40"
2183,"0,23"
2184,"0,211"
2185,"3,35"
2186,"3,40"
2187,"40,151"
2188,"23,76"
2189,"3,169"
2190,"3,169"
2191,"40,44"
2192,"10,40,44"
2193,"3,35"
2194,"3,169"
2195,"169,223"
2196,"0,3"
2197,"40,162"
2198,"10,44"
2199,"169,223"
2200,"3,40"
2201,"0,23"
2202,"10,40"
2203,"40,169"
2204,"23,76"
2205,"3,169"
2206,"3,35"
2207,"0,169"
2208,"0,40"
2209,"40,169"
2210,"23,76"
2211,"0,169"
2212,"3,35"
2213,"3,50"
2214,"23,76"
2215,"40,162"
2216,"3,50"
2217,"40,162"
2218,"10,220"
2219,"3,10,40"
2220,"10,23"
2221,"40,162"
2222,"23,76"
2223,"10,40,44"
2224,"10,23"
2225,"3,35"
2226,"3,40"
2227,"10,23"
2228,"0,249"
2229,"169,223"
2230,"10,23"
2231,"10,220"
2232,"23,76"
2233,"10,40,44"
2234,"10,44"
2235,"40,162"
2236,"10,23"
2237,"0,23"
2238,"10,220"
2239,"0,3"
2240,"3,35"
2241,"23,40"
2242,"3,35"
2243,"3,40"
2244,"10,44"
2245,"40,44"
2246,"3,40"
2247,"10,220"
2248,"23,76"
2249,"10,40,44"
2250,"40,162"
2251,"3,50"
2252,"3,50"
2253,"10,44"
2254,"3,40"
2255,"10,44"
2256,"3,35"
2257,"0,249"
2258,"0,249"
2259,"10,44"
2260,"10,23"
2261,"23,76"
2262,"10,44"
2263,"40,162"
2264,"0,211"
2265,"40,162"
2266,"169,274"
2267,"10,44"
2268,"0,211"
2269,"10,44"
2270,"3,50"
2271,"10,40,44"
2272,"40,169"
2273,"3,35"
2274,"3,50"
2275,"40,169"
2276,"10,40,44"
2277,"3,169"
2278,"3,35"
2279,"0,3"
2280,"0,211"
2281,"23,76"
2282,"3,169"
2283,"10,23"
2284,"169,452"
2285,"0,3"
2286,"3,35"
2287,"3,35"
2288,"3,35"
2289,"0,10"
2290,"3,50"
2291,"40,162"
2292,"3,35"
2293,"23,76"
2294,"0,211"
2295,"10,23"
2296,"10,220"
2297,"3,35"
2298,"10,23"
2299,"40,169"
2300,"0,40"
2301,"3,23,76"
2302,"23,76"
2303,"3,40"
2304,"3,169"
2305,"3,40"
2306,"0,40"
2307,"40,162"
2308,"0,23"
2309,"3,35"
2310,"10,44"
2311,"0,40"
2312,"3,35"
2313,"169,274"
2314,"10,44"
2315,"23,40,169"
2316,"23,40"
2317,"23,169"
2318,"10,40,44"
2319,"0,3"
2320,"3,35"
2321,"40,44,169"
2322,"23,40"
2323,"0,249"
2324,"3,169"
2325,"0,249"
2326,"0,211"
2327,"23,76"
2328,"10,40"
2329,"40,162"
2330,"3,23"
2331,"0,249"
2332,"3,169"
2333,"10,40,44"
2334,"23,169"
2335,"23,76"
2336,"40,162"
2337,"0,10"
2338,"3,35"
2339,"3,50"
2340,"3,50"
2341,"10,40,44"
2342,"3,35"
2343,"10,23"
2344,"40,169"
2345,"3,35"
2346,"23,76"
2347,"10,44"
2348,"3,35"
2349,"40,169"
2350,"10,44"
2351,"10,44"
2352,"3,35"
2353,"10,44"
2354,"0,249"
2355,"10,44"
2356,"3,169"
2357,"40,169"
2358,"169,223"
2359,"23,40,44"
2360,"0,249"
2361,"10,40,44"
2362,"3,169"
2363,"40,162"
2364,"3,40"
2365,"40,162"
2366,"0,10"
2367,"23,40"
2368,"23,76"
2369,"10,40,44"
2370,"3,50"
2371,"23,76"
2372,"3,23"
2373,"10,44"
2374,"10,220"
2375,"10,44"
2376,"3,50"
2377,"10,40,44"
2378,"3,35"
2379,"40,44,162"
2380,"0,3"
2381,"0,3"
2382,"3,40"
2383,"3,35"
2384,"10,40"
2385,"3,35"
2386,"40,162"
2387,"40,169"
2388,"10,40,44"
2389,"169,251"
2390,"3,50"
2391,"10,44"
2392,"40,169"
2393,"3,35"
2394,"10,40,44"
2395,"0,40"
2396,"10,23"
2397,"10,40,44"
2398,"40,169"
2399,"3,40"
2400,"23,40"
2401,"23,76"
2402,"3,169"
2403,"0,211"
2404,"3,40"
2405,"10,23"
2406,"3,40"
2407,"10,44"
2408,"23,76"
2409,"10,40,44"
2410,"10,23"
2411,"3,40"
2412,"3,40"
2413,"3,40"
2414,"10,40,44"
2415,"3,50"
2416,"23,76"
2417,"3,10"
2418,"10,23,44"
2419,"10,65"
2420,"3,169"
2421,"23,76"
2422,"3,50"
2423,"3,50"
2424,"3,40"
2425,"10,65"
2426,"3,50"
2427,"0,169"
2428,"23,76"
2429,"0,3"
2430,"23,76"
2431,"40,162"
2432,"0,211"
2433,"0,3"
2434,"3,35"
2435,"3,40"
2436,"169,223"
2437,"23,76"
2438,"169,223"
2439,"3,40"
2440,"10,40,44"
2441,"0,23"
2442,"10,65"
2443,"3,50"
2444,"40,162"
2445,"40,151"
2446,"23,76"
2447,"23,76"
2448,"40,162"
2449,"10,44"
2450,"3,169"
2451,"0,40"
2452,"40,162"
2453,"40,162"
2454,"3,40"
2455,"0,249"
2456,"40,162"
2457,"40,169"
2458,"23,40,169"
2459,"10,44"
2460,"3,169"
2461,"10,40,44"
2462,"3,35"
2463,"3,35"
2464,"10,65"
2465,"0,169"
2466,"10,40"
2467,"169,223"
2468,"10,220"
2469,"23,169"
2470,"10,40"
2471,"10,40"
2472,"40,162"
2473,"3,35"
2474,"40,162"
2475,"3,169"
2476,"3,50"
2477,"10,23"
2478,"3,169"
2479,"3,40"
2480,"23,76"
2481,"40,169"
2482,"10,44"
2483,"3,50"
2484,"23,76"
2485,"23,169"
2486,"0,211"
2487,"0,3"
2488,"40,44"
2489,"3,35"
2490,"3,35"
2491,"0,23"
2492,"0,211"
2493,"10,40,44"
2494,"0,211"
2495,"10,40"
2496,"40,162"
2497,"23,76"
2498,"3,40"
2499,"40,169"
2500,"40,169"
2501,"3,35"
2502,"0,23"
2503,"0,3,40"
2504,"40,162"
2505,"0,23"
2506,"40,162"
2507,"3,35"
2508,"23,169"
2509,"40,44"
2510,"23,76"
2511,"3,40"
2512,"0,249"
2513,"40,162"
2514,"10,40"
2515,"3,50"
2516,"10,40,44"
2517,"23,76"
2518,"10,40"
2519,"40,162"
2520,"10,40,44"
2521,"3,40"
2522,"3,40"
2523,"169,223"
2524,"10,40,44"
2525,"0,23"
2526,"10,23"
2527,"23,40"
2528,"10,40,44"
2529,"0,23"
2530,"3,10"
2531,"23,76"
2532,"0,249"
2533,"10,44,169"
2534,"0,40"
2535,"40,162"
2536,"3,40"
2537,"23,76"
2538,"3,40"
2539,"3,10"
2540,"10,44"
2541,"3,169"
2542,"0,23"
2543,"40,151"
2544,"0,3"
2545,"40,162"
2546,"10,23"
2547,"3,40,169"
2548,"3,40"
2549,"23,76"
2550,"40,169"
2551,"10,44"
2552,"3,40"
2553,"3,23,40"
2554,"10,44"
2555,"3,50"
2556,"10,44"
2557,"3,50"
2558,"40,169"
2559,"40,151"
2560,"10,40"
2561,"3,50"
2562,"0,3,169"
2563,"0,169"
2564,"40,151"
2565,"10,23,169"
2566,"40,162"
2567,"3,50"
2568,"0,3"
2569,"10,44"
2570,"0,249"
2571,"3,40"
2572,"10,23"
2573,"23,169"
2574,"3,23"
2575,"23,76"
2576,"3,35"
2577,"23,76"
2578,"3,40"
2579,"10,44"
2580,"23,40"
2581,"10,220"
2582,"0,249"
2583,"40,162"
2584,"3,50"
2585,"169,452"
2586,"40,44"
2587,"3,40"
2588,"3,40"
2589,"10,23"
2590,"3,50"
2591,"0,249"
2592,"3,40"
2593,"10,44"
2594,"3,35"
2595,"169,223"
2596,"23,40"
2597,"23,40"
2598,"40,162"
2599,"0,40"
2600,"3,23,40"
2601,"0,211"
2602,"40,162"
2603,"40,162"
2604,"3,35"
2605,"23,76"
2606,"0,249"
2607,"23,40"
2608,"23,76"
2609,"40,162"
2610,"23,76"
2611,"0,23"
2612,"23,76"
2613,"40,44,162"
2614,"23,40"
2615,"40,162"
2616,"23,76"
2617,"10,44"
2618,"0,249"
2619,"169,274"
2620,"3,40"
2621,"0,249"
2622,"169,274"
2623,"3,50"
2624,"3,35"
2625,"0,3"
2626,"3,40"
2627,"3,50"
2628,"10,40"
2629,"0,23"
2630,"23,40"
2631,"40,162"
2632,"3,50"
2633,"23,76"
2634,"3,40"
2635,"23,169"
2636,"10,40,44"
2637,"3,169"
2638,"3,23"
2639,"3,35"
2640,"23,76"
2641,"40,162"
2642,"40,44"
2643,"3,169"
2644,"3,40"
2645,"3,50"
2646,"40,169"
2647,"3,50"
2648,"0,23"
2649,"0,249"
2650,"23,40"
2651,"3,35"
2652,"10,44"
2653,"3,35"
2654,"40,162"
2655,"10,23"
2656,"40,162"
2657,"23,40"
2658,"10,23"
2659,"10,44"
2660,"3,50"
2661,"3,50"
2662,"3,50"
2663,"23,76"
2664,"40,169"
2665,"23,76"
2666,"3,40"
2667,"3,50"
2668,"3,35"
2669,"23,76"
2670,"10,23"
2671,"10,44"
2672,"3,35"
2673,"23,40"
2674,"10,44"
2675,"3,40"
2676,"40,162"
2677,"3,40"
2678,"3,40"
2679,"3,10"
2680,"0,3"
2681,"0,169"
2682,"23,76"
2683,"3,35"
2684,"0,249"
2685,"10,44"
2686,"3,35"
2687,"23,169"
2688,"3,35"
2689,"3,40"
2690,"3,40"
2691,"169,223"
2692,"40,162"
2693,"23,40"
2694,"3,169"
2695,"40,169"
2696,"40,162"
2697,"10,44"
2698,"3,40"
2699,"40,162"
2700,"40,151"
2701,"3,50"
2702,"10,220"
2703,"3,50"
2704,"3,40"
2705,"169,259"
2706,"10,44"
2707,"3,169"
2708,"0,3"
2709,"3,169"
2710,"3,40"
2711,"23,40"
2712,"0,169"
2713,"10,65"
2714,"3,40,44"
2715,"3,169"
2716,"0,249"
2717,"3,169"
2718,"0,169"
2719,"169,259"
2720,"40,44"
2721,"23,76"
2722,"0,23"
2723,"169,223"
2724,"23,76"
2725,"0,23"
2726,"3,35"
2727,"23,76"
2728,"10,220"
2729,"23,169"
2730,"40,162"
2731,"3,35"
2732,"3,23"
2733,"40,162"
2734,"10,65"
2735,"10,40,44"
2736,"10,40,44"
2737,"3,35"
2738,"169,223"
2739,"10,44"
2740,"40,169"
2741,"23,40"
2742,"3,40"
2743,"23,76"
2744,"3,35"
2745,"23,76"
2746,"10,44"
2747,"40,151"
2748,"40,162"
2749,"23,76"
2750,"10,40,44"
2751,"40,162"
2752,"3,40"
2753,"3,10"
2754,"23,76"
2755,"10,44"
2756,"0,249"
2757,"23,76"
2758,"10,44"
2759,"10,44"
2760,"3,35"
2761,"0,249"
2762,"23,76"
2763,"10,23"
2764,"3,50"
2765,"0,249"
2766,"3,40"
2767,"3,23"
2768,"40,162"
2769,"40,162"
2770,"169,223"
2771,"10,44"
2772,"40,162"
2773,"10,23"
2774,"3,35"
2775,"10,40,44"
2776,"23,40"
2777,"3,35"
2778,"0,249"
2779,"0,169"
2780,"3,169"
2781,"0,249"
2782,"0,3"
2783,"10,40,44"
2784,"3,50"
2785,"0,10"
2786,"23,76"
2787,"23,76"
2788,"169,223"
2789,"23,76"
2790,"3,40"
2791,"40,162"
2792,"3,169"
2793,"169,223"
2794,"3,35"
2795,"40,162"
2796,"40,162"
2797,"0,249"
2798,"3,40"
2799,"0,10"
2800,"40,162"
2801,"169,223"
2802,"10,44"
2803,"3,40"
2804,"0,23"
2805,"10,23"
2806,"40,162"
2807,"3,40"
2808,"10,40,44"
2809,"10,65"
2810,"0,249"
2811,"3,50"
2812,"0,211"
2813,"10,65"
2814,"3,23,40"
2815,"3,40"
2816,"40,169"
2817,"3,23"
2818,"3,50"
2819,"3,40,169"
2820,"3,50"
2821,"3,50"
2822,"23,76"
2823,"40,169"
2824,"169,223"
2825,"10,23"
2826,"3,169"
2827,"3,40"
2828,"23,76"
2829,"0,249"
2830,"3,40"
2831,"40,162"
2832,"23,40"
2833,"40,162"
2834,"40,169"
2835,"3,50"
2836,"23,76"
2837,"10,40,44"
2838,"40,169"
2839,"40,169"
2840,"3,50"
2841,"40,162"
2842,"10,44"
2843,"3,169"
2844,"3,35"
2845,"3,50"
2846,"10,44"
2847,"3,23"
2848,"0,211"
2849,"10,40"
2850,"169,452"
2851,"3,50"
2852,"23,76"
2853,"3,40"
2854,"40,162"
2855,"0,3"
2856,"3,169"
2857,"23,76"
2858,"3,50"
2859,"40,162"
2860,"3,169"
2861,"23,40"
2862,"3,35"
2863,"3,50"
2864,"3,35"
2865,"40,162"
2866,"23,40,76"
2867,"0,3"
2868,"23,169"
2869,"23,40"
2870,"0,249"
2871,"40,162"
2872,"10,65"
2873,"0,211"
2874,"40,162"
2875,"0,40"
2876,"40,162"
2877,"10,23"
2878,"0,40"
2879,"3,35"
2880,"0,23"
2881,"23,76"
2882,"40,169"
2883,"3,40"
2884,"0,10"
2885,"10,44"
2886,"3,50"
2887,"0,23"
2888,"23,40"
2889,"10,40,44"
2890,"10,40,44"
2891,"3,40"
2892,"3,35"
2893,"23,76"
2894,"23,76"
2895,"23,76"
2896,"0,211"
2897,"10,23"
2898,"3,40"
2899,"23,40"
2900,"40,162"
2901,"3,35"
2902,"10,40,44"
2903,"0,3"
2904,"10,44"
2905,"3,50"
2906,"0,3"
2907,"3,40"
2908,"3,50"
2909,"3,10"
2910,"23,40"
2911,"23,40"
2912,"40,169"
2913,"40,162"
2914,"0,23"
2915,"23,76"
2916,"0,249"
2917,"10,44"
2918,"169,323"
2919,"0,249"
2920,"10,65"
2921,"40,151"
2922,"3,40"
2923,"40,162"
2924,"40,169"
2925,"3,169"
2926,"3,40"
2927,"3,169"
2928,"40,162"
2929,"10,23"
2930,"40,162"
2931,"23,76"
2932,"23,76"
2933,"3,40"
2934,"10,40"
2935,"3,50"
2936,"3,40"
2937,"3,35"
2938,"10,23"
2939,"3,50"
2940,"10,40,44"
2941,"3,50"
2942,"40,162"
2943,"23,76"
2944,"40,151"
2945,"3,40"
2946,"10,40,44"
2947,"23,76"
2948,"10,23"
2949,"40,162"
2950,"3,35"
2951,"3,169"
2952,"3,169"
2953,"40,162"
2954,"10,23,44"
2955,"10,23"
2956,"3,35"
2957,"10,44"
2958,"0,3"
2959,"0,3"
2960,"3,35"
2961,"3,23"
2962,"40,169"
2963,"23,40"
2964,"0,249"
2965,"23,40,169"
2966,"40,162"
2967,"10,44"
2968,"23,40"
2969,"23,76"
2970,"40,162"
2971,"0,169"
2972,"3,23"
2973,"0,249"
2974,"3,40"
2975,"3,35"
2976,"3,40"
2977,"10,65"
2978,"3,35"
2979,"40,162"
2980,"10,44"
2981,"40,162"
2982,"40,162"
2983,"10,40,44"
2984,"23,40"
2985,"40,162"
2986,"10,40"
2987,"40,151"
2988,"3,23"
2989,"10,40,44"
2990,"3,50"
2991,"10,40,44"
2992,"23,76"
2993,"10,40,44"
2994,"23,76"
2995,"10,44"
2996,"3,40"
2997,"3,40"
2998,"23,40"
2999,"40,162"
3000,"23,76"
3001,"3,169"
3002,"10,44"
3003,"23,76"
3004,"40,169"
3005,"3,50"
3006,"0,23"
3007,"40,162"
3008,"23,76"
3009,"3,40"
3010,"3,40"
3011,"10,40,44"
3012,"40,169"
3013,"10,65"
3014,"0,211"
3015,"3,40"
3016,"23,40"
3017,"23,40,169"
3018,"3,10,23"
3019,"10,23,44"
3020,"3,40"
3021,"3,40"
3022,"40,44"
3023,"10,40"
3024,"3,40"
3025,"40,162"
3026,"3,23"
3027,"10,44"
3028,"40,169"
3029,"3,40"
3030,"0,249"
3031,"40,44,169"
3032,"3,40"
3033,"0,249"
3034,"23,40,44"
3035,"0,40"
3036,"3,35"
3037,"3,35"
3038,"3,169"
3039,"23,40,169"
3040,"23,76"
3041,"40,162"
3042,"3,169"
3043,"169,323"
3044,"3,35"
3045,"3,40"
3046,"10,23,44"
3047,"3,35"
3048,"3,50"
3049,"3,50"
3050,"40,151"
3051,"23,76"
3052,"0,249"
3053,"23,40"
3054,"3,35"
3055,"40,162"
3056,"169,452"
3057,"10,44"
3058,"3,35"
3059,"10,23"
3060,"10,44"
3061,"0,23"
3062,"3,40"
3063,"10,23,44"
3064,"10,40,44"
3065,"169,223"
3066,"23,40"
3067,"23,76"
3068,"0,23"
3069,"3,23"
3070,"0,249"
3071,"3,40"
3072,"23,76"
3073,"40,169"
3074,"169,337"
3075,"3,40"
3076,"3,50"
3077,"3,169"
3078,"3,169"
3079,"0,23"
3080,"3,40"
3081,"10,23,40"
3082,"10,44"
3083,"3,10"
3084,"10,44"
3085,"3,35"
3086,"40,162"
3087,"3,40"
3088,"10,44"
3089,"23,76"
3090,"3,50"
3091,"10,44"
3092,"40,44"
3093,"23,76"
3094,"23,76"
3095,"40,151"
3096,"40,162"
3097,"0,23"
3098,"0,23"
3099,"23,40"
3100,"3,35"
3101,"3,40"
3102,"23,40"
3103,"40,151"
3104,"40,162"
3105,"10,65"
3106,"3,10,23"
3107,"169,274"
3108,"3,35"
3109,"169,223"
3110,"3,40"
3111,"10,40,44"
3112,"40,169"
3113,"3,50"
3114,"3,40"
3115,"3,40,169"
3116,"3,50"
3117,"40,162"
3118,"3,40"
3119,"40,162"
3120,"23,40"
3121,"10,44"
3122,"23,76"
3123,"40,169"
3124,"40,44"
3125,"169,259"
3126,"10,44"
3127,"3,35"
3128,"10,40,44"
3129,"3,35"
3130,"10,40,44"
3131,"3,169"
3132,"3,40"
3133,"3,169"
3134,"3,35"
3135,"3,50"
3136,"10,40,44"
3137,"3,35"
3138,"3,35"
3139,"3,50"
3140,"3,50"
3141,"3,40"
3142,"3,50"
3143,"10,40"
3144,"0,249"
3145,"23,40"
3146,"3,10"
3147,"3,40"
3148,"23,76"
3149,"3,40"
3150,"3,35"
3151,"23,76"
3152,"40,162"
3153,"3,35"
3154,"40,162"
3155,"3,35"
3156,"3,40"
3157,"10,220"
3158,"0,23"
3159,"23,76"
3160,"40,169"
3161,"3,50"
3162,"23,40,76"
3163,"40,162"
3164,"10,40,44"
3165,"40,44,169"
3166,"0,249"
3167,"169,223"
3168,"3,50"
3169,"3,169"
3170,"3,50"
3171,"40,169"
3172,"23,40"
3173,"40,162"
3174,"23,169"
3175,"0,23"
3176,"0,249"
3177,"23,76"
3178,"23,76"
3179,"23,76"
3180,"10,40,44"
3181,"3,50"
3182,"3,40,169"
3183,"23,76"
3184,"3,40"
3185,"40,162"
3186,"23,76"
3187,"10,44"
3188,"23,76"
3189,"10,40,44"
3190,"40,169"
3191,"169,223"
3192,"23,76"
3193,"40,169"
3194,"40,162"
3195,"3,40"
3196,"169,274"
3197,"0,249"
3198,"23,40"
3199,"0,3,23"
3200,"23,76"
3201,"23,40"
3202,"0,169"
3203,"40,162"
3204,"10,44"
3205,"40,162"
3206,"3,40"
3207,"40,169"
3208,"40,162"
3209,"3,40"
3210,"3,50"
3211,"10,23"
3212,"3,23,40"
3213,"40,162"
3214,"40,169"
3215,"3,169"
3216,"10,44"
3217,"23,76"
3218,"40,162"
3219,"3,10"
3220,"40,169"
3221,"23,40"
3222,"0,249"
3223,"0,249"
3224,"10,23"
3225,"3,40"
3226,"10,23"
3227,"23,76"
3228,"40,169"
3229,"0,249"
3230,"0,249"
3231,"40,169"
3232,"23,76"
3233,"10,40,44"
3234,"23,76"
3235,"3,169"
3236,"40,162"
3237,"23,40,76"
3238,"10,220"
3239,"40,162"
3240,"10,23,40"
3241,"3,35"
3242,"10,23"
3243,"40,44,169"
3244,"40,44"
3245,"10,44"
3246,"23,40"
3247,"10,44"
3248,"10,44"
3249,"3,23"
3250,"10,44"
3251,"3,40"
3252,"3,40"
3253,"40,162"
3254,"3,50"
3255,"0,249"
3256,"0,23"
3257,"0,249"
3258,"3,35"
3259,"3,35"
3260,"3,35"
3261,"10,23"
3262,"10,23"
3263,"3,40,169"
3264,"23,40"
3265,"10,65"
3266,"3,40"
3267,"0,249"
3268,"0,249"
3269,"10,40,44"
3270,"10,40,44"
3271,"23,76"
3272,"0,211"
3273,"40,44"
3274,"3,40"
3275,"40,151"
3276,"10,23,40"
3277,"3,23"
3278,"40,169"
3279,"3,169"
3280,"23,169"
3281,"3,40"
3282,"3,169"
3283,"40,162"
3284,"23,40,169"
3285,"3,35"
3286,"0,23"
3287,"0,211"
3288,"3,35"
3289,"40,162"
3290,"3,35"
3291,"10,23,40"
3292,"169,223"
3293,"23,40"
3294,"3,35"
3295,"3,40"
3296,"3,40"
3297,"10,220"
3298,"3,40"
3299,"3,169"
3300,"3,50"
3301,"23,40"
3302,"40,44"
3303,"23,76"
3304,"169,223"
3305,"0,249"
3306,"10,40,44"
3307,"10,44"
3308,"0,3"
3309,"23,40"
3310,"0,23"
3311,"10,44"
3312,"3,40"
3313,"10,65"
3314,"3,40"
3315,"23,76"
3316,"0,3"
3317,"0,249"
3318,"3,40"
3319,"0,3"
3320,"3,50"
3321,"169,259"
3322,"10,40,44"
3323,"3,40"
3324,"3,40"
3325,"3,50"
3326,"23,76"
3327,"10,23,40"
3328,"10,220"
3329,"3,50"
3330,"3,40"
3331,"10,40"
3332,"0,249"
3333,"3,50"
3334,"3,169"
3335,"10,23,40"
3336,"3,35"
3337,"3,35"
3338,"3,169"
3339,"0,3"
3340,"23,40"
3341,"23,76"
3342,"3,50"
3343,"3,169"
3344,"40,169"
3345,"10,220"
3346,"0,23"
3347,"0,3"
3348,"0,249"
3349,"10,220"
3350,"10,169"
3351,"0,249"
3352,"23,40,76"
3353,"40,151"
3354,"40,162"
3355,"3,35"
3356,"40,162"
3357,"3,35"
3358,"40,162"
3359,"23,76"
3360,"0,211"
3361,"10,40,44"
3362,"3,50"
3363,"40,162"
3364,"40,44"
3365,"3,50"
3366,"3,40"
3367,"40,162"
3368,"0,23"
3369,"0,249"
3370,"0,249"
3371,"3,35"
3372,"3,50"
3373,"10,23"
3374,"40,162"
3375,"10,23"
3376,"10,44"
3377,"23,40"
3378,"40,169"
3379,"23,40"
3380,"40,162"
3381,"0,211"
3382,"23,40"
3383,"10,65"
3384,"40,162"
3385,"23,40"
3386,"40,162"
3387,"40,169"
3388,"0,211"
3389,"3,40"
3390,"3,40"
3391,"23,76"
3392,"10,44"
3393,"40,162"
3394,"3,169"
3395,"10,40"
3396,"40,44"
3397,"10,44"
3398,"23,76"
3399,"23,40"
3400,"10,40,44"
3401,"3,50"
3402,"23,76"
3403,"0,23,40"
3404,"10,40"
3405,"10,40"
3406,"40,169"
3407,"3,35"
3408,"10,23"
3409,"23,40"
3410,"3,23,40"
3411,"40,169"
3412,"23,76"
3413,"10,44"
3414,"23,76"
3415,"23,76"
3416,"23,40"
3417,"40,44"
3418,"23,40"
3419,"23,40"
3420,"0,10"
3421,"10,44"
3422,"23,76"
3423,"40,162"
3424,"0,249"
3425,"23,40,76"
3426,"0,249"
3427,"0,40"
3428,"3,50"
3429,"40,44"
3430,"3,35"
3431,"40,169"
3432,"3,40"
3433,"40,162"
3434,"23,76"
3435,"3,40"
3436,"0,23"
3437,"10,23"
3438,"23,76"
3439,"40,162"
3440,"40,162"
3441,"10,40,44"
3442,"0,3,249"
3443,"0,169"
3444,"23,40"
3445,"3,35"
3446,"40,151"
3447,"23,40,44"
3448,"40,151"
3449,"3,50"
3450,"0,249"
3451,"40,169"
3452,"0,23"
3453,"3,50"
3454,"3,50"
3455,"0,23"
3456,"3,50"
3457,"3,35"
3458,"40,169"
3459,"23,76"
3460,"40,162"
3461,"23,76"
3462,"40,162"
3463,"3,35"
3464,"23,76"
3465,"40,162"
3466,"10,23"
3467,"3,50"
3468,"3,50"
3469,"3,35"
3470,"3,35"
3471,"0,211"
3472,"3,50"
3473,"40,44"
3474,"10,44"
3475,"3,10"
3476,"0,169"
3477,"3,50"
3478,"23,76"
3479,"10,44"
3480,"23,76"
3481,"23,76"
3482,"3,40"
3483,"3,169"
3484,"3,50"
3485,"3,40"
3486,"3,35"
3487,"169,223"
3488,"23,169"
3489,"3,35"
3490,"23,40"
3491,"23,76"
3492,"3,40"
3493,"40,162"
3494,"3,50"
3495,"23,40"
3496,"3,169"
3497,"23,76"
3498,"169,223"
3499,"0,249"
3500,"0,169"
3501,"3,50"
3502,"40,162"
3503,"10,40,44"
3504,"169,223"
3505,"3,35"
3506,"10,44"
3507,"23,76"
3508,"10,44"
3509,"0,249"
3510,"0,249"
3511,"3,10"
3512,"23,76"
3513,"23,40"
3514,"3,40"
3515,"23,76"
3516,"169,274"
3517,"10,44"
3518,"40,162"
3519,"40,44"
3520,"3,40"
3521,"10,23"
3522,"40,44"
3523,"40,151"
3524,"3,40"
3525,"10,23"
3526,"169,452"
3527,"3,40"
3528,"3,35"
3529,"40,162"
3530,"3,169"
3531,"10,220"
3532,"23,40"
3533,"23,76"
3534,"3,35"
3535,"169,259"
3536,"3,35"
3537,"3,35"
3538,"3,35"
3539,"3,35"
3540,"23,76"
3541,"23,76"
3542,"0,249"
3543,"3,35"
3544,"40,162"
3545,"23,40"
3546,"0,249"
3547,"40,162"
3548,"23,40"
3549,"40,169"
3550,"23,76"
3551,"40,162"
3552,"0,40"
3553,"40,169"
3554,"3,35"
3555,"0,23"
3556,"3,40"
3557,"40,162"
3558,"23,76"
3559,"3,169"
3560,"40,169"
3561,"3,50"
3562,"3,40"
3563,"3,40"
3564,"10,23"
3565,"3,35"
3566,"3,40"
3567,"23,40"
3568,"3,35"
3569,"3,169"
3570,"40,162"
3571,"23,76"
3572,"10,44"
3573,"3,169"
3574,"3,40"
3575,"10,44"
3576,"23,40"
3577,"0,10"
3578,"23,40"
3579,"40,162"
3580,"10,44"
3581,"0,249"
3582,"10,40,44"
3583,"3,23"
3584,"40,169"
3585,"3,50"
3586,"23,76"
3587,"3,35"
3588,"40,162"
3589,"23,40"
3590,"10,220"
3591,"0,249"
3592,"23,169"
3593,"23,169"
3594,"23,40"
3595,"23,76"
3596,"3,169"
3597,"3,23"
3598,"3,23,40"
3599,"40,169"
3600,"3,50"
3601,"3,40"
3602,"3,35"
3603,"3,40"
3604,"3,35"
3605,"10,23"
3606,"0,249"
3607,"3,40"
3608,"23,76"
3609,"3,35"
3610,"3,50"
3611,"3,50"
3612,"10,23,44"
3613,"40,162"
3614,"3,35"
3615,"0,249"
3616,"23,40,44"
3617,"10,40"
3618,"23,169"
3619,"3,40"
3620,"0,23"
3621,"40,169"
3622,"10,23"
3623,"3,50"
3624,"3,40"
3625,"10,23"
3626,"23,40"
3627,"40,162"
3628,"40,162"
3629,"3,40"
3630,"23,40"
3631,"10,65"
3632,"23,76"
3633,"40,169"
3634,"0,23"
3635,"3,50"
3636,"10,44"
3637,"40,162"
3638,"3,35"
3639,"10,40"
3640,"10,40,44"
3641,"3,35"
3642,"10,40,44"
3643,"40,162"
3644,"3,40"
3645,"3,35"
3646,"10,40,44"
3647,"3,35"
3648,"169,337"
3649,"23,76"
3650,"3,169"
3651,"3,35"
3652,"23,40"
3653,"40,169"
3654,"23,76"
3655,"3,40"
3656,"10,40,44"
3657,"10,40,44"
3658,"3,35"
3659,"0,249"
3660,"169,223"
3661,"10,40,44"
3662,"0,40"
3663,"3,40"
3664,"40,44"
3665,"10,65"
3666,"0,23"
3667,"10,44"
3668,"3,40"
3669,"40,162"
3670,"23,40"
3671,"10,40"
3672,"3,50"
3673,"3,50"
3674,"10,40,44"
3675,"40,162"
3676,"23,76"
3677,"3,50"
3678,"0,23"
3679,"0,23"
3680,"3,40"
3681,"3,50"
3682,"169,223"
3683,"3,50"
3684,"3,40"
3685,"3,50"
3686,"40,162"
3687,"0,23"
3688,"3,40"
3689,"40,162"
3690,"3,40"
3691,"40,169"
3692,"23,76"
3693,"40,162"
3694,"3,23,40"
3695,"0,40"
3696,"10,40,44"
3697,"3,40"
3698,"3,35"
3699,"3,50"
3700,"0,169"
3701,"3,40"
3702,"169,223"
3703,"3,40"
3704,"3,23"
3705,"40,169"
3706,"3,40"
3707,"40,151"
3708,"23,76"
3709,"3,40"
3710,"3,50"
3711,"10,44"
3712,"3,35"
3713,"3,35,50"
3714,"10,44"
3715,"10,220"
3716,"0,23"
3717,"10,44"
3718,"23,40,44"
3719,"10,40,44"
3720,"3,35"
3721,"10,44"
3722,"23,40"
3723,"3,35"
3724,"23,76"
3725,"3,50"
3726,"3,50"
3727,"0,23"
3728,"23,76"
3729,"10,40,44"
3730,"23,76"
3731,"3,35"
3732,"0,249"
3733,"10,40,44"
3734,"23,40,44"
3735,"10,44"
3736,"3,169"
3737,"23,40"
3738,"23,76"
3739,"3,40"
3740,"10,23"
3741,"0,249"
3742,"0,23"
3743,"23,76"
3744,"0,211"
3745,"0,211"
3746,"10,220"
3747,"3,50"
3748,"23,76"
3749,"10,40,44"
3750,"3,35"
3751,"23,40"
3752,"0,23"
3753,"3,35"
3754,"23,76"
3755,"40,169"
3756,"3,23"
3757,"10,23,44"
3758,"40,44"
3759,"23,40"
3760,"23,76"
3761,"10,44"
3762,"10,44"
3763,"23,76"
3764,"10,40,44"
3765,"23,40"
3766,"23,76"
3767,"10,220"
3768,"3,10"
3769,"23,169"
3770,"40,162"
3771,"3,35"
3772,"23,76"
3773,"3,40"
3774,"0,249"
3775,"0,249"
3776,"23,40"
3777,"40,162"
3778,"3,35"
3779,"40,151"
3780,"3,35"
3781,"3,40"
3782,"40,151"
3783,"40,162"
3784,"3,40"
3785,"10,40,44"
3786,"3,169"
3787,"0,169"
3788,"0,23"
3789,"3,35"
3790,"3,50"
3791,"0,249"
3792,"0,40"
3793,"10,44"
3794,"10,65"
3795,"40,162"
3796,"10,220"
3797,"3,169"
3798,"40,169"
3799,"23,76"
3800,"169,259"
3801,"3,50"
3802,"40,44"
3803,"10,40,44"
3804,"10,40,44"
3805,"23,40"
3806,"10,40,44"
3807,"10,40,44"
3808,"40,162"
3809,"3,40"
3810,"23,40"
3811,"40,44"
3812,"3,35"
3813,"40,162"
3814,"23,40"
3815,"40,162"
3816,"3,35"
3817,"10,23"
3818,"3,50"
3819,"3,23"
3820,"40,44"
3821,"0,249"
3822,"23,76"
3823,"3,40"
3824,"10,220"
3825,"3,50"
3826,"10,40,44"
3827,"23,40"
3828,"3,35"
3829,"23,40"
3830,"0,3"
3831,"3,50"
3832,"10,40,44"
3833,"40,162"
3834,"3,35"
3835,"10,220"
3836,"0,249"
3837,"3,50"
3838,"0,249"
3839,"10,220"
3840,"0,23"
3841,"40,44"
3842,"23,76"
3843,"3,35"
3844,"0,249"
3845,"3,40"
3846,"10,23"
3847,"40,169"
3848,"10,44"
3849,"40,162"
3850,"3,50"
3851,"0,40,44"
3852,"40,162"
3853,"40,169"
3854,"0,211"
3855,"23,76"
3856,"169,274"
3857,"3,40"
3858,"3,40"
3859,"3,35"
3860,"40,151"
3861,"10,23"
3862,"3,50"
3863,"40,162"
3864,"3,169"
3865,"10,44"
3866,"23,40"
3867,"23,169"
3868,"23,76"
3869,"0,211"
3870,"23,76"
3871,"10,44"
3872,"40,169"
3873,"40,162"
3874,"40,169"
3875,"23,40"
3876,"0,249"
3877,"3,40"
3878,"3,35"
3879,"0,249"
3880,"10,44"
3881,"23,40"
3882,"3,50"
3883,"40,44,162"
3884,"0,249"
3885,"3,40"
3886,"0,23"
3887,"23,76"
3888,"3,50"
3889,"23,169"
3890,"10,44"
3891,"10,23,40"
3892,"0,249"
3893,"3,35"
3894,"40,162"
3895,"3,40"
3896,"3,50"
3897,"3,169"
3898,"23,40"
3899,"23,76"
3900,"3,40"
3901,"0,3,169"
3902,"23,169"
3903,"0,169"
3904,"40,162"
3905,"10,23"
3906,"0,249"
3907,"0,249"
3908,"23,76"
3909,"40,169"
3910,"10,40,44"
3911,"3,40"
3912,"3,40"
3913,"10,65"
3914,"0,10"
3915,"23,76"
3916,"10,169"
3917,"3,40"
3918,"40,162"
3919,"40,162"
3920,"3,40"
3921,"10,44"
3922,"10,23"
3923,"40,162"
3924,"23,76"
3925,"23,76"
3926,"3,10"
3927,"23,40"
3928,"3,40"
3929,"3,40,169"
3930,"3,40"
3931,"10,44"
3932,"10,44"
3933,"10,44"
3934,"3,40"
3935,"0,249"
3936,"3,50"
3937,"23,76"
3938,"10,44"
3939,"40,162"
3940,"10,40"
3941,"23,76"
3942,"0,3"
3943,"3,40,44"
3944,"0,249"
3945,"3,169"
3946,"10,40,44"
3947,"10,40"
3948,"23,40"
3949,"10,40,44"
3950,"0,23"
3951,"3,50"
3952,"23,40"
3953,"10,23"
3954,"10,40,44"
3955,"10,23,44"
3956,"3,40"
3957,"0,249"
3958,"40,162"
3959,"3,23,40"
3960,"10,23"
3961,"23,76"
3962,"3,50"
3963,"10,23"
3964,"23,40"
3965,"23,40"
3966,"0,23"
3967,"10,44"
3968,"10,23"
3969,"0,249"
3970,"3,50"
3971,"40,169"
3972,"3,40"
3973,"3,35"
3974,"0,249"
3975,"0,23"
3976,"3,35"
3977,"3,50"
3978,"3,23"
3979,"0,249"
3980,"10,44"
3981,"10,44"
3982,"0,211"
3983,"0,40"
3984,"0,249"
3985,"40,169"
3986,"10,40"
3987,"10,40,44"
3988,"40,162"
3989,"3,40"
3990,"23,76"
3991,"40,162"
3992,"40,162"
3993,"0,211"
3994,"40,44"
3995,"10,23"
3996,"23,40"
3997,"3,40"
3998,"3,40"
3999,"3,169"
4000,"0,40"
4001,"0,23"
4002,"3,40"
4003,"3,50"
4004,"3,50"
4005,"40,169"
4006,"3,169"
4007,"40,162"
4008,"23,40"
4009,"23,40"
4010,"23,76"
4011,"3,23"
4012,"10,40"
4013,"3,169"
4014,"3,40"
4015,"3,50"
4016,"10,44"
4017,"0,23"
4018,"169,274"
4019,"3,35"
4020,"40,169"
4021,"0,23"
4022,"23,76"
4023,"23,40"
4024,"3,35"
4025,"3,40"
4026,"3,50"
4027,"3,50"
4028,"10,23"
4029,"40,169"
4030,"40,169"
4031,"3,50"
4032,"0,3"
4033,"10,23"
4034,"3,35"
4035,"23,40"
4036,"3,35"
4037,"23,76"
4038,"0,23"
4039,"3,50"
4040,"10,40,44"
4041,"3,35"
4042,"3,40"
4043,"23,40,169"
4044,"3,40"
4045,"10,44"
4046,"0,249"
4047,"3,35"
4048,"0,211"
4049,"0,40"
4050,"0,249"
4051,"23,40"
4052,"3,40"
4053,"169,274"
4054,"0,249"
4055,"40,44"
4056,"3,40"
4057,"10,40"
4058,"3,23,40"
4059,"0,249"
4060,"3,35"
4061,"3,169"
4062,"40,162"
4063,"23,76"
4064,"10,44"
4065,"3,40"
4066,"3,40"
4067,"3,35"
4068,"3,169"
4069,"10,44"
4070,"10,40"
4071,"3,35"
4072,"23,40"
4073,"40,162"
4074,"0,249"
4075,"40,151"
4076,"10,40,44"
4077,"0,249"
4078,"3,40"
4079,"0,249"
4080,"10,40,44"
4081,"10,44"
4082,"23,76"
4083,"169,223"
4084,"40,162"
4085,"0,23"
4086,"40,162"
4087,"3,40"
4088,"23,76"
4089,"40,169"
4090,"23,76"
4091,"23,232"
4092,"3,40"
4093,"3,50"
4094,"3,40"
4095,"23,76"
4096,"10,44"
4097,"40,162"
4098,"3,23"
4099,"23,40"
4100,"10,44"
4101,"40,44"
4102,"3,23"
4103,"0,211"
4104,"23,40,76"
4105,"40,169"
4106,"23,76"
4107,"23,76"
4108,"10,40,44"
4109,"3,50"
4110,"3,40"
4111,"40,44"
4112,"10,44"
4113,"40,44"
4114,"10,40,44"
4115,"0,10"
4116,"3,40"
4117,"10,65"
4118,"3,23"
4119,"40,162"
4120,"3,35"
4121,"10,44"
4122,"3,50"
4123,"0,249"
4124,"23,40"
4125,"23,76"
4126,"3,35"
4127,"40,162"
4128,"23,169"
4129,"23,76"
4130,"23,40"
4131,"40,162"
4132,"3,35"
4133,"3,40"
4134,"23,40"
4135,"3,23"
4136,"3,35"
4137,"3,35"
4138,"3,169"
4139,"0,23"
4140,"3,35"
4141,"40,162"
4142,"0,169"
4143,"40,162"
4144,"40,162"
4145,"10,40,44"
4146,"3,40"
4147,"3,40"
4148,"23,169"
4149,"40,169"
4150,"40,169"
4151,"3,50"
4152,"10,44"
4153,"3,169"
4154,"40,162"
4155,"40,162"
4156,"0,10"
4157,"10,65"
4158,"3,40"
4159,"23,40"
4160,"0,169"
4161,"0,211"
4162,"40,162"
4163,"3,169"
4164,"10,23"
4165,"3,35"
4166,"10,23"
4167,"23,76"
4168,"40,169"
4169,"3,40"
4170,"3,50"
4171,"3,40"
4172,"3,35"
4173,"0,23"
4174,"23,76"
4175,"3,35"
4176,"0,249"
4177,"3,50"
4178,"10,23"
4179,"0,211"
4180,"0,249"
4181,"40,162"
4182,"23,76"
4183,"10,40,44"
4184,"23,40"
4185,"10,220"
4186,"23,76"
4187,"23,40"
4188,"10,44"
4189,"23,76"
4190,"23,40"
4191,"23,76"
4192,"10,44"
4193,"0,249"
4194,"3,35"
4195,"3,169"
4196,"0,23"
4197,"3,40"
4198,"3,50"
4199,"23,40"
4200,"3,40"
4201,"10,65"
4202,"0,23"
4203,"40,162"
4204,"10,40,44"
4205,"10,220"
4206,"23,40"
4207,"23,76"
4208,"10,40,44"
4209,"3,35"
4210,"23,76"
4211,"10,44"
4212,"169,251"
4213,"10,23"
4214,"0,3"
4215,"10,23"
4216,"3,40"
4217,"0,23"
4218,"0,23"
4219,"169,274"
4220,"40,162"
4221,"23,76"
4222,"0,211"
4223,"3,169"
4224,"3,50"
4225,"3,40"
4226,"23,40"
4227,"3,10"
4228,"3,169"
4229,"40,162"
4230,"3,50"
4231,"10,23,40"
4232,"10,40,44"
4233,"23,40"
4234,"3,40"
4235,"40,151"
4236,"23,76"
4237,"3,35"
4238,"23,76"
4239,"23,76"
4240,"23,76"
4241,"3,35"
4242,"3,50"
4243,"10,23"
4244,"3,50"
4245,"0,23"
4246,"0,23"
4247,"23,40"
4248,"3,35"
4249,"23,40"
4250,"3,50"
4251,"10,23"
4252,"169,452"
4253,"23,40,76"
4254,"10,40,44"
4255,"3,35"
4256,"40,162"
4257,"10,44"
4258,"3,35"
4259,"3,35"
4260,"0,249"
4261,"3,35"
4262,"3,50"
4263,"40,162"
4264,"3,40"
4265,"23,76"
4266,"3,50"
4267,"10,44"
4268,"3,40"
4269,"10,40,44"
4270,"3,10"
4271,"3,50"
4272,"3,35"
4273,"0,249"
4274,"23,40,44"
4275,"169,274"
4276,"40,169"
4277,"169,223"
4278,"3,169"
4279,"3,40"
4280,"3,23"
4281,"23,169"
4282,"23,76"
4283,"40,169"
4284,"40,162"
4285,"23,40,169"
4286,"10,40"
4287,"40,162"
4288,"10,220"
4289,"10,44"
4290,"23,76"
4291,"23,76"
4292,"10,40,44"
4293,"23,40"
4294,"3,40"
4295,"40,162"
4296,"23,40"
4297,"0,249"
4298,"40,162"
4299,"10,40,44"
4300,"10,40,44"
4301,"169,223"
4302,"40,162"
4303,"10,44"
4304,"23,40"
4305,"0,249"
4306,"10,44"
4307,"40,162"
4308,"23,169"
4309,"10,23"
4310,"23,76"
4311,"169,223"
4312,"40,162"
4313,"40,151"
4314,"10,65"
4315,"3,35"
4316,"10,40,44"
4317,"23,76"
4318,"23,76"
4319,"23,76"
4320,"23,40"
4321,"40,151"
4322,"10,40,44"
4323,"23,40,76"
4324,"40,169"
4325,"23,40,76"
4326,"3,23"
4327,"23,76"
4328,"10,44"
4329,"40,162"
4330,"23,76"
4331,"3,23"
4332,"23,76"
4333,"3,40"
4334,"40,162"
4335,"3,23"
4336,"10,44"
4337,"3,40"
4338,"3,50"
4339,"3,40"
4340,"3,50"
4341,"23,40"
4342,"40,151"
4343,"40,162"
4344,"10,40,44"
4345,"3,50"
4346,"3,169"
4347,"10,44"
4348,"44,169"
4349,"3,50"
4350,"3,35"
4351,"10,44"
4352,"10,23"
4353,"23,40"
4354,"0,169"
4355,"169,323"
4356,"3,40"
4357,"40,162"
4358,"3,50"
4359,"40,162"
4360,"23,40"
4361,"40,169"
4362,"10,44"
4363,"0,40"
4364,"0,23"
4365,"40,151"
4366,"3,40"
4367,"23,40,76"
4368,"23,76"
4369,"0,169"
4370,"3,40"
4371,"3,50"
4372,"10,44"
4373,"23,76"
4374,"3,40"
4375,"3,50"
4376,"23,40"
4377,"40,162"
4378,"3,40"
4379,"3,35"
4380,"3,50"
4381,"10,220"
4382,"23,40,76"
4383,"40,162"
4384,"3,50"
4385,"3,35"
4386,"10,65"
4387,"3,50"
4388,"10,220"
4389,"10,40,44"
4390,"40,151"
4391,"40,44"
4392,"23,40"
4393,"23,76"
4394,"169,223"
4395,"10,23"
4396,"10,220"
4397,"3,40"
4398,"23,40"
4399,"3,50"
4400,"23,40"
4401,"23,76"
4402,"40,169"
4403,"0,10"
4404,"10,40,44"
4405,"3,50"
4406,"23,40,44"
4407,"10,23"
4408,"169,223"
4409,"3,40"
4410,"23,40"
4411,"23,76"
4412,"0,3,169"
4413,"3,40"
4414,"3,40"
4415,"3,40"
4416,"40,162"
4417,"0,23"
4418,"169,323"
4419,"3,169"
4420,"3,23"
4421,"23,40"
4422,"3,50"
4423,"23,169"
4424,"0,249"
4425,"10,44"
4426,"0,23"
4427,"23,40"
4428,"10,23"
4429,"0,211"
4430,"3,40"
4431,"3,35"
4432,"10,44"
4433,"3,169"
4434,"40,162"
4435,"3,40"
4436,"3,50"
4437,"3,35"
4438,"0,169"
4439,"10,23"
4440,"23,40"
4441,"10,40,44"
4442,"3,23,40"
4443,"3,35"
4444,"0,249"
4445,"10,44"
4446,"40,44"
4447,"10,40,44"
4448,"40,162"
4449,"10,65"
4450,"3,50"
4451,"3,23"
4452,"169,323"
4453,"23,40"
4454,"10,23"
4455,"40,162"
4456,"3,40"
4457,"10,220"
4458,"23,76"
4459,"23,40"
4460,"10,44"
4461,"3,40"
4462,"10,44"
4463,"3,35"
4464,"10,65"
4465,"3,169"
4466,"3,169"
4467,"10,23"
4468,"3,40"
4469,"10,23"
4470,"3,40"
4471,"0,249"
4472,"0,249"
4473,"10,44"
4474,"3,40"
4475,"10,169"
4476,"40,169"
4477,"3,169"
4478,"3,35"
4479,"3,40"
4480,"0,169"
4481,"40,162"
4482,"3,40"
4483,"40,151"
4484,"0,249"
4485,"10,23"
4486,"3,35"
4487,"3,23"
4488,"3,50"
4489,"40,151"
4490,"10,44"
4491,"40,169"
4492,"0,211"
4493,"0,211"
4494,"0,211"
4495,"3,23"
4496,"0,169"
4497,"40,44"
4498,"40,162"
4499,"3,35"
4500,"0,249"
4501,"40,162"
4502,"3,10"
4503,"10,23"
4504,"23,40,169"
4505,"23,76"
4506,"23,40"
4507,"10,220"
4508,"0,23"
4509,"23,76"
4510,"3,35"
4511,"23,40"
4512,"3,10"
4513,"0,249"
4514,"3,35"
4515,"3,40"
4516,"40,162"
4517,"0,249"
4518,"40,162"
4519,"40,162"
4520,"40,162"
4521,"40,44"
4522,"23,76"
4523,"10,23"
4524,"23,40"
4525,"169,223"
4526,"0,10"
4527,"40,162"
4528,"0,211"
4529,"10,40,44"
4530,"3,35"
4531,"3,35"
4532,"40,151"
4533,"0,249"
4534,"10,44"
4535,"3,50"
4536,"3,40"
4537,"10,23"
4538,"40,162"
4539,"3,40"
4540,"10,23"
4541,"3,169"
4542,"40,162"
4543,"40,44,169"
4544,"23,169"
4545,"3,50"
4546,"3,50"
4547,"40,151"
4548,"3,23"
4549,"3,40"
4550,"3,40"
4551,"23,40"
4552,"10,65"
4553,"23,76"
4554,"169,274"
4555,"10,40,44"
4556,"10,40,44"
4557,"3,40"
4558,"3,40"
4559,"10,40,44"
4560,"3,50"
4561,"40,162"
4562,"10,44"
4563,"3,35"
4564,"10,44"
4565,"40,151"
4566,"23,40"
4567,"0,169"
4568,"23,40"
4569,"3,50"
4570,"23,76"
4571,"10,44"
4572,"3,169"
4573,"23,76"
4574,"23,76"
4575,"40,162"
4576,"10,40,44"
4577,"10,40"
4578,"23,76"
4579,"3,40"
4580,"40,169"
4581,"0,23"
4582,"3,169"
4583,"23,40"
4584,"3,169"
4585,"10,23,40"
4586,"3,50"
4587,"10,40,44"
4588,"3,35"
4589,"0,40"
4590,"23,76"
4591,"3,35"
4592,"3,23"
4593,"40,162"
4594,"10,40,44"
4595,"3,50"
4596,"40,169"
4597,"23,40"
4598,"3,50"
4599,"3,40"
4600,"10,23"
4601,"0,23,40"
4602,"3,40"
4603,"40,162"
4604,"23,76"
4605,"40,162"
4606,"40,162"
4607,"0,249"
4608,"23,76"
4609,"10,44"
4610,"40,44"
4611,"3,40,169"
4612,"0,249"
4613,"3,35"
4614,"3,169"
4615,"3,40"
4616,"3,50"
4617,"40,162"
4618,"23,76"
4619,"23,40"
4620,"40,162"
4621,"10,23"
4622,"0,211"
4623,"3,40"
4624,"40,162"
4625,"3,50"
4626,"10,169"
4627,"3,50"
4628,"3,23"
4629,"10,44"
4630,"10,65"
4631,"23,40"
4632,"23,76"
4633,"23,40,76"
4634,"3,35"
4635,"169,323"
4636,"40,162"
4637,"3,40"
4638,"40,162"
4639,"23,76"
4640,"3,35"
4641,"3,50"
4642,"23,40"
4643,"23,40"
4644,"3,40"
4645,"10,65"
4646,"23,76"
4647,"169,337"
4648,"169,323"
4649,"3,40"
4650,"10,23"
4651,"40,162"
4652,"169,223"
4653,"23,76"
4654,"10,23"
4655,"3,35"
4656,"3,50"
4657,"10,44"
4658,"23,40"
4659,"0,211"
4660,"0,23"
4661,"3,169"
4662,"3,35"
4663,"3,40"
4664,"40,162"
4665,"10,44"
4666,"40,44"
4667,"3,50"
4668,"0,249"
4669,"23,76"
4670,"169,223"
4671,"23,40,76"
4672,"0,23"
4673,"3,23"
4674,"3,169"
4675,"40,162"
4676,"169,223"
4677,"40,169"
4678,"40,162"
4679,"23,76"
4680,"23,40,44"
4681,"3,50"
4682,"40,169"
4683,"169,223"
4684,"3,50"
4685,"10,44"
4686,"3,23,169"
4687,"3,50"
4688,"0,211"
4689,"40,162"
4690,"0,249"
4691,"0,249"
4692,"3,40"
4693,"3,50"
4694,"23,40"
4695,"23,76"
4696,"3,35"
4697,"3,40"
4698,"10,40,44"
4699,"10,65"
4700,"40,169"
4701,"40,169"
4702,"3,35"
4703,"10,220"
4704,"23,76"
4705,"0,249"
4706,"3,35"
4707,"40,162"
4708,"3,169"
4709,"3,23,40"
4710,"23,169"
4711,"10,44"
4712,"10,44"
4713,"23,40"
4714,"23,76"
4715,"0,211"
4716,"10,23"
4717,"0,249"
4718,"3,40"
4719,"0,40"
4720,"23,40"
4721,"40,162"
4722,"10,23"
4723,"40,162"
4724,"0,10"
4725,"40,162"
4726,"23,76"
4727,"3,50"
4728,"3,23,40"
4729,"3,40"
4730,"3,169"
4731,"3,50"
4732,"3,50"
4733,"10,44"
4734,"10,44"
4735,"10,44"
4736,"3,40"
4737,"3,35"
4738,"40,169"
4739,"3,10"
4740,"3,35"
4741,"3,35"
4742,"3,169"
4743,"40,169"
4744,"3,35"
4745,"3,40"
4746,"3,50"
4747,"3,40"
4748,"23,40"
4749,"10,40"
4750,"0,10"
4751,"0,249"
4752,"23,40,76"
4753,"169,223"
4754,"40,162"
4755,"0,249"
4756,"23,40"
4757,"0,40"
4758,"3,50"
4759,"3,40"
4760,"3,23,40"
4761,"3,35"
4762,"3,40"
4763,"23,76"
4764,"40,162"
4765,"3,50"
4766,"40,162"
4767,"10,44"
4768,"10,44"
4769,"0,211"
4770,"40,44"
4771,"3,50"
4772,"10,40,44"
4773,"3,50"
4774,"3,35"
4775,"3,40"
4776,"3,169"
4777,"3,40"
4778,"0,249"
4779,"10,44"
4780,"3,40"
4781,"10,40,44"
4782,"3,23"
4783,"10,44"
4784,"3,169"
4785,"3,35"
4786,"23,76"
4787,"3,50"
4788,"3,40"
4789,"23,76"
4790,"40,44"
4791,"3,40"
4792,"0,249"
4793,"23,76"
4794,"3,35"
4795,"10,23"
4796,"0,211"
4797,"3,40"
4798,"0,249"
4799,"40,169"
4800,"40,151"
4801,"3,40"
4802,"10,23"
4803,"40,162"
4804,"169,274"
4805,"3,50"
4806,"0,249"
4807,"3,40"
4808,"23,76"
4809,"23,76"
4810,"10,44"
4811,"3,40"
4812,"3,50"
4813,"10,44"
4814,"23,76"
4815,"10,44"
4816,"169,452"
4817,"0,249"
4818,"23,76"
4819,"3,169"
4820,"169,223"
4821,"0,249"
4822,"3,35"
4823,"10,40,44"
4824,"3,50"
4825,"23,76"
4826,"40,44,162"
4827,"10,44"
4828,"40,162"
4829,"3,50"
4830,"10,169"
4831,"0,23"
4832,"0,249"
4833,"40,162"
4834,"0,10"
4835,"3,35"
4836,"10,40,44"
4837,"40,162"
4838,"3,35"
4839,"3,40"
4840,"40,169"
4841,"40,169"
4842,"3,50"
4843,"10,23"
4844,"10,40,44"
4845,"3,50"
4846,"3,35"
4847,"10,23"
4848,"3,50"
4849,"40,44"
4850,"0,249"
4851,"40,44"
4852,"3,40"
4853,"23,40"
4854,"0,3"
4855,"23,76"
4856,"40,162"
4857,"10,220"
4858,"10,23"
4859,"0,10"
4860,"3,50"
4861,"10,65"
4862,"3,40"
4863,"40,169"
4864,"3,40"
4865,"40,162"
4866,"23,76"
4867,"3,40"
4868,"3,23"
4869,"0,249"
4870,"10,23"
4871,"40,169"
4872,"10,44"
4873,"40,169"
4874,"23,76"
4875,"3,50"
4876,"3,35"
4877,"0,249"
4878,"40,162"
4879,"0,169"
4880,"23,40"
4881,"23,76"
4882,"10,44"
4883,"3,50"
4884,"0,40"
4885,"3,40"
4886,"3,35"
4887,"3,50"
4888,"3,50"
4889,"169,223"
4890,"10,23"
4891,"169,323"
4892,"3,35"
4893,"169,223"
4894,"10,40,44"
4895,"0,249"
4896,"10,40,44"
4897,"3,23"
4898,"3,40"
4899,"3,40"
4900,"3,40"
4901,"10,44"
4902,"40,169"
4903,"40,169"
4904,"40,162"
4905,"169,223"
4906,"10,65"
4907,"0,169"
4908,"3,35"
4909,"3,35"
4910,"23,76"
4911,"10,40"
4912,"3,35"
4913,"23,76"
4914,"10,40"
4915,"3,35"
4916,"10,44"
4917,"0,40"
4918,"23,76"
4919,"23,76"
4920,"3,50"
4921,"23,76"
4922,"10,44"
4923,"0,169"
4924,"3,40"
4925,"40,162"
4926,"10,44"
4927,"3,35"
4928,"10,44"
4929,"40,162"
4930,"40,162"
4931,"3,50"
4932,"40,151"
4933,"10,44"
4934,"10,220"
4935,"23,76"
4936,"10,44"
4937,"40,169"
4938,"40,162"
4939,"0,10"
4940,"40,44,169"
4941,"0,211"
4942,"23,76"
4943,"3,23"
4944,"23,40"
4945,"10,220"
4946,"40,162"
4947,"23,40"
4948,"40,162"
4949,"10,40,44"
4950,"3,40"
4951,"23,76"
4952,"0,3"
4953,"3,35"
4954,"23,40"
4955,"40,44"
4956,"10,23"
4957,"23,76"
4958,"10,44"
4959,"10,40,44"
4960,"169,223"
4961,"3,169"
4962,"3,40"
4963,"3,40"
4964,"0,249"
4965,"3,40"
4966,"10,40,44"
4967,"3,50"
4968,"3,10"
4969,"10,23"
4970,"23,76"
4971,"10,44"
4972,"10,220"
4973,"3,40"
4974,"3,50"
4975,"10,23"
4976,"3,50"
4977,"3,35"
4978,"23,76"
4979,"0,3"
4980,"0,40"
4981,"10,40,44"
4982,"3,40,169"
4983,"40,162"
4984,"3,169"
4985,"3,50"
4986,"23,40"
4987,"3,40"
4988,"0,40"
4989,"40,162"
4990,"23,76"
4991,"10,40,44"
4992,"3,35"
4993,"3,35"
4994,"40,162"
4995,"10,40"
4996,"23,40"
4997,"0,169"
4998,"10,23"
4999,"10,65"
5000,"10,40"
5001,"3,169"
5002,"3,50"
5003,"23,40"
5004,"3,40"
5005,"40,169"
5006,"23,76"
5007,"40,169"
5008,"40,151"
5009,"40,162"
5010,"10,40,44"
5011,"0,211"
5012,"40,44"
5013,"3,50"
5014,"10,23"
5015,"10,44"
5016,"10,65"
5017,"3,40"
5018,"3,40,169"
5019,"40,169"
5020,"3,40"
5021,"10,44"
5022,"10,44"
5023,"44,169"
5024,"3,35"
5025,"3,169"
5026,"0,40"
5027,"40,162"
5028,"3,35"
5029,"3,40"
5030,"0,23"
5031,"3,35"
5032,"23,40"
5033,"169,274"
5034,"3,40"
5035,"0,23"
5036,"3,35"
5037,"169,452"
5038,"40,169"
5039,"40,162"
5040,"23,76"
5041,"10,65"
5042,"23,76"
5043,"10,23"
5044,"10,40"
5045,"40,162"
5046,"3,35"
5047,"3,35"
5048,"23,40"
5049,"3,50"
5050,"3,35"
5051,"40,151"
5052,"40,162"
5053,"3,35"
5054,"23,76"
5055,"3,40"
5056,"10,44"
5057,"3,35"
5058,"10,40,44"
5059,"3,169"
5060,"3,50"
5061,"3,40"
5062,"40,169"
5063,"3,40"
5064,"0,249"
5065,"3,50"
5066,"0,249"
5067,"3,50"
5068,"40,162"
5069,"3,35"
5070,"3,40"
5071,"10,23"
5072,"10,40,44"
5073,"40,162"
5074,"3,50"
5075,"3,35"
5076,"3,40"
5077,"3,35"
5078,"10,44"
5079,"40,162"
5080,"10,44"
5081,"10,220"
5082,"23,76"
5083,"40,169"
5084,"10,40"
5085,"3,40"
5086,"40,151"
5087,"3,35"
5088,"40,162"
5089,"3,40"
5090,"169,223"
5091,"23,40,44"
5092,"10,44"
5093,"10,23,40"
5094,"10,44"
5095,"23,76"
5096,"10,44"
5097,"10,65"
5098,"0,249"
5099,"10,40,44"
5100,"169,452"
5101,"40,162"
5102,"10,169"
5103,"40,162"
5104,"23,40"
5105,"40,169"
5106,"3,35,50"
5107,"3,169"
5108,"3,23,169"
5109,"3,40"
5110,"3,50"
5111,"40,162"
5112,"3,35"
5113,"3,50"
5114,"3,40"
5115,"10,40"
5116,"169,223"
5117,"0,249"
5118,"3,35"
5119,"3,35"
5120,"3,40"
5121,"10,40"
5122,"3,35"
5123,"3,35"
5124,"10,44"
5125,"10,40,44"
5126,"40,162"
5127,"40,169"
5128,"40,162"
5129,"40,162"
5130,"10,220"
5131,"23,40"
5132,"23,40"
5133,"10,220"
5134,"40,162"
5135,"0,249"
5136,"3,40"
5137,"3,40"
5138,"0,249"
5139,"0,249"
5140,"10,44"
5141,"10,65"
5142,"10,44"
5143,"40,169"
5144,"23,76"
5145,"3,40"
5146,"3,23,40"
5147,"40,44"
5148,"0,211"
5149,"3,35"
5150,"10,44"
5151,"3,35"
5152,"10,44"
5153,"3,40,169"
5154,"10,44"
5155,"10,40,44"
5156,"3,50"
5157,"169,223"
5158,"3,40"
5159,"23,76"
5160,"3,50"
5161,"3,40"
5162,"169,223"
5163,"0,10"
5164,"23,169"
5165,"0,10"
5166,"23,40"
5167,"3,40"
5168,"10,23"
5169,"23,76"
5170,"0,23,40"
5171,"40,162"
5172,"3,40"
5173,"3,35"
5174,"40,44"
5175,"3,50"
5176,"3,35"
5177,"3,169"
5178,"40,169"
5179,"23,76"
5180,"10,40,44"
5181,"0,3,40"
5182,"10,44"
5183,"23,76"
5184,"10,44"
5185,"23,40,169"
5186,"3,35"
5187,"23,76"
5188,"3,50"
5189,"3,40"
5190,"3,40"
5191,"10,169"
5192,"40,162"
5193,"23,76"
5194,"3,40"
5195,"23,76"
5196,"10,40,44"
5197,"10,40,44"
5198,"40,162"
5199,"3,40"
5200,"40,169"
5201,"3,35"
5202,"40,162"
5203,"23,40"
5204,"23,76"
5205,"3,40"
5206,"3,35"
5207,"3,40"
5208,"0,249"
5209,"3,169"
5210,"23,40"
5211,"10,40,44"
5212,"169,223"
5213,"40,162"
5214,"3,35"
5215,"10,40,44"
5216,"23,40"
5217,"40,169"
5218,"169,323"
5219,"3,10"
5220,"23,40"
5221,"3,40"
5222,"10,23,40"
5223,"23,76"
5224,"40,162"
5225,"40,169"
5226,"23,76"
5227,"10,44"
5228,"0,23"
5229,"10,44"
5230,"23,40"
5231,"0,211"
5232,"3,50"
5233,"3,40"
5234,"40,162"
5235,"10,40,44"
5236,"23,169"
5237,"40,169"
5238,"10,44"
5239,"3,169"
5240,"10,44"
5241,"3,35"
5242,"23,76"
5243,"0,10"
5244,"23,40"
5245,"3,40"
5246,"40,169"
5247,"3,50"
5248,"169,274"
5249,"40,162"
5250,"40,162"
5251,"23,76"
5252,"3,40"
5253,"3,40"
5254,"23,76"
5255,"0,211"
5256,"169,274"
5257,"40,162"
5258,"10,40,44"
5259,"0,23"
5260,"23,76"
5261,"23,40"
5262,"10,40"
5263,"23,76"
5264,"23,40,169"
5265,"10,44"
5266,"3,169"
5267,"40,169"
5268,"3,50"
5269,"3,40"
5270,"0,249"
5271,"40,169"
5272,"10,23,40"
5273,"40,169"
5274,"40,162"
5275,"23,76"
5276,"0,249"
5277,"23,76"
5278,"169,274"
5279,"3,50"
5280,"23,76"
5281,"23,40,44"
5282,"23,169"
5283,"23,40,76"
5284,"0,23"
5285,"3,35"
5286,"3,169"
5287,"3,169"
5288,"3,35"
5289,"40,151"
5290,"3,35"
5291,"3,35"
5292,"23,40"
5293,"0,249"
5294,"23,76"
5295,"40,44,169"
5296,"40,162"
5297,"23,40,44"
5298,"23,169"
5299,"10,44"
5300,"23,76"
5301,"23,40"
5302,"40,169"
5303,"23,76"
5304,"23,40,44"
5305,"3,40"
5306,"3,35"
5307,"23,40"
5308,"40,44"
5309,"10,44"
5310,"23,76"
5311,"10,44"
5312,"3,40"
5313,"10,23"
5314,"0,23"
5315,"10,40,44"
5316,"0,249"
5317,"3,169"
5318,"0,249"
5319,"3,40"
5320,"3,169"
5321,"40,162"
5322,"3,169"
5323,"0,23"
5324,"10,40,44"
5325,"10,40"
5326,"3,50"
5327,"169,223"
5328,"3,50"
5329,"0,23"
5330,"23,40"
5331,"40,162"
5332,"10,23"
5333,"3,50"
5334,"40,162"
5335,"3,35"
5336,"3,169"
5337,"23,76"
5338,"40,169"
5339,"40,162"
5340,"40,169"
5341,"169,274"
5342,"3,35"
5343,"40,169"
5344,"10,40"
5345,"23,40"
5346,"10,40,44"
5347,"23,76"
5348,"23,76"
5349,"23,40"
5350,"40,169"
5351,"3,35"
5352,"40,162"
5353,"10,44"
5354,"40,44"
5355,"40,162"
5356,"3,40"
5357,"23,40"
5358,"3,35"
5359,"23,76"
5360,"0,23"
5361,"3,40"
5362,"23,40"
5363,"3,35"
5364,"10,44"
5365,"3,35"
5366,"3,35"
5367,"40,169"
5368,"40,169"
5369,"3,50"
5370,"0,3"
5371,"10,65"
5372,"23,40,76"
5373,"0,3"
5374,"10,169"
5375,"40,162"
5376,"169,223"
5377,"169,223"
5378,"3,50"
5379,"40,169"
5380,"23,76"
5381,"40,162"
5382,"10,220"
5383,"0,249"
5384,"3,40"
5385,"0,249"
5386,"23,76"
5387,"3,10"
5388,"10,44"
5389,"3,40"
5390,"10,40,44"
5391,"10,23"
5392,"169,452"
5393,"3,169"
5394,"40,162"
5395,"23,40"
5396,"23,76"
5397,"0,249"
5398,"0,211"
5399,"23,76"
5400,"3,40"
5401,"40,169"
5402,"10,23"
5403,"40,162"
5404,"0,23"
5405,"40,162"
5406,"40,151"
5407,"23,76"
5408,"40,169"
5409,"3,35"
5410,"0,249"
5411,"169,452"
5412,"169,274"
5413,"10,65"
5414,"0,169"
5415,"23,76"
5416,"3,35"
5417,"3,40"
5418,"10,44"
5419,"10,40,44"
5420,"3,35"
5421,"3,40"
5422,"3,169"
5423,"3,50"
5424,"10,23"
5425,"10,169"
5426,"3,40"
5427,"23,76"
5428,"10,44"
5429,"0,10"
5430,"3,50"
5431,"3,35"
5432,"23,40"
5433,"3,10"
5434,"0,249"
5435,"10,40"
5436,"23,76"
5437,"0,249"
5438,"23,40"
5439,"40,162"
5440,"23,76"
5441,"10,23,40"
5442,"0,249"
5443,"0,249"
5444,"3,35"
5445,"40,44"
5446,"0,249"
5447,"3,40"
5448,"10,23,44"
5449,"40,151"
5450,"10,23"
5451,"3,169"
5452,"169,452"
5453,"3,169"
5454,"169,179"
5455,"3,40"
5456,"0,211"
5457,"40,169"
5458,"23,40"
5459,"3,40"
5460,"3,50"
5461,"23,76"
5462,"23,40"
5463,"3,35"
5464,"3,35"
5465,"10,40,44"
5466,"0,23"
5467,"3,169"
5468,"23,76"
5469,"0,23"
5470,"23,76"
5471,"169,274"
5472,"23,76"
5473,"0,249"
5474,"0,249"
5475,"3,35"
5476,"3,35"
5477,"10,44"
5478,"23,40,44"
5479,"169,452"
5480,"40,169"
5481,"3,40"
5482,"40,169"
5483,"0,249"
5484,"3,169"
5485,"40,169"
5486,"3,35"
5487,"169,223"
5488,"23,76"
5489,"40,169"
5490,"3,40"
5491,"40,44,169"
5492,"3,35"
5493,"10,65"
5494,"3,35"
5495,"0,211"
5496,"40,162"
5497,"23,76"
5498,"3,50"
5499,"3,50"
5500,"10,44"
5501,"10,23"
5502,"23,76"
5503,"10,23"
5504,"23,40,76"
5505,"40,162"
5506,"0,3"
5507,"0,211"
5508,"0,23"
5509,"10,40,169"
5510,"3,40"
5511,"3,50"
5512,"40,169"
5513,"3,50"
5514,"10,23"
5515,"10,40,44"
5516,"40,162"
5517,"10,44"
5518,"23,40"
5519,"3,40"
5520,"23,76"
5521,"23,76"
5522,"23,76"
5523,"3,35"
5524,"10,40"
5525,"3,40"
5526,"23,40"
5527,"0,3"
5528,"3,40"
5529,"10,40,44"
5530,"3,35"
5531,"10,40,44"
5532,"23,76"
5533,"3,169"
5534,"3,50"
5535,"0,249"
5536,"3,50"
5537,"3,169"
5538,"40,169"
5539,"10,44"
5540,"23,76"
5541,"23,76"
5542,"3,169"
5543,"0,169"
5544,"10,23"
5545,"3,40"
5546,"23,76"
5547,"3,169"
5548,"3,40"
5549,"10,44"
5550,"40,169"
5551,"40,162"
5552,"0,40"
5553,"3,169"
5554,"0,249"
5555,"10,23,44"
5556,"23,40"
5557,"23,76"
5558,"0,3"
5559,"23,76"
5560,"3,35"
5561,"3,50"
5562,"10,44"
5563,"10,220"
5564,"23,76"
5565,"0,23"
5566,"10,44"
5567,"0,169"
5568,"3,50"
5569,"40,151"
5570,"10,44"
5571,"23,76"
5572,"23,169"
5573,"3,50"
5574,"3,40"
5575,"0,23"
5576,"40,169"
5577,"0,211"
5578,"0,23"
5579,"10,40"
5580,"40,162"
5581,"10,44"
5582,"3,40"
5583,"40,162"
5584,"40,162"
5585,"40,44"
5586,"40,162"
5587,"10,23"
5588,"40,162"
5589,"3,40"
5590,"0,249"
5591,"23,76"
5592,"40,162"
5593,"3,40"
5594,"10,220"
5595,"23,40,44"
5596,"0,249"
5597,"40,169"
5598,"3,40"
5599,"0,249"
5600,"3,40"
5601,"10,40,44"
5602,"3,40"
5603,"23,76"
5604,"23,76"
5605,"10,44"
5606,"10,44"
5607,"0,23"
5608,"10,40"
5609,"23,76"
5610,"3,50"
5611,"0,249"
5612,"0,169"
5613,"3,169"
5614,"0,23"
5615,"3,35"
5616,"10,44"
5617,"0,249"
5618,"23,76"
5619,"3,50"
5620,"10,65"
5621,"0,10"
5622,"40,44"
5623,"0,249"
5624,"0,23"
5625,"3,35"
5626,"10,40,44"
5627,"40,169"
5628,"23,40"
5629,"0,23"
5630,"23,40"
5631,"3,23"
5632,"3,40"
5633,"3,169"
5634,"40,169"
5635,"10,65"
5636,"40,169"
5637,"23,76"
5638,"10,44"
5639,"3,169"
5640,"40,162"
5641,"0,23"
5642,"40,169"
5643,"3,40"
5644,"169,259"
5645,"23,76"
5646,"10,40"
5647,"10,44"
5648,"23,76"
5649,"23,40"
5650,"3,40"
5651,"169,452"
5652,"0,40"
5653,"23,40"
5654,"3,35"
5655,"0,23"
5656,"3,40"
5657,"3,40"
5658,"3,35"
5659,"3,35"
5660,"3,40"
5661,"10,44"
5662,"40,44"
5663,"23,76"
5664,"0,249"
5665,"0,211"
5666,"40,162"
5667,"40,151"
5668,"23,76"
5669,"40,44"
5670,"0,249"
5671,"10,65"
5672,"10,40,44"
5673,"23,40"
5674,"10,65"
5675,"3,35"
5676,"3,23,40"
5677,"0,169"
5678,"23,76"
5679,"3,40"
5680,"0,249"
5681,"10,40"
5682,"3,40"
5683,"10,23,44"
5684,"40,162"
5685,"3,40"
5686,"3,35"
5687,"10,44"
5688,"0,23,169"
5689,"40,162"
5690,"10,44"
5691,"40,162"
5692,"3,169"
5693,"23,40"
5694,"10,23,40"
5695,"23,76"
5696,"23,40"
5697,"3,50"
5698,"10,23"
5699,"3,35"
5700,"40,162"
5701,"169,452"
5702,"3,40"
5703,"10,44"
5704,"10,65"
5705,"3,169"
5706,"3,50"
5707,"40,162"
5708,"169,223"
5709,"3,40"
5710,"10,23"
5711,"0,23"
5712,"0,23"
5713,"10,220"
5714,"40,162"
5715,"40,44,169"
5716,"169,223"
5717,"10,44"
5718,"3,40"
5719,"40,162"
5720,"40,162"
5721,"3,40"
5722,"10,23,40"
5723,"40,162"
5724,"10,44"
5725,"3,50"
5726,"0,249"
5727,"3,35"
5728,"3,169"
5729,"23,40"
5730,"169,323"
5731,"0,23"
5732,"169,179"
5733,"23,40"
5734,"40,162"
5735,"3,35"
5736,"23,40"
5737,"23,40"
5738,"3,50"
5739,"10,23"
5740,"3,50"
5741,"23,76"
5742,"10,220"
5743,"3,50"
5744,"0,3"
5745,"3,40"
5746,"10,44"
5747,"23,40"
5748,"10,23"
5749,"10,65"
5750,"10,220"
5751,"40,151"
5752,"40,162"
5753,"10,23"
5754,"40,162"
5755,"23,76"
5756,"40,169"
5757,"3,35"
5758,"40,162"
5759,"0,169"
5760,"0,10"
5761,"40,162"
5762,"3,50"
5763,"10,23"
5764,"3,35"
5765,"3,35"
5766,"10,40,44"
5767,"40,151"
5768,"23,169"
5769,"169,259"
5770,"3,40"
5771,"23,76"
5772,"10,40,44"
5773,"10,23"
5774,"3,35"
5775,"10,44"
5776,"10,40,44"
5777,"3,169"
5778,"3,40"
5779,"3,50"
5780,"0,40"
5781,"3,40"
5782,"10,40,44"
5783,"3,40"
5784,"3,40"
5785,"3,40"
5786,"169,274"
5787,"10,220"
5788,"23,40"
5789,"23,40"
5790,"0,23"
5791,"23,40"
5792,"10,65"
5793,"3,40"
5794,"10,23"
5795,"40,169"
5796,"40,169"
5797,"10,40,44"
5798,"23,169"
5799,"40,162"
5800,"10,44"
5801,"40,151"
5802,"23,40"
5803,"23,76"
5804,"23,40"
5805,"0,211"
5806,"0,10"
5807,"0,3"
5808,"3,35"
5809,"23,40"
5810,"10,40,44"
5811,"3,40"
5812,"169,223"
5813,"3,169"
5814,"0,211"
5815,"0,23"
5816,"3,169"
5817,"40,162"
5818,"3,23,40"
5819,"40,169"
5820,"10,220"
5821,"0,249"
5822,"0,249"
5823,"23,76"
5824,"10,40,44"
5825,"23,76"
5826,"23,40,76"
5827,"3,50"
5828,"10,44"
5829,"23,76"
5830,"23,76"
5831,"3,35"
5832,"23,40"
5833,"23,40"
5834,"23,40"
5835,"40,162"
5836,"3,35"
5837,"10,44"
5838,"3,169"
5839,"10,23"
5840,"40,162"
5841,"40,162"
5842,"10,44"
5843,"40,169"
5844,"3,35"
5845,"0,40"
5846,"3,40"
5847,"3,40"
5848,"0,3"
5849,"40,169"
5850,"10,23,40"
5851,"10,44"
5852,"23,76"
5853,"3,50"
5854,"3,169"
5855,"40,162"
5856,"10,23"
5857,"40,162"
5858,"3,35"
5859,"0,249"
5860,"10,65"
5861,"10,23"
5862,"10,40,44"
5863,"3,35"
5864,"40,44"
5865,"40,151"
5866,"23,40"
5867,"10,220"
5868,"23,76"
5869,"3,40"
5870,"3,35"
5871,"0,169"
5872,"10,23"
5873,"10,44"
5874,"3,40"
5875,"40,162"
5876,"3,169"
5877,"3,23"
5878,"0,169"
5879,"3,40"
5880,"40,162"
5881,"3,23"
5882,"40,162"
5883,"169,223"
5884,"23,76"
5885,"0,211"
5886,"10,44"
5887,"10,40,44"
5888,"10,23"
5889,"40,162"
5890,"10,23"
5891,"3,50"
5892,"0,249"
5893,"3,50"
5894,"10,23"
5895,"0,23"
5896,"3,40"
5897,"3,35"
5898,"3,50"
5899,"3,40,169"
5900,"40,162"
5901,"40,169"
5902,"3,40"
5903,"10,40,44"
5904,"23,76"
5905,"3,50"
5906,"10,44"
5907,"40,151"
5908,"40,169"
5909,"10,65"
5910,"0,211"
5911,"40,162"
5912,"23,40"
5913,"40,162"
5914,"0,23"
5915,"23,76"
5916,"40,162"
5917,"40,162"
5918,"40,162"
5919,"3,35"
5920,"10,40,44"
5921,"3,40"
5922,"0,211"
5923,"23,76"
5924,"0,249"
5925,"3,40"
5926,"10,44"
5927,"3,40"
5928,"3,40"
5929,"3,35"
5930,"23,169"
5931,"3,10,44"
5932,"10,44"
5933,"3,40"
5934,"3,50"
5935,"40,169"
5936,"0,10"
5937,"40,44"
5938,"10,23"
5939,"40,151"
5940,"0,211"
5941,"10,44"
5942,"3,40"
5943,"10,44"
5944,"3,35"
5945,"40,162"
5946,"23,76"
5947,"23,40"
5948,"10,220"
5949,"0,3"
5950,"10,40,44"
5951,"0,249"
5952,"23,169"
5953,"3,40"
5954,"40,162"
5955,"3,40"
5956,"3,35"
5957,"3,35"
5958,"3,40"
5959,"169,274"
5960,"3,40"
5961,"3,40"
5962,"3,40"
5963,"10,40,44"
5964,"3,35"
5965,"0,10"
5966,"40,162"
5967,"3,40"
5968,"3,35"
5969,"3,169"
5970,"23,40,44"
5971,"40,169"
5972,"23,76"
5973,"0,249"
5974,"3,40"
5975,"23,76"
5976,"3,40"
5977,"10,23,40"
5978,"3,50"
5979,"10,40"
5980,"10,23"
5981,"0,3"
5982,"0,249"
5983,"10,44"
5984,"169,223"
5985,"3,35"
5986,"40,162"
5987,"0,169"
5988,"23,76"
5989,"3,50"
5990,"3,169"
5991,"0,249"
5992,"0,211"
5993,"10,44"
5994,"40,162"
5995,"10,40,44"
5996,"3,50"
5997,"10,220"
5998,"3,50"
5999,"40,162"
6000,"10,23"
6001,"3,35"
6002,"3,23"
6003,"0,249"
6004,"10,23,40"
6005,"10,23"
6006,"40,162"
6007,"3,23"
6008,"3,169"
6009,"3,50"
6010,"10,23"
6011,"3,40"
6012,"10,65"
6013,"10,40,44"
6014,"3,50"
6015,"3,169"
6016,"3,40"
6017,"40,169"
6018,"0,249"
6019,"3,35"
6020,"23,76"
6021,"0,249"
6022,"0,249"
6023,"3,40"
6024,"0,23"
6025,"10,40,44"
6026,"3,35"
6027,"0,40"
6028,"3,35"
6029,"40,162"
6030,"3,169"
6031,"23,76"
6032,"0,211"
6033,"10,40"
6034,"3,35"
6035,"40,162"
6036,"40,44"
6037,"23,76"
6038,"23,76"
6039,"3,35"
6040,"40,151"
6041,"40,162"
6042,"3,40"
6043,"40,162"
6044,"0,10"
6045,"40,162"
6046,"10,23"
6047,"23,76"
6048,"10,40,44"
6049,"23,40"
6050,"23,76"
6051,"23,40"
6052,"3,10"
6053,"40,162"
6054,"40,162"
6055,"3,10"
6056,"3,40"
6057,"0,249"
6058,"3,40"
6059,"23,76"
6060,"40,162"
6061,"3,40"
6062,"23,40"
6063,"3,40"
6064,"3,40"
6065,"10,23"
6066,"3,169"
6067,"23,76"
6068,"3,169"
6069,"0,3"
6070,"3,50"
6071,"3,35"
6072,"0,249"
6073,"40,169"
6074,"3,35"
6075,"40,151"
6076,"10,40,44"
6077,"0,211"
6078,"40,169"
6079,"23,76"
6080,"10,40,44"
6081,"0,3"
6082,"0,211"
6083,"0,169"
6084,"23,76"
6085,"10,23"
6086,"40,151"
6087,"23,76"
6088,"23,76"
6089,"10,23"
6090,"10,65"
6091,"10,44"
6092,"169,323"
6093,"23,40"
6094,"23,40"
6095,"23,76"
6096,"3,40"
6097,"10,40,44"
6098,"3,50"
6099,"10,40"
6100,"0,249"
6101,"40,162"
6102,"40,44,169"
6103,"0,249"
6104,"3,169"
6105,"40,169"
6106,"0,40"
6107,"40,151"
6108,"10,40,44"
6109,"3,35"
6110,"10,44"
6111,"23,76"
6112,"40,162"
6113,"169,323"
6114,"10,220"
6115,"23,169"
6116,"0,211"
6117,"0,23"
6118,"23,76"
6119,"10,44"
6120,"0,10"
6121,"10,44"
6122,"3,50"
6123,"40,162"
6124,"3,50"
6125,"0,249"
6126,"3,40"
6127,"3,50"
6128,"40,162"
6129,"10,40,44"
6130,"3,50"
6131,"3,50"
6132,"3,40"
6133,"0,249"
6134,"10,44"
6135,"3,35"
6136,"10,40,44"
6137,"3,50"
6138,"3,40"
6139,"3,40"
6140,"3,50"
6141,"40,44"
6142,"10,65"
6143,"10,65"
6144,"10,40,44"
6145,"3,40"
6146,"10,40,44"
6147,"0,23"
6148,"3,35"
6149,"23,76"
6150,"3,35"
6151,"23,40"
6152,"169,223"
6153,"40,169"
6154,"23,40"
6155,"10,44"
6156,"3,35"
6157,"23,40"
6158,"23,40"
6159,"40,162"
6160,"0,40"
6161,"3,35"
6162,"40,151"
6163,"169,251"
6164,"3,169"
6165,"10,44"
6166,"40,169"
6167,"10,44"
6168,"40,44"
6169,"3,35"
6170,"3,35"
6171,"3,169"
6172,"3,40"
6173,"10,169"
6174,"3,50"
6175,"3,10"
6176,"40,151"
6177,"23,40"
6178,"3,40"
6179,"40,169"
6180,"40,151"
6181,"10,44"
6182,"23,40,44"
6183,"23,169"
6184,"10,23"
6185,"3,35"
6186,"3,35"
6187,"23,40"
6188,"23,76"
6189,"23,76"
6190,"23,76"
6191,"23,40"
6192,"23,169"
6193,"23,40"
6194,"10,23"
6195,"23,40"
6196,"3,40"
6197,"3,50"
6198,"23,76"
6199,"23,76"
6200,"3,40"
6201,"10,40"
6202,"169,223"
6203,"23,76"
6204,"40,151"
6205,"23,76"
6206,"10,44"
6207,"40,162"
6208,"10,40,44"
6209,"3,50"
6210,"0,249"
6211,"3,35"
6212,"40,162"
6213,"10,23"
6214,"3,50"
6215,"10,44"
6216,"10,40,44"
6217,"23,40"
6218,"23,76"
6219,"40,162"
6220,"10,44"
6221,"0,249"
6222,"3,40"
6223,"40,162"
6224,"10,23"
6225,"10,220"
6226,"0,10"
6227,"10,65"
6228,"40,162"
6229,"3,169"
6230,"0,249"
6231,"0,211"
6232,"23,76"
6233,"0,249"
6234,"3,169"
6235,"3,169"
6236,"3,40"
6237,"40,162"
6238,"10,40,44"
6239,"10,40,44"
6240,"40,169"
6241,"40,162"
6242,"3,50"
6243,"3,35"
6244,"40,169"
6245,"23,40"
6246,"169,323"
6247,"3,40"
6248,"169,274"
6249,"10,40,44"
6250,"40,151"
6251,"0,249"
6252,"3,50"
6253,"3,50"
6254,"10,40"
6255,"3,35"
6256,"3,40"
6257,"0,249"
6258,"23,40,76"
6259,"0,40"
6260,"23,40"
6261,"40,162"
6262,"0,249"
6263,"3,40"
6264,"169,274"
6265,"10,23"
6266,"3,40"
6267,"3,40"
6268,"3,50"
6269,"3,40"
6270,"40,151"
6271,"3,169"
6272,"3,35"
6273,"3,50"
6274,"10,44"
6275,"3,50"
6276,"0,249"
6277,"10,40,44"
6278,"23,169"
6279,"3,35"
6280,"0,3"
6281,"3,40"
6282,"3,50"
6283,"3,40"
6284,"3,50"
6285,"3,35"
6286,"0,249"
6287,"10,65"
6288,"40,169"
6289,"3,40"
6290,"23,76"
6291,"40,162"
6292,"23,76"
6293,"3,50"
6294,"3,23"
6295,"10,40,44"
6296,"3,169"
6297,"0,23"
6298,"3,40"
6299,"10,44"
6300,"40,162"
6301,"169,259"
6302,"0,249"
6303,"10,23,40"
6304,"0,40"
6305,"10,40,44"
6306,"40,169"
6307,"23,76"
6308,"10,44"
6309,"3,40"
6310,"23,76"
6311,"10,40,44"
6312,"23,76"
6313,"40,169"
6314,"10,40,44"
6315,"23,76"
6316,"3,35"
6317,"10,40,44"
6318,"10,44"
6319,"10,44"
6320,"3,23"
6321,"23,76"
6322,"10,44"
6323,"10,40,44"
6324,"169,223"
6325,"40,162"
6326,"169,274"
6327,"3,40"
6328,"40,169"
6329,"10,44"
6330,"3,40"
6331,"3,50"
6332,"23,76"
6333,"3,23"
6334,"10,40"
6335,"23,76"
6336,"3,10"
6337,"3,40"
6338,"3,35"
6339,"23,76"
6340,"3,50"
6341,"3,35"
6342,"10,40,44"
6343,"23,76"
6344,"0,23"
6345,"0,249"
6346,"40,44"
6347,"10,220"
6348,"169,179"
6349,"3,50"
6350,"3,169"
6351,"40,162"
6352,"0,10"
6353,"0,23"
6354,"3,35"
6355,"10,40"
6356,"3,40"
6357,"23,76"
6358,"3,35"
6359,"23,40"
6360,"0,40"
6361,"40,169"
6362,"23,76"
6363,"3,40"
6364,"3,169"
6365,"10,40"
6366,"40,162"
6367,"23,40"
6368,"10,40"
6369,"3,40"
6370,"10,40,44"
6371,"3,50"
6372,"0,211"
6373,"3,40"
6374,"10,220"
6375,"40,162"
6376,"3,35"
6377,"23,76"
6378,"40,162"
6379,"3,50"
6380,"0,10"
6381,"0,23"
6382,"0,249"
6383,"0,10"
6384,"3,40"
6385,"10,40,44"
6386,"0,23"
6387,"169,223"
6388,"0,249"
6389,"3,50"
6390,"23,76"
6391,"10,23"
6392,"23,76"
6393,"3,169"
6394,"40,44"
6395,"10,169"
6396,"40,162"
6397,"169,223"
6398,"0,249"
6399,"0,10"
6400,"10,44"
6401,"0,3"
6402,"3,35"
6403,"3,50"
6404,"10,23"
6405,"23,76"
6406,"0,249"
6407,"40,162"
6408,"3,50"
6409,"0,249"
6410,"3,35"
6411,"23,76"
6412,"3,50"
6413,"10,40,44"
6414,"3,40"
6415,"3,50"
6416,"3,35"
6417,"23,40"
6418,"40,169"
6419,"40,162"
6420,"3,40"
6421,"3,50"
6422,"40,162"
6423,"169,223"
6424,"10,44"
6425,"3,40"
6426,"0,40"
6427,"3,40"
6428,"3,35"
6429,"40,162"
6430,"0,211"
6431,"169,274"
6432,"10,23"
6433,"10,23"
6434,"0,23"
6435,"40,151"
6436,"23,76"
6437,"23,40"
6438,"3,35"
6439,"3,35"
6440,"40,162"
6441,"0,23"
6442,"169,223"
6443,"23,40"
6444,"10,44"
6445,"3,35"
6446,"40,162"
6447,"3,35"
6448,"3,10"
6449,"3,50"
6450,"23,40,169"
6451,"40,162"
6452,"23,40,44"
6453,"0,40"
6454,"10,40,44"
6455,"10,40,44"
6456,"0,23"
6457,"3,40"
6458,"40,162"
6459,"3,169"
6460,"10,40"
6461,"0,23"
6462,"10,220"
6463,"3,40"
6464,"23,40"
6465,"3,40"
6466,"10,23"
6467,"169,223"
6468,"10,23"
6469,"40,162"
6470,"0,3"
6471,"3,40"
6472,"23,76"
6473,"3,35"
6474,"3,40"
6475,"40,162"
6476,"3,40"
6477,"3,40"
6478,"0,169"
6479,"3,40"
6480,"0,211"
6481,"3,40"
6482,"3,169"
6483,"40,162"
6484,"23,40"
6485,"0,211"
6486,"0,211"
6487,"3,40"
6488,"40,162"
6489,"23,40"
6490,"3,40"
6491,"0,23"
6492,"169,223"
6493,"3,40"
6494,"10,44"
6495,"3,40,169"
6496,"10,44"
6497,"3,169"
6498,"0,23"
6499,"40,169"
6500,"10,40,44"
6501,"3,35"
6502,"0,249"
6503,"23,40"
6504,"10,220"
6505,"10,65"
6506,"0,211"
6507,"3,40"
6508,"10,40,44"
6509,"40,162"
6510,"10,40,44"
6511,"3,35"
6512,"3,169"
6513,"3,169"
6514,"10,44"
6515,"10,44"
6516,"10,40,44"
6517,"40,44"
6518,"10,44"
6519,"23,40"
6520,"40,162"
6521,"10,23,40"
6522,"3,35"
6523,"3,40"
6524,"40,44"
6525,"40,169"
6526,"169,223"
6527,"40,162"
6528,"3,40"
6529,"3,35"
6530,"3,40"
6531,"23,40"
6532,"23,40"
6533,"3,50"
6534,"40,169"
6535,"23,76"
6536,"3,40"
6537,"3,35"
6538,"3,35"
6539,"40,162"
6540,"40,44"
6541,"40,162"
6542,"0,169"
6543,"0,10"
6544,"3,50"
6545,"23,40"
6546,"10,44"
6547,"3,40"
6548,"40,151"
6549,"40,162"
6550,"40,162"
6551,"23,76"
6552,"10,40,44"
6553,"10,65"
6554,"10,44"
6555,"3,40"
6556,"10,44"
6557,"40,169"
6558,"23,76"
6559,"23,40,169"
6560,"40,169"
6561,"10,23"
6562,"23,169"
6563,"40,44"
6564,"23,40"
6565,"23,76"
6566,"3,40"
6567,"3,40"
6568,"3,35"
6569,"169,223"
6570,"0,23"
6571,"0,249"
6572,"0,23"
6573,"23,76"
6574,"23,76"
6575,"3,40"
6576,"0,169"
6577,"10,40,44"
6578,"0,211"
6579,"40,169"
6580,"10,40,44"
6581,"0,23"
6582,"40,162"
6583,"3,40"
6584,"40,151"
6585,"23,76"
6586,"3,50"
6587,"23,76"
6588,"3,10,40"
6589,"0,169"
6590,"10,23"
6591,"40,162"
6592,"40,162"
6593,"10,220"
6594,"40,44"
6595,"23,76"
6596,"3,169"
6597,"3,40"
6598,"3,35"
6599,"10,23"
6600,"23,76"
6601,"10,40,44"
6602,"3,40"
6603,"10,40"
6604,"3,40"
6605,"3,169"
6606,"3,35"
6607,"40,169"
6608,"23,76"
6609,"10,65"
6610,"3,35"
6611,"0,211"
6612,"23,40"
6613,"10,44"
6614,"3,169"
6615,"40,162"
6616,"3,50"
6617,"40,162"
6618,"40,162"
6619,"3,40"
6620,"3,50"
6621,"40,44"
6622,"0,211"
6623,"0,249"
6624,"40,169"
6625,"10,44"
6626,"3,40"
6627,"3,40"
6628,"0,10"
6629,"3,35"
6630,"0,23"
6631,"0,211"
6632,"3,35"
6633,"0,249"
6634,"0,3"
6635,"3,23,40"
6636,"23,76"
6637,"3,35"
6638,"23,76"
6639,"10,44"
6640,"3,35"
6641,"0,249"
6642,"3,169"
6643,"10,23"
6644,"3,40"
6645,"23,76"
6646,"10,40,44"
6647,"40,169"
6648,"40,169"
6649,"3,50"
6650,"40,169"
6651,"10,40,44"
6652,"3,40"
6653,"23,40"
6654,"23,40"
6655,"3,50"
6656,"3,40"
6657,"23,76"
6658,"169,223"
6659,"3,40"
6660,"10,220"
6661,"23,76"
6662,"40,44"
6663,"40,44"
6664,"0,10"
6665,"3,50"
6666,"0,40"
6667,"3,50"
6668,"40,162"
6669,"23,40"
6670,"10,40"
6671,"23,76"
6672,"23,40,169"
6673,"10,23,40"
6674,"0,23"
6675,"10,23,76"
6676,"10,23"
6677,"40,169"
6678,"40,162"
6679,"0,249"
6680,"0,249"
6681,"23,40"
6682,"10,40"
6683,"10,40"
6684,"3,40"
6685,"40,162"
6686,"40,162"
6687,"3,50"
6688,"10,40,44"
6689,"0,3"
6690,"3,40"
6691,"3,40"
6692,"40,169"
6693,"3,50"
6694,"0,249"
6695,"3,50"
6696,"3,50"
6697,"3,50"
6698,"40,162"
6699,"3,35"
6700,"3,50"
6701,"10,44"
6702,"40,162"
6703,"0,10"
6704,"3,35"
6705,"23,76"
6706,"3,50"
6707,"23,40"
6708,"3,35"
6709,"10,23"
6710,"0,23"
6711,"10,23"
6712,"3,40"
6713,"40,169"
6714,"23,76"
6715,"169,259"
6716,"10,44"
6717,"23,76"
6718,"0,211"
6719,"0,249"
6720,"23,40"
6721,"10,40,44"
6722,"10,40,44"
6723,"23,76"
6724,"10,220"
6725,"40,162"
6726,"3,169"
6727,"0,249"
6728,"3,35"
6729,"40,162"
6730,"0,249"
6731,"40,169"
6732,"3,50"
6733,"3,35"
6734,"10,40,44"
6735,"23,76"
6736,"23,40"
6737,"40,44"
6738,"10,44"
6739,"3,50"
6740,"0,249"
6741,"40,169"
6742,"10,23"
6743,"0,10"
6744,"0,40"
6745,"3,40"
6746,"3,23"
6747,"23,169"
6748,"3,50"
6749,"3,40"
6750,"3,35"
6751,"0,40"
6752,"3,40"
6753,"3,40"
6754,"3,40"
6755,"169,452"
6756,"10,44"
6757,"3,23,40"
6758,"3,50"
6759,"3,40"
6760,"23,76"
6761,"10,44"
6762,"3,169"
6763,"23,76"
6764,"3,50"
6765,"3,35"
6766,"0,249"
6767,"10,40,44"
6768,"10,23"
6769,"40,169"
6770,"3,40,169"
6771,"0,211"
6772,"23,76"
6773,"40,151"
6774,"3,50"
6775,"3,50"
6776,"3,50"
6777,"169,452"
6778,"40,162"
6779,"0,23"
6780,"3,35"
6781,"40,162"
6782,"23,76"
6783,"169,223"
6784,"10,40,44"
6785,"0,249"
6786,"10,44"
6787,"40,162"
6788,"23,40"
6789,"23,76"
6790,"0,23"
6791,"10,23"
6792,"0,249"
6793,"0,10"
6794,"10,23"
6795,"0,23"
6796,"40,169"
6797,"23,76"
6798,"3,169"
6799,"3,35"
6800,"3,50"
6801,"23,76"
6802,"3,50"
6803,"0,23"
6804,"10,40,44"
6805,"23,40"
6806,"23,40"
6807,"0,169"
6808,"3,169"
6809,"3,35"
6810,"0,169"
6811,"3,40"
6812,"3,50"
6813,"3,169"
6814,"3,35"
6815,"10,44"
6816,"3,40"
6817,"40,169"
6818,"3,50"
6819,"3,40"
6820,"0,211"
6821,"0,211"
6822,"3,23,40"
6823,"40,162"
6824,"0,211"
6825,"10,65"
6826,"40,162"
6827,"40,162"
6828,"0,211"
6829,"10,23"
6830,"3,23"
6831,"10,23"
6832,"169,223"
6833,"3,40"
6834,"3,40"
6835,"3,40"
6836,"3,50"
6837,"10,169"
6838,"23,40"
6839,"23,76"
6840,"10,44"
6841,"40,169"
6842,"23,76"
6843,"23,76"
6844,"40,151"
6845,"0,249"
6846,"40,44"
6847,"3,50"
6848,"10,44"
6849,"23,76"
6850,"3,40"
6851,"10,23,44"
6852,"10,44"
6853,"0,40"
6854,"10,23,44"
6855,"3,35"
6856,"10,23"
6857,"3,10"
6858,"0,249"
6859,"0,10"
6860,"3,169"
6861,"3,169"
6862,"3,40"
6863,"10,40,44"
6864,"10,44"
6865,"40,162"
6866,"40,169"
6867,"10,65"
6868,"0,249"
6869,"10,44"
6870,"3,35"
6871,"40,162"
6872,"40,162"
6873,"23,40,44"
6874,"0,211"
6875,"0,23"
6876,"169,259"
6877,"23,40"
6878,"3,169"
6879,"3,40"
6880,"0,249"
6881,"10,23"
6882,"23,169"
6883,"10,23"
6884,"23,76"
6885,"40,169"
6886,"3,40"
6887,"23,76"
6888,"3,40"
6889,"10,44"
6890,"0,249"
6891,"23,40"
6892,"10,23"
6893,"0,23"
6894,"23,40"
6895,"23,76"
6896,"3,40"
6897,"0,249"
6898,"23,76"
6899,"40,162"
6900,"23,76"
6901,"10,44"
6902,"23,169"
6903,"10,44"
6904,"10,23"
6905,"23,76"
6906,"23,76"
6907,"3,50"
6908,"23,76"
6909,"10,40,44"
6910,"0,40"
6911,"3,50"
6912,"40,169"
6913,"40,162"
6914,"0,249"
6915,"0,23"
6916,"23,76"
6917,"23,40,76"
6918,"23,40"
6919,"3,40"
6920,"3,50"
6921,"0,10"
6922,"3,35"
6923,"23,76"
6924,"23,76"
6925,"23,40"
6926,"23,76"
6927,"10,44"
6928,"0,249"
6929,"23,40"
6930,"3,50"
6931,"10,44"
6932,"40,162"
6933,"23,169"
6934,"10,23"
6935,"3,35"
6936,"3,40"
6937,"10,40,44"
6938,"3,35"
6939,"10,44"
6940,"23,76"
6941,"0,249"
6942,"10,40,44"
6943,"40,169"
6944,"3,50"
6945,"23,76"
6946,"40,169"
6947,"0,249"
6948,"3,50"
6949,"3,50"
6950,"3,35"
6951,"10,44"
6952,"23,40"
6953,"3,169"
6954,"10,220"
6955,"10,40"
6956,"10,44"
6957,"3,50"
6958,"10,220"
6959,"0,169"
6960,"3,50"
6961,"3,169"
6962,"10,40,44"
6963,"3,35"
6964,"3,40"
6965,"169,223"
6966,"23,76"
6967,"23,76"
6968,"0,40"
6969,"23,76"
6970,"3,35"
6971,"3,40"
6972,"40,169"
6973,"10,40,44"
6974,"23,76"
6975,"40,169"
6976,"10,44"
6977,"3,40"
6978,"3,50"
6979,"0,249"
6980,"3,40"
6981,"10,23"
6982,"169,323"
6983,"10,65"
6984,"40,162"
6985,"40,162"
6986,"23,169"
6987,"23,169"
6988,"40,162"
6989,"40,169"
6990,"40,169"
6991,"23,169"
6992,"3,40"
6993,"169,452"
6994,"23,40"
6995,"3,35"
6996,"3,169"
6997,"40,162"
6998,"40,169"
6999,"40,162"
7000,"10,65"
7001,"10,44"
7002,"0,40"
7003,"10,44"
7004,"3,50"
7005,"40,162"
7006,"169,452"
7007,"40,162"
7008,"3,35"
7009,"3,50"
7010,"3,35"
7011,"40,162"
7012,"3,50"
7013,"23,40"
7014,"0,3"
7015,"23,76"
7016,"10,40,44"
7017,"0,249"
7018,"3,40"
7019,"3,50"
7020,"3,23"
7021,"10,40"
7022,"40,162"
7023,"10,40,44"
7024,"23,40"
7025,"3,35"
7026,"3,40"
7027,"10,40,44"
7028,"0,249"
7029,"3,40"
7030,"40,151"
7031,"3,35"
7032,"3,35"
7033,"23,76"
7034,"0,249"
7035,"10,23,44"
7036,"10,40,44"
7037,"3,40"
7038,"40,162"
7039,"10,44"
7040,"40,169"
7041,"23,40"
7042,"10,23"
7043,"10,44"
7044,"10,23"
7045,"40,162"
7046,"10,44"
7047,"10,40,44"
7048,"3,50"
7049,"3,40"
7050,"169,223"
7051,"40,169"
7052,"23,76"
7053,"10,23"
7054,"40,162"
7055,"169,223"
7056,"10,23,40"
7057,"0,23"
7058,"3,50"
7059,"23,40"
7060,"0,3"
7061,"3,50"
7062,"23,40"
7063,"40,169"
7064,"23,76"
7065,"40,162"
7066,"0,249"
7067,"10,23"
7068,"169,259"
7069,"0,23"
7070,"23,76"
7071,"169,452"
7072,"23,40"
7073,"10,23,40"
7074,"3,23"
7075,"10,44"
7076,"0,249"
7077,"10,40"
7078,"23,76"
7079,"23,169"
7080,"3,35"
7081,"10,40,44"
7082,"10,23"
7083,"40,169"
7084,"0,249"
7085,"3,40"
7086,"23,40,44"
7087,"23,76"
7088,"23,76"
7089,"3,35"
7090,"3,50"
7091,"10,44"
7092,"10,23"
7093,"3,40"
7094,"3,40"
7095,"10,40,44"
7096,"3,40"
7097,"0,10"
7098,"3,169"
7099,"23,40"
7100,"0,23"
7101,"23,76"
7102,"10,23,44"
7103,"23,40"
7104,"23,76"
7105,"40,151"
7106,"10,40,44"
7107,"23,76"
7108,"10,40,44"
7109,"23,40,76"
7110,"10,44"
7111,"23,76"
7112,"40,169"
7113,"40,169"
7114,"23,40,76"
7115,"23,76"
7116,"23,40"
7117,"23,76"
7118,"23,40"
7119,"40,162"
7120,"40,162"
7121,"10,40,44"
7122,"0,249"
7123,"40,162"
7124,"3,40"
7125,"23,76"
7126,"169,179"
7127,"3,40"
7128,"10,40"
7129,"10,65"
7130,"3,50"
7131,"0,169"
7132,"10,44"
7133,"0,211"
7134,"10,40,44"
7135,"0,23"
7136,"44,169"
7137,"0,249"
7138,"3,50"
7139,"3,50"
7140,"3,40"
7141,"40,162"
7142,"10,23"
7143,"0,10"
7144,"169,223"
7145,"40,169"
7146,"23,76"
7147,"0,249"
7148,"40,162"
7149,"40,162"
7150,"3,169"
7151,"3,169"
7152,"40,169"
7153,"3,169"
7154,"0,249"
7155,"10,40,44"
7156,"3,40"
7157,"3,50"
7158,"3,169"
7159,"3,40"
7160,"40,162"
7161,"3,23,40"
7162,"40,169"
7163,"3,40"
7164,"3,40"
7165,"169,274"
7166,"3,169"
7167,"3,10"
7168,"3,40"
7169,"3,35"
7170,"10,40,44"
7171,"40,162"
7172,"40,162"
7173,"3,35"
7174,"0,249"
7175,"3,50"
7176,"0,249"
7177,"3,169"
7178,"0,40"
7179,"0,169"
7180,"40,162"
7181,"23,40"
7182,"40,151"
7183,"23,76"
7184,"169,452"
7185,"40,44"
7186,"40,162"
7187,"3,35"
7188,"23,76"
7189,"10,220"
7190,"3,35"
7191,"3,50"
7192,"10,23"
7193,"40,162"
7194,"40,162"
7195,"0,23"
7196,"40,162"
7197,"3,40"
7198,"40,162"
7199,"10,40,44"
7200,"0,23"
7201,"3,40"
7202,"10,23"
7203,"0,211"
7204,"40,169"
7205,"10,23"
7206,"40,162"
7207,"0,40"
7208,"3,40"
7209,"10,40,44"
7210,"3,35"
7211,"3,35"
7212,"3,35"
7213,"40,162"
7214,"23,76"
7215,"10,44"
7216,"3,50"
7217,"40,162"
7218,"40,169"
7219,"10,65"
7220,"10,44"
7221,"23,76"
7222,"10,40,44"
7223,"3,169"
7224,"10,220"
7225,"40,169"
7226,"3,50"
7227,"3,50"
7228,"3,40"
7229,"40,162"
7230,"3,40"
7231,"3,40"
7232,"23,169"
7233,"23,76"
7234,"3,50"
7235,"23,76"
7236,"10,23"
7237,"40,44,162"
7238,"3,40"
7239,"3,23"
7240,"3,35"
7241,"169,223"
7242,"3,40"
7243,"40,169"
7244,"3,40"
7245,"3,35"
7246,"3,40"
7247,"3,50"
7248,"40,162"
7249,"23,76"
7250,"3,169"
7251,"3,35"
7252,"3,35"
7253,"23,40"
7254,"40,162"
7255,"10,40,44"
7256,"3,40"
7257,"3,10"
7258,"3,169"
7259,"0,3"
7260,"23,76"
7261,"3,35"
7262,"40,169"
7263,"40,162"
7264,"0,40"
7265,"23,169"
7266,"23,40"
7267,"0,249"
7268,"3,40"
7269,"40,169"
7270,"3,23"
7271,"3,50"
7272,"3,169"
7273,"3,40"
7274,"3,169"
7275,"0,249"
7276,"23,40"
7277,"23,76"
7278,"40,162"
7279,"40,162"
7280,"3,50"
7281,"3,35"
7282,"23,40"
7283,"10,40,44"
7284,"0,249"
7285,"3,35"
7286,"0,249"
7287,"0,169"
7288,"3,40"
7289,"40,169"
7290,"3,40"
7291,"40,162"
7292,"23,76"
7293,"3,40"
7294,"40,162"
7295,"3,35"
7296,"0,249"
7297,"23,76"
7298,"0,249"
7299,"23,76"
7300,"10,44"
7301,"10,44"
7302,"40,169"
7303,"10,40,44"
7304,"0,169"
7305,"10,40,44"
7306,"3,40"
7307,"3,40"
7308,"10,23"
7309,"0,3"
7310,"3,40"
7311,"3,50"
7312,"10,44"
7313,"23,76"
7314,"0,211"
7315,"0,211"
7316,"23,40"
7317,"3,40"
7318,"3,10"
7319,"169,179"
7320,"23,76"
7321,"3,40"
7322,"40,44"
7323,"3,169"
7324,"3,23,40"
7325,"10,40,44"
7326,"23,76"
7327,"3,40"
7328,"40,162"
7329,"0,23"
7330,"3,40"
7331,"23,76"
7332,"3,40"
7333,"40,162"
7334,"0,249"
7335,"169,274"
7336,"169,223"
7337,"23,76"
7338,"10,23"
7339,"40,162"
7340,"3,50"
7341,"10,23"
7342,"40,151"
7343,"3,40"
7344,"40,169"
7345,"3,40"
7346,"3,40"
7347,"3,169"
7348,"23,76"
7349,"3,50"
7350,"23,40"
7351,"0,23"
7352,"23,76"
7353,"40,162"
7354,"0,40"
7355,"10,23"
7356,"3,40"
7357,"3,169"
7358,"3,50"
7359,"3,169"
7360,"40,162"
7361,"3,40"
7362,"40,162"
7363,"3,40"
7364,"3,40"
7365,"10,40"
7366,"3,169"
7367,"23,40"
7368,"3,40"
7369,"23,40"
7370,"0,10"
7371,"0,40"
7372,"3,50"
7373,"3,35"
7374,"3,50"
7375,"23,40"
7376,"10,40,44"
7377,"10,44"
7378,"40,162"
7379,"3,50"
7380,"23,169"
7381,"3,40"
7382,"10,44"
7383,"3,169"
7384,"0,23"
7385,"0,40"
7386,"3,50"
7387,"10,44"
7388,"23,76"
7389,"3,35"
7390,"3,50"
7391,"40,162"
7392,"10,40,44"
7393,"23,40,169"
7394,"10,23,40"
7395,"3,23,40"
7396,"40,169"
7397,"3,50"
7398,"0,10"
7399,"23,40"
7400,"10,40,44"
7401,"23,76"
7402,"10,40"
7403,"23,40"
7404,"3,40"
7405,"10,44"
7406,"3,40"
7407,"0,249"
7408,"3,169"
7409,"23,76"
7410,"3,169"
7411,"40,162"
7412,"40,162"
7413,"3,50"
7414,"3,35"
7415,"10,40,44"
7416,"10,40"
7417,"169,259"
7418,"40,162"
7419,"23,40"
7420,"0,10"
7421,"3,40"
7422,"0,169"
7423,"10,44"
7424,"23,169"
7425,"3,50"
7426,"10,44"
7427,"0,249"
7428,"3,50"
7429,"10,40,44"
7430,"3,40"
7431,"23,76"
7432,"40,169"
7433,"3,23"
7434,"169,223"
7435,"40,162"
7436,"3,35"
7437,"23,76"
7438,"0,23"
7439,"10,23"
7440,"0,23"
7441,"10,44"
7442,"169,223"
7443,"10,44"
7444,"40,169"
7445,"3,40"
7446,"23,76"
7447,"23,40"
7448,"3,35"
7449,"23,76"
7450,"3,40"
7451,"3,35"
7452,"10,40,44"
7453,"3,169"
7454,"23,76"
7455,"3,35"
7456,"40,169"
7457,"10,44"
7458,"3,23"
7459,"10,44"
7460,"23,76"
7461,"3,35"
7462,"10,23"
7463,"3,50"
7464,"40,169"
7465,"3,40"
7466,"23,40"
7467,"0,23"
7468,"23,40"
7469,"3,50"
7470,"23,40"
7471,"23,76"
7472,"10,44,169"
7473,"40,169"
7474,"0,249"
7475,"3,35"
7476,"40,162"
7477,"40,169"
7478,"10,23"
7479,"0,40"
7480,"3,40"
7481,"10,40,44"
7482,"40,169"
7483,"3,50"
7484,"0,249"
7485,"10,44"
7486,"0,40"
7487,"40,162"
7488,"0,3"
7489,"40,162"
7490,"3,35"
7491,"3,40"
7492,"3,40"
7493,"10,23"
7494,"23,40"
7495,"23,40,76"
7496,"3,40"
7497,"10,23"
7498,"23,76"
7499,"40,169"
7500,"3,50"
7501,"0,249"
7502,"10,44"
7503,"0,211"
7504,"23,169"
7505,"23,40,169"
7506,"23,76"
7507,"3,50"
7508,"40,169"
7509,"23,76"
7510,"3,40"
7511,"23,40"
7512,"0,169"
7513,"10,23"
7514,"23,76"
7515,"3,40"
7516,"3,50"
7517,"3,169"
7518,"40,162"
7519,"3,40,169"
7520,"10,23"
7521,"23,76"
7522,"23,76"
7523,"169,223"
7524,"0,211"
7525,"23,40"
7526,"3,35"
7527,"40,162"
7528,"3,35"
7529,"40,169"
7530,"10,23"
7531,"10,44"
7532,"40,162"
7533,"3,50"
7534,"3,50"
7535,"23,76"
7536,"3,10"
7537,"3,40"
7538,"3,50"
7539,"0,23,40"
7540,"3,40"
7541,"40,169"
7542,"40,151"
7543,"23,76"
7544,"0,211"
7545,"3,50"
7546,"0,23"
7547,"10,23"
7548,"0,211"
7549,"40,44"
7550,"3,40"
7551,"0,211"
7552,"3,169"
7553,"3,50"
7554,"10,65"
7555,"10,220"
7556,"3,23"
7557,"3,169"
7558,"23,40"
7559,"40,169"
7560,"23,40,44"
7561,"3,50"
7562,"23,169"
7563,"23,76"
7564,"3,50"
7565,"10,44"
7566,"10,23"
7567,"0,249"
7568,"10,44"
7569,"3,40"
7570,"10,65"
7571,"40,162"
7572,"23,40,44"
7573,"10,40"
7574,"3,40"
7575,"23,76"
7576,"3,50"
7577,"23,40"
7578,"169,223"
7579,"10,23"
7580,"23,76"
7581,"10,40,44"
7582,"0,249"
7583,"3,35"
7584,"40,162"
7585,"3,169"
7586,"3,35"
7587,"23,76"
7588,"3,35"
7589,"10,40,44"
7590,"3,50"
7591,"40,162"
7592,"3,35"
7593,"3,50"
7594,"3,50"
7595,"0,211"
7596,"23,76"
7597,"10,40"
7598,"23,40"
7599,"23,169"
7600,"169,223"
7601,"23,76"
7602,"10,23"
7603,"23,40"
7604,"23,76"
7605,"0,249"
7606,"23,76"
7607,"3,50"
7608,"0,10"
7609,"23,76"
7610,"0,249"
7611,"3,35"
7612,"10,44"
7613,"0,23"
7614,"10,44"
7615,"0,249"
7616,"10,44"
7617,"10,40,44"
7618,"3,50"
7619,"23,76"
7620,"23,76"
7621,"10,44"
7622,"10,23"
7623,"3,50"
7624,"40,169"
7625,"0,10"
7626,"3,40"
7627,"3,35"
7628,"3,40"
7629,"40,151"
7630,"23,40"
7631,"3,35"
7632,"23,76"
7633,"10,44"
7634,"23,76"
7635,"3,169"
7636,"10,23"
7637,"23,40"
7638,"40,151"
7639,"3,40"
7640,"23,76"
7641,"3,23"
7642,"0,249"
7643,"0,23"
7644,"3,169"
7645,"23,40"
7646,"3,50"
7647,"0,3"
7648,"23,76"
7649,"0,211"
7650,"40,169,452"
7651,"10,44"
7652,"40,162"
7653,"3,40"
7654,"10,44"
7655,"23,76"
7656,"23,76"
7657,"3,35"
7658,"23,40"
7659,"3,50"
7660,"3,40"
7661,"40,162"
7662,"10,220"
7663,"10,40,44"
7664,"169,274"
7665,"40,162"
7666,"40,169"
7667,"3,35"
7668,"3,35"
7669,"3,50"
7670,"0,211"
7671,"40,169"
7672,"40,44"
7673,"10,44"
7674,"40,169"
7675,"23,76"
7676,"3,40"
7677,"23,40"
7678,"23,76"
7679,"3,50"
7680,"3,40"
7681,"40,169"
7682,"40,162"
7683,"0,23"
7684,"3,35"
7685,"10,23,40"
7686,"0,3"
7687,"3,50"
7688,"40,162"
7689,"3,40"
7690,"3,50"
7691,"40,162"
7692,"3,40"
7693,"10,23"
7694,"3,50"
7695,"10,40,44"
7696,"0,211"
7697,"3,40"
7698,"3,40"
7699,"23,76"
7700,"40,169"
7701,"23,40"
7702,"40,169"
7703,"10,23"
7704,"23,40"
7705,"3,40"
7706,"3,50"
7707,"3,35"
7708,"23,40"
7709,"40,162"
7710,"40,151"
7711,"23,40,44"
7712,"3,50"
7713,"23,40"
7714,"0,23"
7715,"10,44"
7716,"0,169"
7717,"3,40"
7718,"10,44"
7719,"3,35"
7720,"40,162"
7721,"10,44"
7722,"3,40"
7723,"23,76"
7724,"3,35"
7725,"40,44"
7726,"3,40"
7727,"10,40"
7728,"40,162"
7729,"3,40"
7730,"3,40"
7731,"40,169"
7732,"0,3"
7733,"10,23"
7734,"10,40"
7735,"10,44"
7736,"23,40,169"
7737,"3,35"
7738,"40,151"
7739,"3,40"
7740,"23,40"
7741,"3,23"
7742,"3,35"
7743,"3,40"
7744,"3,35"
7745,"3,40"
7746,"40,151"
7747,"3,50"
7748,"10,23"
7749,"3,40"
7750,"10,44"
7751,"3,35"
7752,"0,249"
7753,"3,40"
7754,"0,3"
7755,"0,3"
7756,"3,40"
7757,"23,169"
7758,"23,76"
7759,"23,76"
7760,"10,23,40"
7761,"0,249"
7762,"40,162"
7763,"0,23"
7764,"23,76"
7765,"3,40"
7766,"10,65"
7767,"3,169"
7768,"3,50"
7769,"40,162"
7770,"3,40"
7771,"3,50"
7772,"3,40"
7773,"40,44,169"
7774,"0,249"
7775,"0,249"
7776,"3,35"
7777,"10,23"
7778,"40,162"
7779,"10,23,40"
7780,"10,44"
7781,"3,40"
7782,"23,76"
7783,"0,169"
7784,"0,3"
7785,"10,220"
7786,"3,40"
7787,"23,76"
7788,"0,40"
7789,"23,40"
7790,"23,76"
7791,"10,44"
7792,"3,40"
7793,"3,40"
7794,"10,44"
7795,"3,40"
7796,"10,44"
7797,"10,40"
7798,"40,169"
7799,"23,40"
7800,"3,40"
7801,"10,40,44"
7802,"23,40"
7803,"3,10"
7804,"3,50"
7805,"3,40"
7806,"40,162"
7807,"3,35"
7808,"3,23"
7809,"10,44"
7810,"0,23"
7811,"3,40"
7812,"10,44"
7813,"0,169"
7814,"40,169"
7815,"40,162"
7816,"3,40"
7817,"10,44"
7818,"3,50"
7819,"3,50"
7820,"10,23"
7821,"23,40"
7822,"0,211"
7823,"10,40,44"
7824,"3,35"
7825,"3,35"
7826,"40,169"
7827,"0,249"
7828,"40,44"
7829,"0,23"
7830,"10,23"
7831,"169,274"
7832,"3,40"
7833,"10,40,44"
7834,"3,50"
7835,"40,169"
7836,"169,251"
7837,"40,169"
7838,"10,44"
7839,"10,40,44"
7840,"3,50"
7841,"23,76"
7842,"40,44"
7843,"3,40"
7844,"0,249"
7845,"23,76"
7846,"40,162"
7847,"40,151"
7848,"3,35"
7849,"3,35"
7850,"3,40"
7851,"3,50"
7852,"40,162"
7853,"0,23"
7854,"10,40,44"
7855,"169,274"
7856,"10,40,44"
7857,"10,40"
7858,"3,40"
7859,"0,211"
7860,"0,249"
7861,"3,50"
7862,"23,76"
7863,"10,40"
7864,"23,76"
7865,"3,40"
7866,"10,40,44"
7867,"23,76"
7868,"0,169"
7869,"3,50"
7870,"10,23"
7871,"23,76"
7872,"3,40"
7873,"40,44"
7874,"3,40"
7875,"23,40"
7876,"3,23,40"
7877,"10,44"
7878,"40,162"
7879,"0,169"
7880,"3,40"
7881,"3,40"
7882,"10,23"
7883,"10,23"
7884,"40,162"
7885,"0,169"
7886,"3,35"
7887,"3,35"
7888,"0,249"
7889,"3,23"
7890,"3,35"
7891,"0,211"
7892,"10,44"
7893,"0,249"
7894,"3,35"
7895,"3,10"
7896,"40,162"
7897,"40,169"
7898,"3,40"
7899,"3,40"
7900,"10,40"
7901,"10,23"
7902,"0,249"
7903,"10,23"
7904,"3,40"
7905,"3,169"
7906,"40,169"
7907,"3,169"
7908,"169,223"
7909,"23,40"
7910,"3,169"
7911,"40,44"
7912,"23,40"
7913,"0,169"
7914,"10,23"
7915,"3,35"
7916,"3,35"
7917,"23,76"
7918,"10,40,44"
7919,"40,169"
7920,"40,169"
7921,"10,23"
7922,"10,169"
7923,"10,40,44"
7924,"3,169"
7925,"23,40"
7926,"10,65"
7927,"23,40"
7928,"23,76"
7929,"40,162"
7930,"0,23"
7931,"3,35"
7932,"0,3"
7933,"3,35"
7934,"3,23"
7935,"169,223"
7936,"3,40"
7937,"0,23"
7938,"10,40,44"
7939,"3,35"
7940,"3,40"
7941,"3,23"
7942,"10,44"
7943,"40,169"
7944,"40,162"
7945,"23,40"
7946,"40,169"
7947,"10,23"
7948,"40,162"
7949,"10,23"
7950,"23,76"
7951,"3,40"
7952,"3,50"
7953,"40,162"
7954,"0,249"
7955,"40,162"
7956,"3,50"
7957,"10,40,44"
7958,"40,162"
7959,"0,249"
7960,"169,259"
7961,"0,169"
7962,"10,40,44"
7963,"3,50"
7964,"3,50"
7965,"3,40"
7966,"3,35"
7967,"3,35"
7968,"10,40,44"
7969,"3,169"
7970,"3,40"
7971,"3,40"
7972,"40,162"
7973,"3,50"
7974,"0,249"
7975,"23,76"
7976,"10,40,44"
7977,"10,40,44"
7978,"0,249"
7979,"3,40"
7980,"10,23"
7981,"10,23"
7982,"40,162"
7983,"3,23"
7984,"3,35"
7985,"40,162"
7986,"10,23,169"
7987,"40,162"
7988,"3,40"
7989,"10,23"
7990,"23,76"
7991,"23,76"
7992,"3,50"
7993,"10,23"
7994,"10,23"
7995,"40,169"
7996,"0,211"
7997,"3,50"
7998,"3,40"
7999,"23,76"
8000,"169,274"
8001,"3,23,40"
8002,"40,162"
8003,"3,40"
8004,"40,44"
8005,"3,40"
8006,"10,65"
8007,"3,35"
8008,"3,40"
8009,"10,23"
8010,"23,76"
8011,"3,35"
8012,"0,23"
8013,"23,40,76"
8014,"0,249"
8015,"23,76"
8016,"3,169"
8017,"3,40"
8018,"3,40"
8019,"10,40,44"
8020,"10,44"
8021,"3,40"
8022,"23,40"
8023,"3,40"
8024,"10,44"
8025,"3,40"
8026,"3,40"
8027,"10,44"
8028,"0,3"
8029,"3,50"
8030,"3,169"
8031,"40,169"
8032,"23,76"
8033,"3,35"
8034,"10,23"
8035,"3,40"
8036,"23,40"
8037,"40,162"
8038,"40,151"
8039,"10,44"
8040,"3,50"
8041,"3,23,40"
8042,"3,40"
8043,"0,249"
8044,"40,169"
8045,"10,23"
8046,"3,50"
8047,"3,35"
8048,"3,40"
8049,"23,169"
8050,"3,35"
8051,"23,76"
8052,"0,249"
8053,"3,40"
8054,"3,50"
8055,"10,40,44"
8056,"23,40,169"
8057,"23,169"
8058,"3,40"
8059,"40,162"
8060,"10,220"
8061,"10,44"
8062,"3,40,169"
8063,"40,162"
8064,"10,23"
8065,"169,274"
8066,"3,50"
8067,"3,50"
8068,"3,40"
8069,"40,44"
8070,"3,40"
8071,"10,44"
8072,"10,40,44"
8073,"40,162"
8074,"23,169"
8075,"23,76"
8076,"40,162"
8077,"3,10"
8078,"10,40"
8079,"3,50"
8080,"3,40"
8081,"23,76"
8082,"0,23"
8083,"40,162"
8084,"3,40"
8085,"40,162"
8086,"3,35"
8087,"0,211"
8088,"0,249"
8089,"0,23"
8090,"0,23"
8091,"3,40"
8092,"10,40,44"
8093,"10,220"
8094,"40,169"
8095,"3,169"
8096,"40,162"
8097,"3,35"
8098,"10,23"
8099,"10,40,44"
8100,"10,23,40"
8101,"40,169"
8102,"10,23"
8103,"3,40"
8104,"3,50"
8105,"3,50"
8106,"40,44"
8107,"3,40"
8108,"3,50"
8109,"0,23"
8110,"3,35"
8111,"23,76"
8112,"3,23"
8113,"3,40"
8114,"40,162"
8115,"3,23"
8116,"3,35"
8117,"10,220"
8118,"3,35"
8119,"23,40"
8120,"10,23"
8121,"23,76"
8122,"3,50"
8123,"23,40"
8124,"40,169"
8125,"169,274"
8126,"10,44"
8127,"10,40,44"
8128,"10,23"
8129,"40,162"
8130,"23,76"
8131,"0,249"
8132,"23,76"
8133,"3,40"
8134,"10,220"
8135,"0,249"
8136,"40,169"
8137,"3,35"
8138,"3,40"
8139,"10,40"
8140,"23,76"
8141,"3,40"
8142,"10,40,44"
8143,"169,323"
8144,"169,452"
8145,"40,162"
8146,"3,40"
8147,"3,35"
8148,"3,50"
8149,"10,23"
8150,"169,452"
8151,"0,249"
8152,"40,162"
8153,"10,23"
8154,"0,211"
8155,"3,40"
8156,"0,40"
8157,"23,40"
8158,"0,249"
8159,"23,40"
8160,"40,162"
8161,"40,151"
8162,"3,169"
8163,"3,50"
8164,"10,40,44"
8165,"3,40"
8166,"23,76"
8167,"3,40"
8168,"3,50"
8169,"3,40"
8170,"0,23"
8171,"10,40,44"
8172,"169,274"
8173,"23,76"
8174,"0,211"
8175,"0,211"
8176,"40,162"
8177,"3,10"
8178,"0,249"
8179,"3,50"
8180,"169,223"
8181,"40,162"
8182,"3,40"
8183,"3,23"
8184,"40,162"
8185,"40,44"
8186,"3,169"
8187,"3,50"
8188,"3,40"
8189,"40,169"
8190,"23,40"
8191,"40,162"
8192,"3,50"
8193,"10,23"
8194,"3,35"
8195,"23,76"
8196,"10,40,44"
8197,"3,50"
8198,"23,76"
8199,"10,65"
8200,"10,220"
8201,"0,211"
8202,"0,3"
8203,"3,169"
8204,"23,76"
8205,"0,23"
8206,"23,76"
8207,"0,211"
8208,"23,40"
8209,"10,40,169"
8210,"0,23"
8211,"10,23"
8212,"23,40"
8213,"0,249"
8214,"10,23,40"
8215,"0,23"
8216,"10,220"
8217,"3,35"
8218,"3,50"
8219,"23,76"
8220,"3,40"
8221,"23,76"
8222,"23,40"
8223,"3,40"
8224,"23,40"
8225,"23,169"
8226,"23,40"
8227,"3,40"
8228,"0,23"
8229,"23,40"
8230,"3,40"
8231,"0,249"
8232,"23,76"
8233,"23,76"
8234,"3,35"
8235,"23,40"
8236,"23,40,76"
8237,"3,50"
8238,"0,3"
8239,"0,249"
8240,"0,249"
8241,"23,76"
8242,"3,35"
8243,"40,162"
8244,"40,151"
8245,"40,44"
8246,"10,23"
8247,"40,44"
8248,"3,50"
8249,"0,211"
8250,"23,76"
8251,"40,169"
8252,"0,211"
8253,"0,23"
8254,"10,44"
8255,"10,23"
8256,"10,23"
8257,"0,3"
8258,"23,76"
8259,"40,162"
8260,"10,23"
8261,"10,23"
8262,"23,40"
8263,"3,169"
8264,"0,40"
8265,"169,223"
8266,"3,10"
8267,"10,23"
8268,"40,169"
8269,"23,40"
8270,"0,249"
8271,"3,169"
8272,"169,274"
8273,"23,40"
8274,"3,50"
8275,"23,76"
8276,"3,23"
8277,"3,40"
8278,"3,50"
8279,"23,40"
8280,"10,44"
8281,"40,169"
8282,"3,50"
8283,"3,169"
8284,"0,211"
8285,"40,162"
8286,"40,151"
8287,"3,35"
8288,"3,35"
8289,"3,35"
8290,"23,76"
8291,"23,40"
8292,"10,44"
8293,"40,162"
8294,"10,23"
8295,"0,249"
8296,"3,169"
8297,"3,50"
8298,"40,162"
8299,"3,35"
8300,"0,169"
8301,"0,169"
8302,"3,35"
8303,"3,40"
8304,"23,76"
8305,"3,35"
8306,"3,50"
8307,"0,249"
8308,"3,35"
8309,"40,162"
8310,"3,40"
8311,"0,169"
8312,"3,10"
8313,"23,76"
8314,"10,40,44"
8315,"3,50"
8316,"0,249"
8317,"3,40"
8318,"40,169"
8319,"23,76"
8320,"3,169"
8321,"3,40"
8322,"10,23"
8323,"10,23"
8324,"10,40,44"
8325,"10,44"
8326,"40,169"
8327,"3,40"
8328,"23,40"
8329,"23,169"
8330,"10,44"
8331,"3,50"
8332,"10,23"
8333,"10,44"
8334,"3,35"
8335,"3,35"
8336,"3,169"
8337,"3,40"
8338,"3,40"
8339,"40,151"
8340,"3,50"
8341,"3,40"
8342,"3,50"
8343,"0,249"
8344,"10,65"
8345,"23,40"
8346,"3,40"
8347,"3,40"
8348,"23,40"
8349,"23,76"
8350,"23,40,44"
8351,"10,44"
8352,"10,40,44"
8353,"23,76"
8354,"10,40,44"
8355,"3,35,40"
8356,"10,23"
8357,"3,50"
8358,"23,40"
8359,"10,40,44"
8360,"23,76"
8361,"169,223"
8362,"40,169"
8363,"0,40"
8364,"23,40"
8365,"0,211"
8366,"3,50"
8367,"3,23"
8368,"10,44"
8369,"3,35"
8370,"23,76"
8371,"23,76"
8372,"3,169"
8373,"23,40"
8374,"40,151"
8375,"3,35"
8376,"10,23"
8377,"0,249"
8378,"3,35"
8379,"10,44"
8380,"23,76"
8381,"3,40"
8382,"3,40"
8383,"10,23"
8384,"10,40,44"
8385,"0,249"
8386,"3,40,169"
8387,"40,44"
8388,"3,169"
8389,"10,220"
8390,"3,40"
8391,"40,162"
8392,"3,40"
8393,"3,35"
8394,"23,76"
8395,"3,169"
8396,"0,3"
8397,"10,40,44"
8398,"40,169"
8399,"23,40"
8400,"10,44"
8401,"23,40"
8402,"3,35"
8403,"40,169"
8404,"40,169"
8405,"3,169"
8406,"23,76"
8407,"10,40,44"
8408,"3,40"
8409,"3,40"
8410,"23,76"
8411,"23,169"
8412,"10,23"
8413,"10,40,44"
8414,"10,65"
8415,"10,40,44"
8416,"10,40,44"
8417,"3,10"
8418,"3,50"
8419,"23,76"
8420,"0,23"
8421,"10,44"
8422,"23,76"
8423,"40,169"
8424,"40,162"
8425,"40,162"
8426,"23,40"
8427,"23,76"
8428,"23,76"
8429,"40,44"
8430,"3,40"
8431,"169,274"
8432,"0,211"
8433,"10,40"
8434,"10,44"
8435,"3,169"
8436,"3,40"
8437,"0,3"
8438,"23,40,76"
8439,"3,40"
8440,"40,169"
8441,"3,35"
8442,"0,249"
8443,"3,35"
8444,"23,76"
8445,"23,40"
8446,"169,223"
8447,"10,40,44"
8448,"0,249"
8449,"3,35"
8450,"0,249"
8451,"23,40,76"
8452,"3,50"
8453,"0,23"
8454,"40,162"
8455,"23,40"
8456,"10,23,44"
8457,"3,40,169"
8458,"40,44,169"
8459,"0,249"
8460,"0,249"
8461,"23,40"
8462,"23,169"
8463,"10,40,44"
8464,"3,40"
8465,"40,151"
8466,"23,169"
8467,"3,40"
8468,"23,40"
8469,"40,44"
8470,"3,35"
8471,"0,249"
8472,"169,223"
8473,"10,65"
8474,"169,323"
8475,"0,23"
8476,"0,249"
8477,"23,76"
8478,"10,44"
8479,"40,169"
8480,"3,35"
8481,"10,220"
8482,"0,40"
8483,"10,23"
8484,"169,223"
8485,"10,220"
8486,"3,40"
8487,"40,169"
8488,"3,23"
8489,"10,40,44"
8490,"3,169"
8491,"40,162"
8492,"0,3"
8493,"3,50"
8494,"23,40"
8495,"23,76"
8496,"0,249"
8497,"10,23"
8498,"10,44"
8499,"3,169"
8500,"169,223"
8501,"3,40"
8502,"0,249"
8503,"23,40"
8504,"3,169"
8505,"10,23"
8506,"3,40"
8507,"3,169"
8508,"10,44"
8509,"40,151"
8510,"3,23"
8511,"10,169"
8512,"3,40"
8513,"3,50"
8514,"40,169"
8515,"3,35"
8516,"3,169"
8517,"169,223"
8518,"0,249"
8519,"10,40,44"
8520,"40,169"
8521,"3,35"
8522,"10,23"
8523,"0,40"
8524,"3,40"
8525,"3,10"
8526,"23,40"
8527,"10,40,44"
8528,"3,40"
8529,"3,40"
8530,"3,169"
8531,"3,23,40"
8532,"3,35"
8533,"3,35"
8534,"10,220"
8535,"3,35"
8536,"10,40,44"
8537,"23,76"
8538,"10,23"
8539,"0,249"
8540,"3,40"
8541,"3,40"
8542,"3,35,40"
8543,"3,40"
8544,"3,10"
8545,"3,35"
8546,"0,249"
8547,"3,50"
8548,"40,162"
8549,"0,23"
8550,"40,162"
8551,"0,211"
8552,"0,10"
8553,"3,40"
8554,"3,40"
8555,"3,169"
8556,"3,169"
8557,"0,169"
8558,"23,76"
8559,"0,10"
8560,"10,40"
8561,"10,44"
8562,"10,44"
8563,"23,76"
8564,"10,40,44"
8565,"0,40"
8566,"40,44"
8567,"169,223"
8568,"40,169"
8569,"40,162"
8570,"3,50"
8571,"3,40"
8572,"0,10"
8573,"169,223"
8574,"0,211"
8575,"3,35"
8576,"10,40"
8577,"3,40"
8578,"40,162,169"
8579,"23,76"
8580,"3,169"
8581,"23,40"
8582,"10,23"
8583,"3,50"
8584,"10,23,40"
8585,"40,162"
8586,"3,40"
8587,"23,76"
8588,"10,40,44"
8589,"10,23"
8590,"3,40"
8591,"10,23,40"
8592,"23,76"
8593,"40,169"
8594,"10,23,40"
8595,"3,169"
8596,"10,65"
8597,"0,211"
8598,"40,169"
8599,"3,35"
8600,"40,162"
8601,"10,44"
8602,"40,169"
8603,"3,40"
8604,"3,40"
8605,"3,169"
8606,"3,35"
8607,"10,44"
8608,"40,169"
8609,"40,169"
8610,"3,169"
8611,"23,76"
8612,"10,40,44"
8613,"10,40,44"
8614,"0,249"
8615,"23,40"
8616,"0,249"
8617,"10,23"
8618,"3,169"
8619,"0,10"
8620,"3,40"
8621,"3,40"
8622,"0,3,40"
8623,"169,259"
8624,"3,10"
8625,"40,162"
8626,"10,44"
8627,"10,23"
8628,"40,162"
8629,"23,76"
8630,"3,35"
8631,"3,169"
8632,"23,76"
8633,"3,169"
8634,"3,40"
8635,"3,169"
8636,"23,76"
8637,"3,35"
8638,"3,40"
8639,"3,35"
8640,"3,23,40"
8641,"40,162"
8642,"40,162"
8643,"23,76"
8644,"40,44"
8645,"0,3"
8646,"3,40"
8647,"23,40,76"
8648,"40,151"
8649,"3,35"
8650,"3,50"
8651,"10,23"
8652,"0,211"
8653,"40,162"
8654,"40,169"
8655,"23,40"
8656,"3,35"
8657,"3,40"
8658,"23,40"
8659,"23,40"
8660,"40,162"
8661,"0,249"
8662,"10,44"
8663,"40,162"
8664,"10,40,44"
8665,"40,162"
8666,"0,3"
8667,"0,169"
8668,"3,50"
8669,"23,76"
8670,"3,40"
8671,"0,23"
8672,"10,44"
8673,"0,3"
8674,"40,162"
8675,"3,35"
8676,"10,65"
8677,"3,40"
8678,"169,274"
8679,"23,76"
8680,"169,223"
8681,"0,249"
8682,"3,169"
8683,"3,50"
8684,"3,169"
8685,"3,35"
8686,"169,223"
8687,"23,76"
8688,"10,23"
8689,"0,249"
8690,"169,223"
8691,"3,50"
8692,"40,151"
8693,"3,40"
8694,"10,44"
8695,"40,162"
8696,"10,40"
8697,"10,23"
8698,"10,44"
8699,"0,249"
8700,"0,169"
8701,"10,44"
8702,"3,40"
8703,"3,35"
8704,"0,169"
8705,"23,76"
8706,"3,40"
8707,"23,76"
8708,"23,76"
8709,"10,23"
8710,"23,40"
8711,"23,40"
8712,"23,76"
8713,"40,162"
8714,"10,40,44"
8715,"40,169"
8716,"3,40"
8717,"40,151"
8718,"10,65"
8719,"0,3"
8720,"0,249"
8721,"3,50"
8722,"3,50"
8723,"23,40,76"
8724,"3,40"
8725,"10,40,44"
8726,"10,44"
8727,"23,76"
8728,"23,76"
8729,"3,35"
8730,"40,162"
8731,"0,249"
8732,"10,40,44"
8733,"40,162"
8734,"3,40"
8735,"3,40"
8736,"3,35"
8737,"10,23"
8738,"10,40,44"
8739,"23,169"
8740,"23,76"
8741,"23,76"
8742,"3,50"
8743,"169,274"
8744,"0,10"
8745,"0,211"
8746,"40,44"
8747,"3,50"
8748,"0,169"
8749,"0,23"
8750,"0,211"
8751,"0,249"
8752,"40,162"
8753,"0,40"
8754,"10,44"
8755,"3,40"
8756,"0,3"
8757,"10,44"
8758,"0,249"
8759,"3,23"
8760,"3,40"
8761,"3,23,40"
8762,"169,223"
8763,"40,162"
8764,"3,35"
8765,"0,249"
8766,"3,23"
8767,"23,76"
8768,"10,44"
8769,"23,40"
8770,"0,23"
8771,"10,44"
8772,"23,40"
8773,"10,23"
8774,"40,162"
8775,"10,65"
8776,"3,40"
8777,"3,23"
8778,"23,76"
8779,"3,40"
8780,"40,295"
8781,"0,249"
8782,"40,162"
8783,"169,223"
8784,"23,169"
8785,"10,40"
8786,"10,23,44"
8787,"23,76"
8788,"3,40"
8789,"23,40"
8790,"10,40"
8791,"10,220"
8792,"0,23"
8793,"23,40"
8794,"3,169"
8795,"3,35"
8796,"0,23"
8797,"3,50"
8798,"10,65"
8799,"3,35"
8800,"40,151"
8801,"0,23"
8802,"3,23"
8803,"10,23"
8804,"10,23"
8805,"0,211"
8806,"10,40,44"
8807,"23,76"
8808,"3,40"
8809,"23,76"
8810,"23,76"
8811,"3,40"
8812,"10,44"
8813,"0,249"
8814,"23,76"
8815,"3,50"
8816,"3,40"
8817,"3,35"
8818,"0,169"
8819,"23,76"
8820,"23,40"
8821,"0,249"
8822,"40,169"
8823,"0,249"
8824,"0,23"
8825,"23,76"
8826,"3,50"
8827,"40,169"
8828,"3,35"
8829,"0,23"
8830,"0,23"
8831,"3,40"
8832,"40,44,162"
8833,"3,50"
8834,"3,40"
8835,"0,249"
8836,"10,40,44"
8837,"40,169"
8838,"23,76"
8839,"0,23"
8840,"3,35"
8841,"40,162"
8842,"23,40"
8843,"3,40"
8844,"23,76"
8845,"3,40"
8846,"169,274"
8847,"3,40"
8848,"40,44"
8849,"40,162"
8850,"10,44"
8851,"40,162"
8852,"10,44"
8853,"169,223"
8854,"169,223"
8855,"40,162"
8856,"10,23"
8857,"10,40,44"
8858,"10,44"
8859,"23,40,44"
8860,"23,76"
8861,"0,169"
8862,"3,50"
8863,"10,44"
8864,"23,40,76"
8865,"10,169"
8866,"40,169"
8867,"3,169"
8868,"3,23"
8869,"3,169"
8870,"10,23"
8871,"169,323"
8872,"10,44"
8873,"3,50"
8874,"40,44"
8875,"40,162"
8876,"3,169"
8877,"10,23"
8878,"0,249"
8879,"40,169"
8880,"3,40"
8881,"10,23"
8882,"0,169"
8883,"10,40,44"
8884,"3,50"
8885,"3,40"
8886,"3,35"
8887,"10,220"
8888,"23,40,44"
8889,"3,40"
8890,"40,162"
8891,"40,169"
8892,"0,169"
8893,"3,169"
8894,"10,23"
8895,"3,35"
8896,"0,211"
8897,"3,50"
8898,"10,220"
8899,"3,40"
8900,"0,249"
8901,"169,323"
8902,"40,162"
8903,"23,76"
8904,"10,40,44"
8905,"3,35"
8906,"3,50"
8907,"40,162"
8908,"3,40"
8909,"40,162"
8910,"3,23"
8911,"23,40"
8912,"3,40"
8913,"44,169"
8914,"3,35"
8915,"40,162"
8916,"40,151"
8917,"40,162"
8918,"10,40,44"
8919,"3,40"
8920,"23,76"
8921,"169,274"
8922,"23,40,44"
8923,"3,35"
8924,"0,40"
8925,"10,23"
8926,"40,162"
8927,"10,65"
8928,"3,40"
8929,"3,40"
8930,"40,44,162"
8931,"169,452"
8932,"10,44"
8933,"10,23"
8934,"3,40"
8935,"23,76"
8936,"3,35"
8937,"23,76"
8938,"0,249"
8939,"169,223"
8940,"23,76"
8941,"3,40"
8942,"40,169"
8943,"10,44"
8944,"0,249"
8945,"23,169"
8946,"0,40"
8947,"23,76"
8948,"10,23"
8949,"10,44"
8950,"3,40"
8951,"40,162"
8952,"3,40"
8953,"23,40,169"
8954,"10,65"
8955,"40,162"
8956,"10,40,44"
8957,"40,169"
8958,"3,40"
8959,"40,162"
8960,"10,44"
8961,"23,40"
8962,"3,40"
8963,"23,76"
8964,"10,40,44"
8965,"10,40,44"
8966,"3,50"
8967,"3,35"
8968,"3,35"
8969,"3,40"
8970,"3,50"
8971,"23,40"
8972,"3,35"
8973,"0,40"
8974,"40,162"
8975,"3,35"
8976,"0,3"
8977,"40,162"
8978,"10,40,44"
8979,"10,44"
8980,"10,220"
8981,"3,40"
8982,"40,44"
8983,"3,35"
8984,"40,169"
8985,"10,40,44"
8986,"0,40"
8987,"23,169"
8988,"23,76"
8989,"40,169"
8990,"3,35"
8991,"40,151"
8992,"10,40,44"
8993,"23,40"
8994,"23,76"
8995,"10,40,44"
8996,"23,76"
8997,"40,162"
8998,"10,23"
8999,"3,35"
9000,"3,35"
9001,"23,169"
9002,"10,44"
9003,"40,44"
9004,"10,23"
9005,"40,162"
9006,"10,44"
9007,"3,35"
9008,"10,40,44"
9009,"3,35"
9010,"0,211"
9011,"23,76"
9012,"10,44"
9013,"10,44"
9014,"10,44"
9015,"10,23,40"
9016,"3,40"
9017,"3,50"
9018,"10,44"
9019,"10,23"
9020,"10,23"
9021,"3,40"
9022,"3,35"
9023,"169,179"
9024,"0,249"
9025,"0,249"
9026,"3,35"
9027,"3,40"
9028,"23,76"
9029,"10,44"
9030,"23,40"
9031,"23,40,76"
9032,"3,40"
9033,"10,220"
9034,"3,23"
9035,"0,211,249"
9036,"3,35"
9037,"10,44"
9038,"40,169"
9039,"3,35"
9040,"0,23"
9041,"23,76"
9042,"40,162"
9043,"23,40"
9044,"3,50"
9045,"0,249"
9046,"3,50"
9047,"10,65"
9048,"10,44"
9049,"3,50"
9050,"0,10"
9051,"0,3"
9052,"3,40"
9053,"3,40"
9054,"10,44"
9055,"3,35"
9056,"3,40"
9057,"23,76"
9058,"40,162"
9059,"3,23"
9060,"0,249"
9061,"10,40,44"
9062,"40,151"
9063,"10,40,44"
9064,"3,40"
9065,"40,162"
9066,"40,169"
9067,"23,76"
9068,"3,50"
9069,"3,50"
9070,"10,220"
9071,"23,76"
9072,"10,40,44"
9073,"40,169"
9074,"169,179"
9075,"0,249"
9076,"10,65"
9077,"0,169"
9078,"40,162"
9079,"3,35"
9080,"0,249"
9081,"40,151"
9082,"10,65"
9083,"23,76"
9084,"40,162"
9085,"3,35"
9086,"40,169"
9087,"0,249"
9088,"0,23"
9089,"3,50"
9090,"23,40"
9091,"169,259"
9092,"169,223"
9093,"0,249"
9094,"169,274"
9095,"3,50"
9096,"40,169"
9097,"10,40,44"
9098,"3,35"
9099,"3,35"
9100,"23,76"
9101,"10,23"
9102,"10,23"
9103,"3,40"
9104,"23,76"
9105,"3,40"
9106,"10,44"
9107,"3,10"
9108,"10,23"
9109,"10,40,44"
9110,"3,40"
9111,"0,3"
9112,"40,151"
9113,"10,44"
9114,"169,251"
9115,"10,40,44"
9116,"3,50"
9117,"10,23,44"
9118,"23,40"
9119,"23,76"
9120,"40,162"
9121,"3,50"
9122,"3,40"
9123,"0,40"
9124,"10,40"
9125,"0,169"
9126,"3,35"
9127,"10,44"
9128,"0,23"
9129,"23,76"
9130,"3,35"
9131,"10,23"
9132,"3,50"
9133,"23,76"
9134,"23,40"
9135,"10,40,44"
9136,"10,23"
9137,"40,169"
9138,"3,23"
9139,"10,44"
9140,"40,44,162"
9141,"40,162"
9142,"10,40"
9143,"3,35"
9144,"3,169"
9145,"23,76"
9146,"3,40"
9147,"3,40"
9148,"0,3"
9149,"10,23"
9150,"23,169"
9151,"10,23"
9152,"3,40"
9153,"10,44"
9154,"169,452"
9155,"3,169"
9156,"3,50"
9157,"10,23"
9158,"10,23"
9159,"0,3"
9160,"169,452"
9161,"40,162"
9162,"23,169"
9163,"40,169"
9164,"10,44"
9165,"10,44"
9166,"0,249"
9167,"3,40"
9168,"3,50"
9169,"10,44"
9170,"0,211"
9171,"23,76"
9172,"40,169"
9173,"23,76"
9174,"10,44"
9175,"3,50"
9176,"0,249"
9177,"10,44"
9178,"40,151,162"
9179,"23,76"
9180,"10,44"
9181,"3,40"
9182,"10,44"
9183,"3,50"
9184,"10,44"
9185,"40,44,169"
9186,"40,162"
9187,"0,249"
9188,"3,50"
9189,"23,40"
9190,"10,44"
9191,"10,44"
9192,"10,44"
9193,"23,40"
9194,"40,162"
9195,"23,76"
9196,"3,169"
9197,"169,223"
9198,"169,223"
9199,"0,249"
9200,"3,40"
9201,"10,44"
9202,"3,35"
9203,"10,23,44"
9204,"3,40"
9205,"40,169"
9206,"3,40"
9207,"40,162"
9208,"0,40"
9209,"10,40"
9210,"40,169"
9211,"23,40"
9212,"10,23,40"
9213,"3,50"
9214,"3,40"
9215,"23,40"
9216,"3,40"
9217,"0,211"
9218,"3,40"
9219,"10,23"
9220,"10,40,44"
9221,"23,40"
9222,"3,40"
9223,"10,40"
9224,"3,35"
9225,"3,23"
9226,"10,44"
9227,"0,169"
9228,"10,23"
9229,"3,23"
9230,"40,169"
9231,"23,40"
9232,"3,40"
9233,"10,23,40"
9234,"40,151"
9235,"40,162"
9236,"0,23"
9237,"3,40"
9238,"0,23"
9239,"40,169"
9240,"3,23"
9241,"3,40"
9242,"10,23"
9243,"23,76"
9244,"3,50"
9245,"40,162"
9246,"40,162"
9247,"0,249"
9248,"3,40,169"
9249,"0,249"
9250,"40,162"
9251,"10,44"
9252,"10,44"
9253,"3,40"
9254,"0,23"
9255,"169,223"
9256,"23,76"
9257,"23,76"
9258,"3,35"
9259,"169,223"
9260,"23,169"
9261,"23,76"
9262,"40,162"
9263,"10,40,44"
9264,"3,169"
9265,"23,40"
9266,"3,50"
9267,"0,23"
9268,"3,50"
9269,"40,169"
9270,"0,249"
9271,"40,162"
9272,"10,44"
9273,"3,40"
9274,"3,35"
9275,"23,40,44"
9276,"3,10,44"
9277,"23,76"
9278,"3,50"
9279,"3,35"
9280,"10,23"
9281,"3,35"
9282,"3,35"
9283,"10,40,44"
9284,"169,274"
9285,"10,220"
9286,"23,40"
9287,"23,40,44"
9288,"3,169"
9289,"23,76"
9290,"23,76"
9291,"10,220"
9292,"3,10"
9293,"3,50"
9294,"10,44"
9295,"0,40"
9296,"3,40"
9297,"40,162"
9298,"0,211"
9299,"23,169"
9300,"3,23"
9301,"3,23"
9302,"10,40,44"
9303,"0,3"
9304,"3,169"
9305,"3,169"
9306,"40,162"
9307,"0,3"
9308,"10,23"
9309,"3,50"
9310,"10,65"
9311,"10,23"
9312,"3,40"
9313,"0,23"
9314,"10,44"
9315,"23,40"
9316,"3,50"
9317,"3,50"
9318,"3,50"
9319,"3,35"
9320,"23,76"
9321,"23,40"
9322,"23,76"
9323,"10,169"
9324,"40,151"
9325,"0,249"
9326,"169,274"
9327,"40,162"
9328,"10,220"
9329,"23,76"
9330,"3,169"
9331,"3,35"
9332,"40,162"
9333,"10,40,44"
9334,"3,40"
9335,"23,76"
9336,"3,35"
9337,"3,40"
9338,"3,40"
9339,"3,10"
9340,"10,169"
9341,"169,259"
9342,"10,44"
9343,"23,76"
9344,"23,40"
9345,"3,50"
9346,"23,40"
9347,"0,249"
9348,"10,40,44"
9349,"0,211"
9350,"0,3"
9351,"169,223"
9352,"3,35"
9353,"10,44"
9354,"3,23"
9355,"3,50"
9356,"40,169"
9357,"3,169"
9358,"40,169"
9359,"169,223"
9360,"3,40"
9361,"23,40"
9362,"40,169"
9363,"3,35"
9364,"169,223"
9365,"3,35"
9366,"23,76"
9367,"40,169"
9368,"0,23"
9369,"3,10"
9370,"3,40"
9371,"3,50"
9372,"3,40"
9373,"3,169"
9374,"3,40"
9375,"10,40"
9376,"0,23"
9377,"10,44"
9378,"23,76"
9379,"0,249"
9380,"3,40"
9381,"0,249"
9382,"3,40"
9383,"23,76"
9384,"0,249"
9385,"10,23"
9386,"0,211"
9387,"0,249"
9388,"40,162"
9389,"40,151"
9390,"0,249"
9391,"23,40"
9392,"3,35"
9393,"0,249"
9394,"0,10"
9395,"169,452"
9396,"3,40"
9397,"0,23"
9398,"23,76"
9399,"3,35"
9400,"3,23"
9401,"40,162"
9402,"0,3"
9403,"40,162"
9404,"23,169"
9405,"40,162"
9406,"10,40"
9407,"3,50"
9408,"3,40"
9409,"10,23"
9410,"40,162"
9411,"3,40"
9412,"10,44"
9413,"23,76"
9414,"10,40,44"
9415,"23,76"
9416,"23,76"
9417,"3,35"
9418,"23,40"
9419,"10,23"
9420,"3,35"
9421,"0,169"
9422,"3,169"
9423,"3,40"
9424,"3,35"
9425,"3,35"
9426,"3,40"
9427,"10,40"
9428,"3,35"
9429,"40,169"
9430,"10,44"
9431,"0,211"
9432,"3,50"
9433,"3,50"
9434,"23,76"
9435,"3,50"
9436,"10,220"
9437,"3,40"
9438,"169,274"
9439,"40,162"
9440,"40,162"
9441,"3,40"
9442,"3,40"
9443,"0,249"
9444,"23,40"
9445,"10,40,44"
9446,"23,169"
9447,"3,169"
9448,"40,44"
9449,"3,40"
9450,"3,50"
9451,"0,211"
9452,"0,23"
9453,"23,40"
9454,"10,23"
9455,"23,76"
9456,"0,249"
9457,"3,40"
9458,"23,76"
9459,"40,169"
9460,"23,76"
9461,"0,23"
9462,"3,169"
9463,"3,50"
9464,"0,249"
9465,"40,162"
9466,"23,40"
9467,"23,76"
9468,"3,40"
9469,"23,76"
9470,"40,169"
9471,"3,40"
9472,"10,23,40"
9473,"10,40,44"
9474,"169,223"
9475,"40,162"
9476,"3,35"
9477,"0,10"
9478,"10,44"
9479,"23,76"
9480,"40,44"
9481,"40,169"
9482,"10,44"
9483,"0,40"
9484,"23,40"
9485,"3,35"
9486,"3,40"
9487,"23,40"
9488,"0,40"
9489,"3,40"
9490,"3,169"
9491,"0,249"
9492,"3,50"
9493,"0,211"
9494,"0,249"
9495,"23,169"
9496,"3,50"
9497,"10,44"
9498,"40,162"
9499,"3,50"
9500,"40,169"
9501,"40,162"
9502,"23,76"
9503,"10,44"
9504,"10,44"
9505,"40,162"
9506,"0,249"
9507,"0,249"
9508,"40,162"
9509,"169,223"
9510,"10,23"
9511,"0,3"
9512,"3,50"
9513,"10,44"
9514,"0,169"
9515,"3,23"
9516,"169,274"
9517,"3,40"
9518,"23,40"
9519,"3,169"
9520,"3,23"
9521,"40,169"
9522,"40,162"
9523,"169,274"
9524,"3,40"
9525,"10,40,44"
9526,"0,23"
9527,"0,249"
9528,"3,40"
9529,"3,40"
9530,"3,35"
9531,"10,40,44"
9532,"10,44"
9533,"0,3"
9534,"3,35"
9535,"0,249"
9536,"23,76"
9537,"3,23"
9538,"10,44"
9539,"0,3,40"
9540,"3,50"
9541,"10,23"
9542,"0,40"
9543,"40,169"
9544,"10,44"
9545,"3,50"
9546,"40,162"
9547,"23,40"
9548,"23,40"
9549,"40,162"
9550,"3,40"
9551,"0,211"
9552,"0,211"
9553,"3,40"
9554,"40,162"
9555,"3,50"
9556,"10,44"
9557,"10,23"
9558,"10,40,44"
9559,"10,65"
9560,"10,44"
9561,"40,169"
9562,"10,44"
9563,"10,40,44"
9564,"40,44"
9565,"0,169"
9566,"10,44"
9567,"23,76"
9568,"10,23"
9569,"23,40"
9570,"3,35"
9571,"23,40"
9572,"23,40"
9573,"23,40,169"
9574,"3,169"
9575,"10,220"
9576,"0,40"
9577,"3,40"
9578,"10,40"
9579,"0,211"
9580,"0,249"
9581,"3,40"
9582,"23,76"
9583,"3,40"
9584,"3,40"
9585,"0,23"
9586,"40,44"
9587,"0,211"
9588,"3,50"
9589,"169,223"
9590,"3,40"
9591,"10,44"
9592,"40,162"
9593,"40,169"
9594,"23,76"
9595,"23,76"
9596,"3,35"
9597,"40,162"
9598,"3,10"
9599,"0,23"
9600,"40,162"
9601,"23,76"
9602,"3,10"
9603,"0,249"
9604,"23,76"
9605,"3,40"
9606,"23,169"
9607,"3,40"
9608,"40,169"
9609,"3,40"
9610,"10,40,44"
9611,"3,40"
9612,"0,249"
9613,"23,40"
9614,"3,40"
9615,"3,50"
9616,"169,223"
9617,"3,23"
9618,"10,40"
9619,"10,23"
9620,"23,40"
9621,"40,169"
9622,"3,35"
9623,"0,249"
9624,"10,44"
9625,"169,274"
9626,"3,169"
9627,"40,169"
9628,"40,169"
9629,"3,23,40"
9630,"0,249"
9631,"23,76"
9632,"3,40"
9633,"0,23"
9634,"0,249"
9635,"40,169"
9636,"23,76"
9637,"0,249"
9638,"40,169"
9639,"40,151"
9640,"3,40"
9641,"10,23"
9642,"169,274"
9643,"23,76"
9644,"40,169"
9645,"23,76"
9646,"3,35"
9647,"40,151"
9648,"23,40"
9649,"3,50"
9650,"40,169"
9651,"40,162"
9652,"40,162"
9653,"0,23"
9654,"0,40"
9655,"40,162"
9656,"10,23"
9657,"23,76"
9658,"3,169"
9659,"10,23"
9660,"23,76"
9661,"10,40,44"
9662,"23,76"
9663,"0,23,169"
9664,"169,223"
9665,"10,23"
9666,"169,223"
9667,"3,50"
9668,"3,40"
9669,"10,23"
9670,"169,259"
9671,"169,323"
9672,"40,162"
9673,"3,169"
9674,"3,169"
9675,"10,44"
9676,"10,44"
9677,"23,76"
9678,"23,76"
9679,"23,76"
9680,"3,50"
9681,"3,40"
9682,"3,35"
9683,"23,40"
9684,"0,10"
9685,"10,40,44"
9686,"10,44,169"
9687,"169,223"
9688,"40,169"
9689,"40,162"
9690,"3,40"
9691,"3,23,40"
9692,"3,40"
9693,"40,169"
9694,"3,50"
9695,"10,44"
9696,"0,40"
9697,"10,44"
9698,"40,162"
9699,"0,249"
9700,"10,44"
9701,"0,249"
9702,"3,10"
9703,"169,223"
9704,"23,76"
9705,"10,23"
9706,"10,40,44"
9707,"40,44"
9708,"3,40"
9709,"169,274"
9710,"40,169"
9711,"40,162"
9712,"40,162"
9713,"3,40"
9714,"40,169"
9715,"10,44"
9716,"3,40"
9717,"169,223"
9718,"169,323"
9719,"10,40,44"
9720,"0,249"
9721,"0,40"
9722,"3,50"
9723,"3,35"
9724,"3,35"
9725,"3,50"
9726,"3,35"
9727,"40,162"
9728,"10,40,44"
9729,"10,44"
9730,"23,40,76"
9731,"3,40"
9732,"3,40"
9733,"0,249"
9734,"3,35"
9735,"23,40"
9736,"3,50"
9737,"10,65"
9738,"3,35"
9739,"23,40"
9740,"3,40"
9741,"10,44"
9742,"0,10"
9743,"10,169"
9744,"23,40"
9745,"40,44,73"
9746,"40,162"
9747,"3,50"
9748,"23,40"
9749,"3,40"
9750,"0,23"
9751,"3,169"
9752,"23,76"
9753,"0,23"
9754,"3,23"
9755,"10,44"
9756,"40,44"
9757,"40,162"
9758,"3,35"
9759,"40,44"
9760,"23,40"
9761,"23,76"
9762,"3,40"
9763,"10,220"
9764,"3,169"
9765,"40,162"
9766,"3,35"
9767,"10,23"
9768,"169,274"
9769,"3,35"
9770,"10,44"
9771,"3,50"
9772,"40,162"
9773,"10,23"
9774,"3,23"
9775,"40,162"
9776,"10,44"
9777,"3,50"
9778,"23,169"
9779,"3,35"
9780,"3,169"
9781,"40,169"
9782,"23,76"
9783,"23,169"
9784,"40,169"
9785,"3,50"
9786,"0,169"
9787,"0,249"
9788,"3,35"
9789,"40,162"
9790,"23,40"
9791,"169,323"
9792,"10,23"
9793,"40,162"
9794,"10,40,44"
9795,"23,76"
9796,"10,23"
9797,"40,162"
9798,"40,162"
9799,"0,10"
9800,"23,76"
9801,"3,169"
9802,"40,162"
9803,"3,40"
9804,"0,211"
9805,"3,35"
9806,"3,23"
9807,"3,50"
9808,"3,40"
9809,"3,50"
9810,"3,35"
9811,"23,169"
9812,"3,40"
9813,"23,76"
9814,"10,40"
9815,"40,162"
9816,"3,50"
9817,"0,249"
9818,"3,50"
9819,"10,44"
9820,"40,44"
9821,"23,40"
9822,"0,211"
9823,"40,162"
9824,"3,50"
9825,"23,40"
9826,"40,44"
9827,"23,40"
9828,"3,23,40"
9829,"169,251"
9830,"3,50"
9831,"3,35"
9832,"3,50"
9833,"3,50"
9834,"10,44"
9835,"0,23"
9836,"3,50"
9837,"10,44"
9838,"23,76"
9839,"40,169"
9840,"3,50"
9841,"3,50"
9842,"23,40"
9843,"10,44"
9844,"23,76"
9845,"40,151"
9846,"10,40,44"
9847,"0,249"
9848,"0,10,44"
9849,"10,44"
9850,"10,23"
9851,"3,50"
9852,"23,40"
9853,"23,76"
9854,"0,249"
9855,"3,40"
9856,"40,151"
9857,"10,44"
9858,"23,76"
9859,"3,35"
9860,"23,40"
9861,"40,169"
9862,"3,35"
9863,"10,40"
9864,"23,76"
9865,"0,211"
9866,"3,40"
9867,"3,169"
9868,"169,223"
9869,"23,40"
9870,"10,44"
9871,"3,35"
9872,"0,23"
9873,"3,169"
9874,"40,169"
9875,"3,50"
9876,"0,40"
9877,"3,50"
9878,"0,23"
9879,"40,162"
9880,"0,249"
9881,"169,223"
9882,"3,50"
9883,"3,169"
9884,"10,44"
9885,"40,162"
9886,"3,35"
9887,"23,40"
9888,"3,23"
9889,"0,249"
9890,"10,23"
9891,"3,40"
9892,"10,44"
9893,"40,169"
9894,"40,151"
9895,"3,35"
9896,"40,169"
9897,"3,50"
9898,"10,23"
9899,"3,40"
9900,"23,76"
9901,"23,40"
9902,"10,23"
9903,"10,44"
9904,"10,40,44"
9905,"3,35"
9906,"0,10"
9907,"23,76"
9908,"3,40"
9909,"3,35"
9910,"40,162"
9911,"40,44"
9912,"10,44"
9913,"40,169"
9914,"0,249"
9915,"0,3"
9916,"3,40"
9917,"3,23"
9918,"40,162"
9919,"23,76"
9920,"3,35"
9921,"40,162"
9922,"3,40"
9923,"3,40"
9924,"40,151"
9925,"40,162"
9926,"0,3,40"
9927,"10,44"
9928,"23,40"
9929,"3,35"
9930,"3,35"
9931,"0,169"
9932,"10,40,44"
9933,"169,274"
9934,"3,40"
9935,"3,50"
9936,"3,40"
9937,"0,23"
9938,"0,23"
9939,"169,274"
9940,"3,169"
9941,"10,23,169"
9942,"23,40"
9943,"10,23"
9944,"10,40"
9945,"0,249"
9946,"0,249"
9947,"0,23"
9948,"3,35"
9949,"23,40"
9950,"10,220"
9951,"0,23"
9952,"169,274"
9953,"10,220"
9954,"3,40"
9955,"3,50"
9956,"3,50"
9957,"3,40"
9958,"3,40"
9959,"3,35"
9960,"3,50"
9961,"10,44"
9962,"40,162"
9963,"40,162"
9964,"3,40"
9965,"3,40"
9966,"23,169"
9967,"10,40,44"
9968,"0,169"
9969,"23,40"
9970,"3,50"
9971,"3,169"
9972,"40,162"
9973,"3,169"
9974,"40,162"
9975,"40,169"
9976,"3,35"
9977,"0,3"
9978,"10,40"
9979,"10,23"
9980,"3,35"
9981,"10,23"
9982,"10,220"
9983,"0,249"
9984,"3,35"
9985,"3,50"
9986,"0,23"
9987,"23,40"
9988,"0,249"
9989,"3,50"
9990,"40,162"
9991,"40,162"
9992,"10,40,44"
9993,"169,223"
9994,"3,50"
9995,"10,44"
9996,"40,44"
9997,"23,76"
9998,"40,169"
9999,"0,40"
10000,"0,23"
10001,"3,35"
10002,"0,211"
10003,"169,223"
10004,"3,40"
10005,"0,249"
10006,"10,40"
10007,"0,10,40"
10008,"40,162"
10009,"10,23"
10010,"10,23"
10011,"40,169"
10012,"23,40"
10013,"3,50"
10014,"40,162"
10015,"0,3"
10016,"40,162"
10017,"10,23"
10018,"40,162"
10019,"0,249"
10020,"0,3"
10021,"3,23,40"
10022,"40,162"
10023,"40,162"
10024,"0,3"
10025,"23,76"
10026,"0,23"
10027,"0,23"
10028,"3,23,40"
10029,"3,40"
10030,"3,40"
10031,"0,3"
10032,"10,220"
10033,"3,40"
10034,"3,169"
10035,"3,40"
10036,"3,40"
10037,"3,35"
10038,"23,76"
10039,"3,40"
10040,"10,65"
10041,"23,76"
10042,"40,162"
10043,"40,162"
10044,"23,76"
10045,"40,44,169"
10046,"3,23"
10047,"10,220"
10048,"40,151"
10049,"10,44"
10050,"3,40"
10051,"40,169"
10052,"0,169"
10053,"0,249"
10054,"3,40"
10055,"3,40"
10056,"3,35"
10057,"169,259"
10058,"3,50"
10059,"3,35"
10060,"10,23"
10061,"3,40"
10062,"0,3"
10063,"10,23"
10064,"169,223"
10065,"10,23"
10066,"3,40"
10067,"40,169"
10068,"10,40"
10069,"10,44"
10070,"3,35"
10071,"3,50"
10072,"10,44"
10073,"23,76"
10074,"3,40"
10075,"40,162"
10076,"3,50"
10077,"10,23"
10078,"0,249"
10079,"40,169"
10080,"40,162"
10081,"10,65"
10082,"3,35"
10083,"23,40"
10084,"23,76"
10085,"3,35"
10086,"23,76"
10087,"10,40,44"
10088,"40,162"
10089,"3,40"
10090,"0,249"
10091,"3,50"
10092,"10,44"
10093,"40,151"
10094,"3,35"
10095,"10,44"
10096,"10,23"
10097,"3,50"
10098,"3,40"
10099,"3,35"
10100,"3,40"
10101,"3,50"
10102,"3,50"
10103,"0,249"
10104,"3,40"
10105,"23,40"
10106,"3,40"
10107,"3,40"
10108,"10,44"
10109,"40,169"
10110,"169,274"
10111,"0,249"
10112,"169,223"
10113,"3,50"
10114,"10,40,44"
10115,"3,40"
10116,"0,249"
10117,"10,44"
10118,"0,249"
10119,"3,35"
10120,"3,40"
10121,"0,10"
10122,"169,274"
10123,"0,211"
10124,"169,259"
10125,"10,23"
10126,"10,44"
10127,"40,44,162"
10128,"0,249"
10129,"10,40,44"
10130,"40,162"
10131,"0,249"
10132,"0,211"
10133,"3,50"
10134,"3,169"
10135,"23,76"
10136,"10,169"
10137,"3,169"
10138,"10,40"
10139,"3,35"
10140,"0,23"
10141,"10,44"
10142,"40,169"
10143,"169,223"
10144,"0,249"
10145,"40,44"
10146,"40,162"
10147,"0,169"
10148,"0,23"
10149,"3,50"
10150,"10,23"
10151,"3,40"
10152,"10,220"
10153,"40,162"
10154,"3,35"
10155,"3,50"
10156,"40,162"
10157,"3,40"
10158,"40,169"
10159,"23,76"
10160,"23,76"
10161,"10,23"
10162,"40,162"
10163,"23,76"
10164,"3,50"
10165,"169,274"
10166,"40,44"
10167,"0,249"
10168,"40,44"
10169,"10,44"
10170,"23,76"
10171,"3,169"
10172,"3,35"
10173,"3,35"
10174,"40,151"
10175,"3,40"
10176,"3,40"
10177,"40,151"
10178,"3,40"
10179,"3,50"
10180,"10,23"
10181,"40,162"
10182,"169,223"
10183,"10,44"
10184,"169,223"
10185,"40,162"
10186,"3,40"
10187,"3,50"
10188,"10,23"
10189,"10,220"
10190,"3,40"
10191,"3,40"
10192,"10,40,44"
10193,"10,40,44"
10194,"10,44"
10195,"3,40"
10196,"10,65"
10197,"3,35"
10198,"10,44"
10199,"23,40"
10200,"40,169"
10201,"3,35"
10202,"0,249"
10203,"10,44"
10204,"10,220"
10205,"10,44"
10206,"10,44"
10207,"0,211"
10208,"0,40"
10209,"40,44"
10210,"3,40"
10211,"10,44"
10212,"23,76"
10213,"23,40"
10214,"23,76"
10215,"10,44"
10216,"10,23"
10217,"0,211"
10218,"3,40"
10219,"3,23"
10220,"10,23"
10221,"0,3"
10222,"3,169"
10223,"3,35"
10224,"23,76"
10225,"23,169"
10226,"40,162"
10227,"3,40"
10228,"3,169"
10229,"10,23"
10230,"3,35"
10231,"3,35"
10232,"23,40"
10233,"3,35"
10234,"0,211"
10235,"10,40"
10236,"10,44"
10237,"40,169"
10238,"10,44"
10239,"40,162"
10240,"3,50"
10241,"23,76"
10242,"0,23"
10243,"40,169"
10244,"0,23"
10245,"40,44"
10246,"40,44"
10247,"3,35"
10248,"169,274"
10249,"3,50"
10250,"0,23"
10251,"10,40"
10252,"3,23,40"
10253,"23,40"
10254,"10,65"
10255,"3,50"
10256,"23,169"
10257,"0,211"
10258,"0,40"
10259,"0,40"
10260,"3,23"
10261,"3,169"
10262,"10,44"
10263,"10,44"
10264,"3,40"
10265,"40,162"
10266,"3,40"
10267,"0,23"
10268,"3,23"
10269,"23,169"
10270,"3,35"
10271,"23,76"
10272,"40,162"
10273,"3,50"
10274,"3,35"
10275,"40,151"
10276,"0,23"
10277,"3,40"
10278,"3,50"
10279,"10,44"
10280,"23,40"
10281,"23,76"
10282,"3,40"
10283,"0,23"
10284,"10,23,44"
10285,"3,40"
10286,"10,44"
10287,"3,23"
10288,"23,76"
10289,"169,223"
10290,"3,40"
10291,"3,40"
10292,"10,23,44"
10293,"3,40"
10294,"10,220"
10295,"10,40"
10296,"3,50"
10297,"10,40,44"
10298,"10,40,44"
10299,"40,162"
10300,"23,40"
10301,"0,249"
10302,"40,162"
10303,"3,35"
10304,"3,40"
10305,"0,249"
10306,"3,50"
10307,"3,50"
10308,"40,162"
10309,"10,44"
10310,"3,35"
10311,"3,35"
10312,"3,40"
10313,"40,162"
10314,"40,162"
10315,"3,40"
10316,"23,40,169"
10317,"3,50"
10318,"23,40"
10319,"3,169"
10320,"0,40"
10321,"0,40"
10322,"3,40"
10323,"10,23"
10324,"0,23"
10325,"3,40"
10326,"23,40"
10327,"23,76"
10328,"3,35"
10329,"3,40"
10330,"0,169"
10331,"3,50"
10332,"0,169"
10333,"40,162"
10334,"23,76"
10335,"3,50"
10336,"0,211"
10337,"0,3"
10338,"23,169"
10339,"3,50"
10340,"23,76"
10341,"3,35"
10342,"23,40"
10343,"40,44"
10344,"23,76"
10345,"23,76"
10346,"0,249"
10347,"0,249"
10348,"23,40"
10349,"23,76"
10350,"3,40"
10351,"10,44"
10352,"3,40"
10353,"10,44"
10354,"0,249"
10355,"169,452"
10356,"3,40"
10357,"40,169"
10358,"23,76"
10359,"3,169"
10360,"23,40"
10361,"23,76"
10362,"10,44"
10363,"3,35"
10364,"0,23"
10365,"40,169"
10366,"10,40,44"
10367,"0,40"
10368,"23,40"
10369,"10,40,44"
10370,"0,211"
10371,"10,23,44"
10372,"0,211"
10373,"3,40"
10374,"23,76"
10375,"40,395"
10376,"23,76"
10377,"3,40,169"
10378,"10,169"
10379,"40,162"
10380,"10,23"
10381,"3,169"
10382,"0,23"
10383,"40,44"
10384,"40,162"
10385,"40,44"
10386,"3,35"
10387,"3,40"
10388,"10,23"
10389,"10,40,44"
10390,"0,249"
10391,"23,76"
10392,"0,211"
10393,"3,35"
10394,"3,35"
10395,"3,23"
10396,"3,40"
10397,"3,40"
10398,"0,249"
10399,"40,162"
10400,"0,23"
10401,"3,10"
10402,"40,169"
10403,"169,223"
10404,"10,40,44"
10405,"10,40,44"
10406,"3,169"
10407,"3,35"
10408,"169,323"
10409,"23,76"
10410,"3,23"
10411,"3,50"
10412,"0,3"
10413,"23,76"
10414,"3,35"
10415,"3,35"
10416,"40,162"
10417,"3,50"
10418,"0,3"
10419,"10,44"
10420,"10,23"
10421,"10,44"
10422,"10,44"
10423,"10,40"
10424,"3,40"
10425,"23,76"
10426,"23,76"
10427,"3,169"
10428,"10,169"
10429,"40,44"
10430,"40,162"
10431,"10,44"
10432,"40,162"
10433,"23,76"
10434,"0,3,40"
10435,"23,40"
10436,"3,50"
10437,"3,23"
10438,"3,40"
10439,"23,40"
10440,"3,50"
10441,"169,274"
10442,"3,10"
10443,"10,40,44"
10444,"3,169"
10445,"40,169"
10446,"3,40"
10447,"169,274"
10448,"40,169"
10449,"169,223"
10450,"40,44,162"
10451,"40,162"
10452,"169,223"
10453,"3,50"
10454,"169,223"
10455,"10,65"
10456,"40,162"
10457,"0,249"
10458,"10,44"
10459,"0,249"
10460,"23,76"
10461,"10,44"
10462,"0,249"
10463,"3,50"
10464,"40,162"
10465,"10,40"
10466,"3,10"
10467,"0,169"
10468,"0,23"
10469,"0,211"
10470,"10,40"
10471,"23,40"
10472,"10,44"
10473,"3,50"
10474,"169,223"
10475,"3,40"
10476,"0,169"
10477,"3,40"
10478,"169,274"
10479,"40,151"
10480,"3,35"
10481,"40,162"
10482,"40,44"
10483,"23,76"
10484,"10,44"
10485,"23,76"
10486,"169,323"
10487,"40,169"
10488,"3,35"
10489,"169,452"
10490,"3,40"
10491,"169,223"
10492,"10,23"
10493,"40,162"
10494,"40,169"
10495,"3,50"
10496,"10,44"
10497,"3,40"
10498,"169,274"
10499,"0,169"
10500,"23,40"
10501,"10,65"
10502,"40,162"
10503,"0,249"
10504,"23,40"
10505,"3,50"
10506,"23,40"
10507,"3,40"
10508,"23,40,169"
10509,"10,44"
10510,"40,162"
10511,"23,40"
10512,"23,76"
10513,"23,76"
10514,"23,76"
10515,"40,162"
10516,"10,23"
10517,"10,44"
10518,"0,3,40"
10519,"23,40,44"
10520,"10,65"
10521,"10,44"
10522,"40,162"
10523,"3,169"
10524,"3,35"
10525,"3,169"
10526,"10,40,44"
10527,"10,40,44"
10528,"3,10"
10529,"10,23"
10530,"0,40"
10531,"40,162"
10532,"10,44"
10533,"3,169"
10534,"0,23"
10535,"3,35"
10536,"23,76"
10537,"3,40"
10538,"23,76"
10539,"40,151"
10540,"3,50"
10541,"10,65"
10542,"169,323"
10543,"3,40"
10544,"3,40"
10545,"23,76"
10546,"3,35"
10547,"10,44"
10548,"3,35"
10549,"0,249"
10550,"23,76"
10551,"40,162"
10552,"3,40"
10553,"40,169"
10554,"3,40"
10555,"10,65"
10556,"3,40"
10557,"23,76"
10558,"40,162"
10559,"40,162"
10560,"0,23"
10561,"23,40"
10562,"169,323"
10563,"10,40,44"
10564,"10,40,44"
10565,"3,35"
10566,"10,23"
10567,"10,40,44"
10568,"3,23"
10569,"3,35"
10570,"3,50"
10571,"40,162"
10572,"23,76"
10573,"3,23"
10574,"10,44"
10575,"40,44"
10576,"0,249"
10577,"23,76"
10578,"3,169"
10579,"40,162"
10580,"10,23"
10581,"0,211"
10582,"3,169"
10583,"0,249"
10584,"40,169"
10585,"0,211"
10586,"0,23"
10587,"40,162"
10588,"10,44"
10589,"23,76"
10590,"3,169"
10591,"40,169"
10592,"10,40,44"
10593,"3,23"
10594,"40,151"
10595,"3,40"
10596,"10,40,44"
10597,"0,211"
10598,"3,23"
10599,"10,23,40"
10600,"0,211"
10601,"3,40"
10602,"10,44"
10603,"40,162"
10604,"169,300,452"
10605,"3,40"
10606,"10,40"
10607,"3,40"
10608,"3,35"
10609,"0,3,40"
10610,"3,40"
10611,"3,35"
10612,"10,65"
10613,"23,169"
10614,"3,40"
10615,"3,50"
10616,"3,40"
10617,"10,40,44"
10618,"3,40"
10619,"10,23"
10620,"3,40"
10621,"40,162"
10622,"40,169"
10623,"23,40"
10624,"23,40"
10625,"0,23"
10626,"10,40"
10627,"0,169"
10628,"40,44,169"
10629,"3,40"
10630,"3,40"
10631,"23,76"
10632,"10,220"
10633,"0,10"
10634,"10,44"
10635,"0,169"
10636,"3,40"
10637,"3,35"
10638,"3,40"
10639,"40,162"
10640,"0,23"
10641,"0,3"
10642,"0,3"
10643,"3,35"
10644,"23,76"
10645,"40,44"
10646,"40,169"
10647,"0,3"
10648,"23,76"
10649,"10,23"
10650,"10,44"
10651,"10,40,44"
10652,"23,76"
10653,"3,50"
10654,"40,162"
10655,"10,44"
10656,"40,162"
10657,"0,23"
10658,"23,76"
10659,"0,23"
10660,"3,50"
10661,"40,162"
10662,"23,169"
10663,"23,40"
10664,"169,274"
10665,"0,249"
10666,"40,151"
10667,"3,40"
10668,"23,76"
10669,"0,3,169"
10670,"10,23"
10671,"0,249"
10672,"40,162"
10673,"10,23"
10674,"0,23"
10675,"3,35"
10676,"10,40"
10677,"0,23"
10678,"23,76"
10679,"23,169"
10680,"0,169"
10681,"3,50"
10682,"3,40"
10683,"40,162"
10684,"40,162"
10685,"3,40"
10686,"0,23"
10687,"40,169"
10688,"23,40,76"
10689,"40,151"
10690,"40,169"
10691,"169,223"
10692,"3,50"
10693,"3,35"
10694,"0,249"
10695,"40,162"
10696,"3,35"
10697,"3,50"
10698,"3,50"
10699,"0,211"
10700,"10,40"
10701,"10,40,44"
10702,"3,40"
10703,"10,44"
10704,"0,10"
10705,"0,23"
10706,"40,162"
10707,"3,50"
10708,"3,50"
10709,"3,50"
10710,"3,169"
10711,"0,249"
10712,"23,76"
10713,"169,274"
10714,"10,65"
10715,"0,40"
10716,"10,44"
10717,"23,76"
10718,"0,3"
10719,"23,40,76"
10720,"40,169"
10721,"10,23"
10722,"169,452"
10723,"3,50"
10724,"3,40"
10725,"10,23"
10726,"10,44"
10727,"3,169"
10728,"10,40,44"
10729,"0,249"
10730,"0,169"
10731,"23,76"
10732,"0,249"
10733,"3,35"
10734,"3,40"
10735,"0,249"
10736,"10,23"
10737,"3,35"
10738,"3,40"
10739,"3,35"
10740,"3,40"
10741,"23,40"
10742,"10,44"
10743,"3,169"
10744,"3,169"
10745,"40,169"
10746,"0,3"
10747,"10,40,44"
10748,"10,169"
10749,"3,35"
10750,"3,35"
10751,"23,40"
10752,"40,169"
10753,"10,44"
10754,"40,162"
10755,"10,40,44"
10756,"0,211"
10757,"10,40,44"
10758,"3,35"
10759,"0,23"
10760,"3,10"
10761,"23,40"
10762,"3,40"
10763,"169,223"
10764,"0,40"
10765,"3,35"
10766,"0,40"
10767,"3,35"
10768,"169,223"
10769,"3,35"
10770,"23,76"
10771,"40,169"
10772,"40,162"
10773,"169,223"
10774,"10,44"
10775,"3,40"
10776,"3,169"
10777,"10,44"
10778,"3,40"
10779,"0,249"
10780,"3,50"
10781,"10,220"
10782,"0,249"
10783,"3,169"
10784,"3,40"
10785,"3,35"
10786,"3,40"
10787,"10,40,44"
10788,"169,223"
10789,"0,211"
10790,"0,169"
10791,"23,76"
10792,"0,249"
10793,"3,50"
10794,"40,169"
10795,"40,162"
10796,"3,35"
10797,"3,169"
10798,"3,50"
10799,"10,23"
10800,"10,40"
10801,"40,162"
10802,"23,76"
10803,"10,23"
10804,"0,249"
10805,"10,40,44"
10806,"3,10"
10807,"3,50"
10808,"10,44"
10809,"23,40"
10810,"40,162"
10811,"3,35"
10812,"10,23"
10813,"0,10"
10814,"3,10"
10815,"169,274"
10816,"10,40,44"
10817,"10,23"
10818,"23,76"
10819,"10,65"
10820,"0,23"
10821,"3,50"
10822,"10,23"
10823,"40,169"
10824,"10,23"
10825,"23,76"
10826,"10,23"
10827,"10,23"
10828,"169,274"
10829,"3,40"
10830,"10,44"
10831,"3,10"
10832,"0,211"
10833,"3,50"
10834,"3,50"
10835,"3,35"
10836,"23,76"
10837,"10,23"
10838,"3,40"
10839,"0,10,40"
10840,"40,162"
10841,"3,10"
10842,"0,211"
10843,"0,211"
10844,"0,249"
10845,"3,40"
10846,"40,169"
10847,"3,50"
10848,"23,76"
10849,"3,35"
10850,"10,65"
10851,"0,249"
10852,"10,40,44"
10853,"23,76"
10854,"3,35"
10855,"23,76"
10856,"40,162"
10857,"0,249"
10858,"23,76"
10859,"23,40,169"
10860,"0,23"
10861,"3,10,23"
10862,"3,169"
10863,"10,23"
10864,"3,40"
10865,"23,76"
10866,"23,40"
10867,"10,40"
10868,"10,23"
10869,"10,23"
10870,"3,35"
10871,"10,44"
10872,"0,249"
10873,"40,162"
10874,"40,162"
10875,"0,3"
10876,"0,249"
10877,"23,76"
10878,"40,44"
10879,"23,76"
10880,"0,249"
10881,"23,40,169"
10882,"3,50"
10883,"3,169"
10884,"23,40,76"
10885,"23,40"
10886,"0,10"
10887,"10,23"
10888,"10,44"
10889,"10,40,44"
10890,"3,50"
10891,"3,40"
10892,"40,169"
10893,"3,50"
10894,"0,211"
10895,"3,35"
10896,"3,50"
10897,"3,35"
10898,"3,50"
10899,"23,40,169"
10900,"3,50"
10901,"3,40"
10902,"3,40"
10903,"3,40"
10904,"23,40"
10905,"10,44"
10906,"3,23"
10907,"40,169"
10908,"3,169"
10909,"40,151"
10910,"3,50"
10911,"3,50"
10912,"10,44"
10913,"23,76"
10914,"3,40"
10915,"10,40,44"
10916,"10,65"
10917,"0,249"
10918,"23,76"
10919,"3,35"
10920,"3,35"
10921,"10,23"
10922,"10,40"
10923,"10,44"
10924,"0,249"
10925,"40,162"
10926,"0,23"
10927,"169,452"
10928,"3,50"
10929,"40,162"
10930,"3,35"
10931,"10,65"
10932,"23,76"
10933,"0,249"
10934,"23,40"
10935,"10,40"
10936,"23,76"
10937,"10,44"
10938,"3,40"
10939,"3,35"
10940,"10,23"
10941,"3,35"
10942,"0,23"
10943,"23,76"
10944,"3,35"
10945,"3,40"
10946,"0,10"
10947,"40,162"
10948,"10,65"
10949,"0,23"
10950,"0,249"
10951,"0,3"
10952,"3,40"
10953,"3,10"
10954,"40,162"
10955,"23,40"
10956,"10,44"
10957,"3,35"
10958,"3,35"
10959,"23,76"
10960,"0,169"
10961,"3,35"
10962,"3,169"
10963,"10,40,44"
10964,"23,76"
10965,"23,76"
10966,"40,162"
10967,"40,169"
10968,"3,35"
10969,"40,169"
10970,"3,23"
10971,"0,23"
10972,"3,35"
10973,"40,162"
10974,"10,23"
10975,"3,40"
10976,"23,76"
10977,"3,35"
10978,"3,169"
10979,"0,211"
10980,"40,162"
10981,"3,50"
10982,"40,169"
10983,"23,40"
10984,"10,23"
10985,"3,35"
10986,"0,23"
10987,"40,162"
10988,"3,50"
10989,"10,220"
10990,"0,249"
10991,"40,162"
10992,"40,162"
10993,"3,50"
10994,"3,35"
10995,"3,40"
10996,"3,169"
10997,"23,40"
10998,"40,162"
10999,"3,40"
11000,"3,169"
11001,"40,169"
11002,"23,40"
11003,"23,76"
11004,"40,162"
11005,"3,35"
11006,"10,44"
11007,"23,40"
11008,"23,40"
11009,"10,44"
11010,"10,23"
11011,"10,220"
11012,"10,40"
11013,"40,162"
11014,"10,40,44"
11015,"40,44"
11016,"0,169"
11017,"169,223"
11018,"40,162"
11019,"40,169"
11020,"40,162"
11021,"0,249"
11022,"10,40,44"
11023,"40,44"
11024,"169,223"
11025,"23,76"
11026,"40,162"
11027,"40,169"
11028,"3,50"
11029,"23,76"
11030,"23,76"
11031,"40,169"
11032,"23,40"
11033,"0,3"
11034,"0,23"
11035,"23,40"
11036,"3,35"
11037,"40,44"
11038,"23,40"
11039,"23,76"
11040,"3,40,169"
11041,"40,169"
11042,"3,50"
11043,"0,3"
11044,"0,23"
11045,"0,249"
11046,"3,35"
11047,"40,169"
11048,"0,169"
11049,"0,211"
11050,"0,169"
11051,"169,452"
11052,"3,50"
11053,"0,10"
11054,"23,76"
11055,"10,23"
11056,"40,162"
11057,"23,40"
11058,"10,65"
11059,"23,40,76"
11060,"10,169"
11061,"10,40,44"
11062,"3,40"
11063,"40,44"
11064,"40,44"
11065,"10,40"
11066,"0,23"
11067,"10,40,44"
11068,"10,44"
11069,"0,249"
11070,"23,76"
11071,"40,169"
11072,"3,35"
11073,"10,220"
11074,"3,50"
11075,"3,40"
11076,"40,162"
11077,"3,169"
11078,"23,169"
11079,"10,65"
11080,"0,249"
11081,"40,162"
11082,"3,35"
11083,"3,35"
11084,"10,40,44"
11085,"23,76"
11086,"23,169"
11087,"40,44"
11088,"10,44"
11089,"23,169"
11090,"40,44"
11091,"3,50"
11092,"3,23"
11093,"0,40"
11094,"23,76"
11095,"40,169"
11096,"0,249"
11097,"23,76"
11098,"23,40"
11099,"40,162"
11100,"23,40"
11101,"23,40"
11102,"23,40"
11103,"3,40"
11104,"3,35"
11105,"40,169"
11106,"10,40,44"
11107,"3,40"
11108,"0,249"
11109,"40,162"
11110,"10,40,44"
11111,"10,40"
11112,"23,76"
11113,"23,40"
11114,"3,35"
11115,"23,169"
11116,"0,249"
11117,"10,44"
11118,"10,44"
11119,"40,151"
11120,"23,169"
11121,"3,50"
11122,"0,211"
11123,"3,40"
11124,"3,50"
11125,"3,50"
11126,"40,162"
11127,"3,23"
11128,"0,249"
11129,"0,23"
11130,"10,40,44"
11131,"23,40"
11132,"23,76"
11133,"0,3"
11134,"23,76"
11135,"0,211"
11136,"40,44"
11137,"0,169"
11138,"0,211"
11139,"3,35"
11140,"40,162"
11141,"0,249"
11142,"0,3"
11143,"3,40"
11144,"40,162"
11145,"0,10"
11146,"3,50"
11147,"10,23"
11148,"40,162"
11149,"40,162"
11150,"23,76"
11151,"3,40"
11152,"23,76"
11153,"10,65"
11154,"3,40"
11155,"3,40"
11156,"40,162"
11157,"10,23"
11158,"23,169"
11159,"23,169"
11160,"3,40"
11161,"10,220"
11162,"40,162"
11163,"10,40"
11164,"3,40"
11165,"23,76"
11166,"10,44"
11167,"40,44"
11168,"10,44"
11169,"10,23,40"
11170,"10,44"
11171,"3,35"
11172,"0,249"
11173,"40,162"
11174,"23,40"
11175,"23,169"
11176,"10,44"
11177,"3,50"
11178,"40,162"
11179,"40,169"
11180,"10,40,44"
11181,"3,40"
11182,"40,151"
11183,"23,76"
11184,"169,274"
11185,"10,23,44"
11186,"3,50"
11187,"10,169"
11188,"3,50"
11189,"0,249"
11190,"40,162"
11191,"23,76"
11192,"0,23"
11193,"3,50"
11194,"3,50"
11195,"23,40"
11196,"10,23,40"
11197,"169,274"
11198,"40,44,169"
11199,"23,169"
11200,"10,44"
11201,"23,40,76"
11202,"0,249"
11203,"0,249"
11204,"3,50"
11205,"10,65"
11206,"23,40"
11207,"3,40"
11208,"10,40"
11209,"3,10,23"
11210,"23,76"
11211,"0,211"
11212,"0,249"
11213,"3,169"
11214,"40,162"
11215,"10,44"
11216,"40,169"
11217,"10,44"
11218,"40,169"
11219,"3,169"
11220,"10,23"
11221,"23,169"
11222,"23,76"
11223,"0,249"
11224,"40,162"
11225,"40,169"
11226,"10,44"
11227,"3,40,169"
11228,"3,50"
11229,"23,76"
11230,"0,169"
11231,"23,40"
11232,"0,249"
11233,"23,40"
11234,"10,23"
11235,"23,40"
11236,"40,162"
11237,"3,35"
11238,"3,40"
11239,"23,76"
11240,"3,50"
11241,"3,40"
11242,"23,40"
11243,"0,40,169"
11244,"10,44"
11245,"0,211"
11246,"3,50"
11247,"10,220"
11248,"3,50"
11249,"3,35"
11250,"40,169"
11251,"40,169"
11252,"0,249"
11253,"3,40"
11254,"23,76"
11255,"0,23"
11256,"10,44"
11257,"10,44"
11258,"3,50"
11259,"10,40"
11260,"10,44"
11261,"10,40"
11262,"40,169"
11263,"10,40,44"
11264,"3,35"
11265,"169,223"
11266,"40,162"
11267,"0,10"
11268,"40,151"
11269,"40,162"
11270,"0,249"
11271,"3,40"
11272,"0,3"
11273,"23,76"
11274,"0,23"
11275,"10,40"
11276,"40,162"
11277,"40,162"
11278,"0,249"
11279,"23,40"
11280,"169,274"
11281,"23,76"
11282,"10,40,44"
11283,"3,40"
11284,"0,211"
11285,"40,162"
11286,"10,40,44"
11287,"40,169"
11288,"10,40,44"
11289,"40,169"
11290,"10,40,44"
11291,"40,44"
11292,"3,35"
11293,"0,23"
11294,"23,76"
11295,"3,35"
11296,"10,44"
11297,"169,274"
11298,"3,169"
11299,"10,40"
11300,"10,23"
11301,"40,162"
11302,"3,169"
11303,"0,169"
11304,"10,65"
11305,"3,23,169"
11306,"3,23"
11307,"10,40,44"
11308,"23,76"
11309,"0,249"
11310,"3,35"
11311,"3,40"
11312,"0,3"
11313,"10,23"
11314,"40,162"
11315,"23,40"
11316,"3,50"
11317,"10,23"
11318,"169,223"
11319,"3,169"
11320,"3,50"
11321,"10,40,44"
11322,"0,211"
11323,"10,44"
11324,"10,23"
11325,"10,44"
11326,"10,40,44"
11327,"3,50"
11328,"23,40"
11329,"23,76"
11330,"169,452"
11331,"23,40"
11332,"23,76"
11333,"3,35"
11334,"40,169"
11335,"10,44"
11336,"3,40"
11337,"40,162"
11338,"3,40"
11339,"23,76"
11340,"40,169"
11341,"0,249"
11342,"40,169"
11343,"10,44"
11344,"3,40"
11345,"10,65"
11346,"3,40"
11347,"40,162"
11348,"169,323"
11349,"40,169"
11350,"40,162"
11351,"3,50"
11352,"23,40"
11353,"10,65"
11354,"169,223"
11355,"3,50"
11356,"3,169"
11357,"40,169"
11358,"0,249"
11359,"3,40"
11360,"23,40"
11361,"10,23"
11362,"10,23,40"
11363,"3,50"
11364,"10,40,44"
11365,"3,50"
11366,"10,44"
11367,"3,35"
11368,"10,40,44"
11369,"0,3"
11370,"0,249"
11371,"40,162"
11372,"3,40"
11373,"10,40,44"
11374,"40,162"
11375,"0,249"
11376,"3,40"
11377,"0,10"
11378,"0,249"
11379,"10,220"
11380,"40,162"
11381,"3,35"
11382,"0,249"
11383,"23,76"
11384,"23,76"
11385,"23,40"
11386,"0,3,40"
11387,"3,40"
11388,"3,169"
11389,"3,35"
11390,"10,44"
11391,"3,50"
11392,"40,162"
11393,"40,151"
11394,"40,44"
11395,"10,44"
11396,"40,169"
11397,"23,76"
11398,"10,23,40"
11399,"0,169"
11400,"40,169"
11401,"0,23"
11402,"3,40"
11403,"0,23"
11404,"40,162"
11405,"23,40"
11406,"3,50"
11407,"0,10"
11408,"10,44"
11409,"3,35"
11410,"23,76"
11411,"40,162"
11412,"3,35"
11413,"3,40"
11414,"23,76"
11415,"23,40"
11416,"3,35"
11417,"40,162"
11418,"3,169"
11419,"10,44"
11420,"23,169"
11421,"23,40"
11422,"3,23"
11423,"0,249"
11424,"23,40"
11425,"40,44"
11426,"0,3"
11427,"40,162"
11428,"23,76"
11429,"0,169"
11430,"10,44"
11431,"40,162"
11432,"3,35"
11433,"10,44"
11434,"10,220"
11435,"10,40,44"
11436,"40,162"
11437,"23,40"
11438,"3,50"
11439,"40,162"
11440,"40,162"
11441,"10,40,44"
11442,"3,35"
11443,"3,35"
11444,"40,44"
11445,"3,40"
11446,"23,40"
11447,"40,162"
11448,"169,223"
11449,"3,35"
11450,"10,65"
11451,"40,162"
11452,"3,35"
11453,"0,40"
11454,"0,23"
11455,"3,35"
11456,"3,10,40"
11457,"10,220"
11458,"3,50"
11459,"10,40,44"
11460,"0,23"
11461,"10,40,44"
11462,"3,40"
11463,"10,44"
11464,"3,23"
11465,"3,35"
11466,"10,40"
11467,"3,35"
11468,"3,10"
11469,"23,76"
11470,"169,223"
11471,"23,40"
11472,"3,35"
11473,"10,40,44"
11474,"10,40,44"
11475,"3,50"
11476,"3,10"
11477,"0,23"
11478,"3,50"
11479,"10,44"
11480,"3,40"
11481,"10,40,44"
11482,"3,35"
11483,"10,40"
11484,"23,169"
11485,"0,40"
11486,"10,220"
11487,"3,169"
11488,"0,23"
11489,"3,50"
11490,"3,50"
11491,"40,162"
11492,"10,23"
11493,"40,169"
11494,"0,211"
11495,"0,211"
11496,"23,76"
11497,"3,40"
11498,"3,169"
11499,"23,40"
11500,"0,40"
11501,"3,35"
11502,"3,35"
11503,"23,40"
11504,"3,35"
11505,"3,40"
11506,"23,40"
11507,"3,35"
11508,"3,50"
11509,"3,169"
11510,"3,50"
11511,"10,44"
11512,"3,35"
11513,"3,50"
11514,"10,44"
11515,"3,169"
11516,"0,169"
11517,"3,35"
11518,"3,40"
11519,"169,223"
11520,"3,40"
11521,"40,151"
11522,"0,40"
11523,"10,23"
11524,"23,40"
11525,"40,169"
11526,"10,220"
11527,"10,23"
11528,"3,40"
11529,"40,169"
11530,"40,169"
11531,"3,40"
11532,"3,40"
11533,"3,50"
11534,"10,44"
11535,"3,169"
11536,"23,76"
11537,"10,40,44"
11538,"40,44"
11539,"10,44"
11540,"3,40"
11541,"10,40,44"
11542,"169,223"
11543,"10,40"
11544,"3,40"
11545,"10,40,44"
11546,"3,169"
11547,"3,50"
11548,"23,40"
11549,"3,40"
11550,"40,162"
11551,"23,40"
11552,"40,162"
11553,"3,40"
11554,"23,40"
11555,"23,76"
11556,"3,50"
11557,"10,65"
11558,"23,76"
11559,"3,50"
11560,"3,50"
11561,"10,44"
11562,"3,40"
11563,"0,40"
11564,"3,40"
11565,"40,162"
11566,"10,40"
11567,"40,162"
11568,"0,211"
11569,"3,40"
11570,"23,169"
11571,"23,40"
11572,"10,44"
11573,"23,40"
11574,"0,249"
11575,"0,10"
11576,"23,76"
11577,"10,40"
11578,"3,169"
11579,"3,50"
11580,"0,23"
11581,"10,169"
11582,"23,40"
11583,"3,35"
11584,"3,50"
11585,"3,50"
11586,"23,76"
11587,"3,35"
11588,"0,23"
11589,"3,35"
11590,"10,44"
11591,"40,151"
11592,"169,323"
11593,"10,40,44"
11594,"0,249"
11595,"3,169"
11596,"10,169"
11597,"10,23"
11598,"3,40"
11599,"10,23"
11600,"23,76"
11601,"40,169"
11602,"3,169"
11603,"23,76"
11604,"10,44"
11605,"0,211"
11606,"40,162"
11607,"3,10"
11608,"0,23"
11609,"3,23,40"
11610,"40,162"
11611,"10,23"
11612,"3,50"
11613,"10,44"
11614,"3,40"
11615,"0,3"
11616,"3,40"
11617,"23,40"
11618,"3,23"
11619,"40,162"
11620,"40,162"
11621,"169,223"
11622,"3,40"
11623,"23,76"
11624,"3,35"
11625,"40,44"
11626,"23,40,44"
11627,"0,10"
11628,"3,40"
11629,"23,169"
11630,"0,40"
11631,"23,76"
11632,"3,35"
11633,"10,44"
11634,"23,76"
11635,"10,40,44"
11636,"3,50"
11637,"10,44"
11638,"23,40"
11639,"23,40"
11640,"3,10"
11641,"10,65"
11642,"23,76"
11643,"23,76"
11644,"3,35"
11645,"10,40,44"
11646,"40,162"
11647,"3,169"
11648,"3,35"
11649,"40,162"
11650,"10,44"
11651,"3,50"
11652,"0,23"
11653,"0,211"
11654,"23,76"
11655,"10,44"
11656,"40,162"
11657,"3,40"
11658,"3,35"
11659,"23,76"
11660,"3,35"
11661,"10,40"
11662,"10,23"
11663,"10,220"
11664,"3,50"
11665,"3,40"
11666,"10,220"
11667,"40,162"
11668,"10,44"
11669,"40,169"
11670,"3,50"
11671,"23,76"
11672,"23,76"
11673,"3,23"
11674,"3,35"
11675,"40,169"
11676,"40,169"
11677,"3,169"
11678,"0,23"
11679,"0,23"
11680,"10,23"
11681,"10,23"
11682,"10,23"
11683,"10,23"
11684,"23,169"
11685,"3,169"
11686,"3,40"
11687,"3,40"
11688,"23,76"
11689,"3,35"
11690,"3,23"
11691,"10,23"
11692,"10,23"
11693,"3,50"
11694,"0,211"
11695,"3,35"
11696,"169,223"
11697,"0,211"
11698,"0,40"
11699,"3,35"
11700,"40,169"
11701,"3,35"
11702,"0,3"
11703,"40,44"
11704,"40,162"
11705,"3,35"
11706,"3,35"
11707,"3,35"
11708,"10,23"
11709,"0,211"
11710,"40,162"
11711,"3,35"
11712,"23,40,44"
11713,"10,23"
11714,"10,65"
11715,"3,40"
11716,"23,169"
11717,"40,162"
11718,"169,223"
11719,"23,76"
11720,"3,40"
11721,"3,169"
11722,"3,50"
11723,"10,44"
11724,"3,40"
11725,"0,3,40"
11726,"3,169"
11727,"10,44"
11728,"3,35"
11729,"23,76"
11730,"3,50"
11731,"0,249"
11732,"40,162"
11733,"40,162"
11734,"3,169"
11735,"23,169"
11736,"3,50"
11737,"23,76"
11738,"0,249"
11739,"10,40,44"
11740,"10,44"
11741,"3,35"
11742,"3,35"
11743,"169,274"
11744,"3,40"
11745,"3,40"
11746,"3,169"
11747,"3,50"
11748,"3,35"
11749,"169,274"
11750,"40,151"
11751,"40,169"
11752,"3,50"
11753,"10,44"
11754,"23,40"
11755,"23,76"
11756,"10,44"
11757,"23,40"
11758,"10,65"
11759,"23,169"
11760,"23,40,44"
11761,"3,23,40"
11762,"3,40"
11763,"3,35"
11764,"3,35"
11765,"3,35"
11766,"0,211"
11767,"3,50"
11768,"3,40"
11769,"23,169"
11770,"3,50"
11771,"3,50"
11772,"3,50"
11773,"3,169"
11774,"40,169"
11775,"40,151"
11776,"10,44"
11777,"3,169"
11778,"10,40"
11779,"10,44"
11780,"10,65"
11781,"10,40,169"
11782,"169,223"
11783,"23,76"
11784,"23,76"
11785,"10,40,44"
11786,"169,274"
11787,"3,50"
11788,"10,23"
11789,"40,162"
11790,"3,35"
11791,"40,162"
11792,"10,23"
11793,"10,40,44"
11794,"23,40,44"
11795,"40,169"
11796,"23,76"
11797,"10,44"
11798,"23,76"
11799,"3,40"
11800,"0,249"
11801,"3,50"
11802,"3,40"
11803,"3,50"
11804,"3,35"
11805,"3,50"
11806,"3,169"
11807,"23,40"
11808,"10,23"
11809,"10,44"
11810,"3,40"
11811,"40,162"
11812,"3,50"
11813,"3,40"
11814,"10,40,44"
11815,"40,162"
11816,"40,162"
11817,"3,50"
11818,"10,44"
11819,"0,169"
11820,"3,35"
11821,"40,151"
11822,"23,169"
11823,"0,10"
11824,"0,23"
11825,"3,35"
11826,"10,23"
11827,"0,23"
11828,"3,40"
11829,"10,44"
11830,"3,10"
11831,"23,40,169"
11832,"10,40,44"
11833,"3,40"
11834,"0,249"
11835,"3,40"
11836,"0,23"
11837,"0,23"
11838,"40,162"
11839,"3,50"
11840,"40,162"
11841,"3,35"
11842,"10,40,44"
11843,"0,211"
11844,"10,23"
11845,"10,23"
11846,"23,76"
11847,"169,223"
11848,"0,40"
11849,"10,40,44"
11850,"23,76"
11851,"0,211"
11852,"0,249"
11853,"0,23"
11854,"3,169"
11855,"10,44"
11856,"10,23"
11857,"10,44"
11858,"3,35"
11859,"3,23"
11860,"0,249"
11861,"0,10"
11862,"23,76"
11863,"10,40"
11864,"3,169"
11865,"40,162"
11866,"10,44"
11867,"40,169"
11868,"10,44"
11869,"3,50"
11870,"3,50"
11871,"10,40,44"
11872,"3,50"
11873,"10,40,44"
11874,"3,35"
11875,"0,249"
11876,"23,40"
11877,"3,50"
11878,"0,249"
11879,"40,162"
11880,"10,40"
11881,"3,40"
11882,"40,162"
11883,"40,169"
11884,"0,249"
11885,"0,23"
11886,"3,169"
11887,"0,249"
11888,"3,35"
11889,"3,40"
11890,"0,249"
11891,"10,220"
11892,"3,50"
11893,"169,452"
11894,"23,169"
11895,"0,23,169"
11896,"10,44"
11897,"10,44"
11898,"0,10"
11899,"3,50"
11900,"3,169"
11901,"3,169"
11902,"40,169"
11903,"40,169"
11904,"3,40"
11905,"10,44"
11906,"10,40,44"
11907,"10,65"
11908,"3,50"
11909,"40,162"
11910,"3,169"
11911,"3,50"
11912,"3,50"
11913,"3,10"
11914,"10,23,40"
11915,"23,76"
11916,"23,40"
11917,"10,40"
11918,"10,40,44"
11919,"10,220"
11920,"23,40,44"
11921,"3,40"
11922,"3,50"
11923,"23,76"
11924,"169,223"
11925,"3,35"
11926,"40,162"
11927,"23,40"
11928,"0,249"
11929,"3,50"
11930,"23,76"
11931,"10,23"
11932,"169,452"
11933,"0,249"
11934,"3,35"
11935,"3,35"
11936,"23,76"
11937,"40,169"
11938,"40,162"
11939,"3,35"
11940,"3,50"
11941,"40,162"
11942,"3,40"
11943,"40,162"
11944,"10,65"
11945,"10,44"
11946,"3,50"
11947,"40,169"
11948,"10,40,44"
11949,"40,395"
11950,"10,44"
11951,"10,40,44"
11952,"23,40,76"
11953,"10,220"
11954,"3,50"
11955,"0,3"
11956,"23,40"
11957,"10,23"
11958,"40,162"
11959,"3,50"
11960,"10,40,44"
11961,"3,169"
11962,"3,23"
11963,"0,3"
11964,"0,211"
11965,"3,40"
11966,"3,40,169"
11967,"3,35"
11968,"23,76"
11969,"10,23"
11970,"169,223"
11971,"10,44"
11972,"10,40,44"
11973,"0,249"
11974,"40,169"
11975,"40,162"
11976,"10,23"
11977,"3,169"
11978,"169,274"
11979,"10,23"
11980,"3,50"
11981,"23,40"
11982,"3,169"
11983,"0,249"
11984,"23,169"
11985,"3,169"
11986,"40,162"
11987,"10,40,44"
11988,"40,162"
11989,"0,23"
11990,"3,40"
11991,"3,35"
11992,"3,40"
11993,"3,40"
11994,"3,169"
11995,"0,23"
11996,"10,44"
11997,"40,162"
11998,"10,40"
11999,"3,40"
12000,"3,10"
12001,"23,40"
12002,"3,35"
12003,"40,162"
12004,"3,40"
12005,"40,162"
12006,"3,50"
12007,"3,169"
12008,"3,35"
12009,"3,40"
12010,"40,162"
12011,"23,40"
12012,"3,50"
12013,"3,40"
12014,"40,169"
12015,"0,23"
12016,"40,151"
12017,"3,35"
12018,"10,23"
12019,"3,50"
12020,"40,162"
12021,"23,40"
12022,"40,162"
12023,"3,35"
12024,"3,50"
12025,"3,40"
12026,"23,76"
12027,"10,40,44"
12028,"169,274"
12029,"23,169"
12030,"23,40"
12031,"3,40"
12032,"3,50"
12033,"40,162"
12034,"0,249"
12035,"3,50"
12036,"0,249"
12037,"10,40,44"
12038,"23,76"
12039,"3,50"
12040,"3,35"
12041,"23,40,76"
12042,"23,76"
12043,"23,40"
12044,"0,23"
12045,"23,76"
12046,"3,50"
12047,"169,259"
12048,"23,40,44"
12049,"10,65"
12050,"40,169"
12051,"0,249"
12052,"10,23"
12053,"3,169"
12054,"3,50"
12055,"0,23"
12056,"40,169"
12057,"23,76"
12058,"10,23"
12059,"3,35"
12060,"40,162"
12061,"40,162"
12062,"3,50"
12063,"23,40"
12064,"3,40"
12065,"10,44"
12066,"10,40,44"
12067,"23,76"
12068,"3,50"
12069,"10,44"
12070,"23,169"
12071,"0,211"
12072,"40,162"
12073,"10,40,44"
12074,"10,40"
12075,"3,10"
12076,"10,169"
12077,"10,44"
12078,"3,35"
12079,"40,162"
12080,"3,40"
12081,"10,65"
12082,"40,44"
12083,"10,44"
12084,"3,35"
12085,"40,151"
12086,"10,44"
12087,"10,44"
12088,"3,35"
12089,"40,169"
12090,"3,35"
12091,"40,162"
12092,"3,40"
12093,"10,44"
12094,"3,40"
12095,"23,76"
12096,"23,169"
12097,"0,211"
12098,"23,76"
12099,"0,249"
12100,"3,50"
12101,"23,76"
12102,"40,44"
12103,"3,40"
12104,"0,249"
12105,"10,44"
12106,"3,40"
12107,"3,50"
12108,"0,3"
12109,"23,40"
12110,"3,40"
12111,"10,65"
12112,"169,452"
12113,"3,35"
12114,"0,169"
12115,"23,76"
12116,"10,40,44"
12117,"23,40"
12118,"0,249"
12119,"10,65"
12120,"23,76"
12121,"0,249"
12122,"23,76"
12123,"0,169"
12124,"23,76"
12125,"0,249"
12126,"23,76"
12127,"3,40"
12128,"23,76"
12129,"3,35"
12130,"3,50"
12131,"3,40"
12132,"3,10"
12133,"40,162"
12134,"40,162"
12135,"3,50"
12136,"23,76"
12137,"0,23"
12138,"10,23"
12139,"3,50"
12140,"0,249"
12141,"10,220"
12142,"0,249"
12143,"40,44"
12144,"169,274"
12145,"3,169"
12146,"10,44"
12147,"10,40,44"
12148,"0,3"
12149,"10,23"
12150,"0,249"
12151,"23,76"
12152,"40,162"
12153,"23,76"
12154,"23,40,44"
12155,"23,76"
12156,"40,162"
12157,"10,40,44"
12158,"10,23"
12159,"40,162"
12160,"40,162"
12161,"40,169"
12162,"0,23"
12163,"10,220"
12164,"0,249"
12165,"40,169"
12166,"3,40"
12167,"40,162"
12168,"40,162"
12169,"23,76"
12170,"10,44"
12171,"40,162"
12172,"40,162"
12173,"10,65"
12174,"10,23"
12175,"23,76"
12176,"3,23"
12177,"3,50"
12178,"40,162"
12179,"3,35"
12180,"40,169"
12181,"0,249"
12182,"40,162"
12183,"3,40"
12184,"23,40"
12185,"23,76"
12186,"0,211"
12187,"3,40"
12188,"40,162"
12189,"0,211"
12190,"3,40"
12191,"23,76"
12192,"3,35"
12193,"23,40,76"
12194,"169,251"
12195,"23,40"
12196,"3,35"
12197,"10,40,44"
12198,"10,44"
12199,"40,162"
12200,"0,249"
12201,"3,40"
12202,"40,162"
12203,"10,40,44"
12204,"3,10"
12205,"3,50"
12206,"40,169"
12207,"3,50"
12208,"23,76"
12209,"0,23"
12210,"3,40"
12211,"10,40,44"
12212,"3,35"
12213,"40,162"
12214,"0,249"
12215,"3,40"
12216,"3,169"
12217,"40,169"
12218,"40,162"
12219,"3,50"
12220,"3,169"
12221,"0,211"
12222,"23,169"
12223,"0,249"
12224,"3,35"
12225,"23,76"
12226,"0,169"
12227,"3,50"
12228,"10,40,44"
12229,"40,162"
12230,"3,50"
12231,"3,169"
12232,"3,169"
12233,"23,40"
12234,"3,35"
12235,"10,44"
12236,"3,50"
12237,"3,50"
12238,"10,44"
12239,"3,40"
12240,"0,23"
12241,"3,35"
12242,"23,169"
12243,"3,40"
12244,"10,44"
12245,"23,76"
12246,"40,162"
12247,"0,3"
12248,"40,162"
12249,"0,169"
12250,"3,40"
12251,"23,40"
12252,"40,169"
12253,"3,35"
12254,"10,220"
12255,"0,249"
12256,"3,10,40"
12257,"40,151"
12258,"23,40"
12259,"0,169"
12260,"23,76"
12261,"3,23"
12262,"10,23"
12263,"40,162"
12264,"0,211"
12265,"0,169"
12266,"10,40,44"
12267,"3,50"
12268,"23,76"
12269,"10,40"
12270,"40,162"
12271,"40,169"
12272,"23,76"
12273,"0,249"
12274,"40,162"
12275,"10,40,44"
12276,"3,50"
12277,"10,23"
12278,"23,76"
12279,"3,40"
12280,"0,3"
12281,"40,162"
12282,"0,169"
12283,"3,35"
12284,"3,23,40"
12285,"0,3"
12286,"40,169"
12287,"10,40"
12288,"23,40"
12289,"10,40,44"
12290,"10,23"
12291,"3,40"
12292,"10,44"
12293,"40,162"
12294,"23,76"
12295,"40,162"
12296,"3,50"
12297,"3,23"
12298,"3,40"
12299,"10,44"
12300,"0,249"
12301,"10,65"
12302,"10,44"
12303,"40,151"
12304,"10,65"
12305,"0,249"
12306,"10,23"
12307,"23,40,44"
12308,"0,249"
12309,"0,40"
12310,"40,162"
12311,"23,40"
12312,"3,50"
12313,"3,40"
12314,"10,23"
12315,"40,162"
12316,"169,223"
12317,"0,249"
12318,"10,44"
12319,"40,162"
12320,"3,40"
12321,"3,50"
12322,"23,76"
12323,"23,169"
12324,"3,50"
12325,"23,40,44"
12326,"3,40"
12327,"3,40"
12328,"3,40"
12329,"10,23"
12330,"23,40"
12331,"0,40"
12332,"169,274"
12333,"40,44"
12334,"10,44"
12335,"23,40"
12336,"3,50"
12337,"40,162"
12338,"0,3"
12339,"0,3"
12340,"3,35"
12341,"40,169"
12342,"40,169"
12343,"0,23"
12344,"3,40"
12345,"40,162"
12346,"3,40,169"
12347,"10,44"
12348,"3,35"
12349,"10,23"
12350,"40,162"
12351,"23,40,76"
12352,"3,35"
12353,"3,40"
12354,"10,44"
12355,"0,3"
12356,"0,249"
12357,"3,169"
12358,"23,76"
12359,"10,44"
12360,"169,223"
12361,"40,162"
12362,"3,50"
12363,"0,249"
12364,"3,40"
12365,"23,40"
12366,"3,40"
12367,"10,44"
12368,"3,40"
12369,"40,162"
12370,"10,23"
12371,"3,169"
12372,"3,40"
12373,"0,23"
12374,"3,40"
12375,"40,44"
12376,"3,50"
12377,"3,40"
12378,"10,44"
12379,"3,50"
12380,"0,3"
12381,"3,40"
12382,"0,249"
12383,"40,169"
12384,"40,169"
12385,"40,151"
12386,"10,40"
12387,"3,40"
12388,"3,40"
12389,"3,40,169"
12390,"23,169"
12391,"10,65"
12392,"169,274"
12393,"169,259"
12394,"40,44"
12395,"10,40,44"
12396,"10,44"
12397,"40,169"
12398,"0,249"
12399,"40,169"
12400,"23,76"
12401,"10,40,44"
12402,"40,151"
12403,"3,169"
12404,"10,40,44"
12405,"23,76"
12406,"10,23"
12407,"169,223"
12408,"10,23"
12409,"169,274"
12410,"40,162"
12411,"0,249"
12412,"10,40,44"
12413,"3,35"
12414,"40,44"
12415,"10,23"
12416,"3,40"
12417,"3,40"
12418,"40,151"
12419,"169,274"
12420,"0,211"
12421,"23,169"
12422,"23,40,44"
12423,"23,40"
12424,"40,44"
12425,"3,35"
12426,"23,40"
12427,"40,162"
12428,"3,40"
12429,"23,76"
12430,"23,76"
12431,"3,35"
12432,"10,44"
12433,"40,162"
12434,"0,249"
12435,"3,40"
12436,"23,76"
12437,"3,50"
12438,"40,162"
12439,"23,40"
12440,"3,40"
12441,"3,40"
12442,"3,169"
12443,"10,44"
12444,"3,23"
12445,"10,220"
12446,"3,50"
12447,"3,50"
12448,"10,44"
12449,"23,40"
12450,"3,50"
12451,"3,10"
12452,"10,44"
12453,"10,40,44"
12454,"10,44"
12455,"10,40,44"
12456,"40,162"
12457,"10,40,44"
12458,"3,35"
12459,"0,40"
12460,"169,223"
12461,"23,40,44"
12462,"0,40"
12463,"40,169"
12464,"3,35"
12465,"3,50"
12466,"0,3"
12467,"3,35"
12468,"3,35"
12469,"3,169"
12470,"0,249"
12471,"0,23"
12472,"169,274"
12473,"0,40"
12474,"23,169"
12475,"40,162"
12476,"23,76"
12477,"3,50"
12478,"10,44"
12479,"23,40"
12480,"23,76"
12481,"40,162"
12482,"40,162"
12483,"10,23"
12484,"3,40"
12485,"169,274"
12486,"0,249"
12487,"23,40"
12488,"40,169"
12489,"3,50"
12490,"23,76"
12491,"3,35"
12492,"40,162"
12493,"169,179"
12494,"10,23"
12495,"10,44"
12496,"10,220"
12497,"3,40"
12498,"10,40,44"
12499,"3,35"
12500,"10,44"
12501,"23,169"
12502,"0,40"
12503,"23,76"
12504,"3,169"
12505,"3,169"
12506,"10,23"
12507,"40,162"
12508,"3,50"
12509,"0,23"
12510,"0,249"
12511,"3,169"
12512,"3,35"
12513,"3,40"
12514,"40,162"
12515,"23,76"
12516,"3,40"
12517,"3,40"
12518,"3,169"
12519,"3,50"
12520,"10,44"
12521,"3,40"
12522,"0,249"
12523,"10,40,44"
12524,"10,44"
12525,"10,44"
12526,"0,249"
12527,"0,211"
12528,"40,151"
12529,"3,50"
12530,"0,23"
12531,"23,76"
12532,"23,76"
12533,"10,40"
12534,"3,35"
12535,"10,40,44"
12536,"10,44"
12537,"3,40"
12538,"3,35"
12539,"0,249"
12540,"40,162"
12541,"3,169"
12542,"10,44"
12543,"0,249"
12544,"23,76"
12545,"23,76"
12546,"10,44"
12547,"3,50"
12548,"3,35"
12549,"3,35"
12550,"10,40"
12551,"3,50"
12552,"40,44"
12553,"40,169"
12554,"3,40"
12555,"3,35"
12556,"169,223"
12557,"40,169"
12558,"10,40,44"
12559,"10,40,44"
12560,"0,23"
12561,"10,40"
12562,"23,76"
12563,"0,10"
12564,"23,76"
12565,"0,10"
12566,"40,169"
12567,"0,249"
12568,"0,23"
12569,"0,211"
12570,"3,23"
12571,"10,44"
12572,"3,169"
12573,"10,23,44"
12574,"3,40"
12575,"3,35"
12576,"3,40"
12577,"3,50"
12578,"23,40"
12579,"23,76"
12580,"10,40,44"
12581,"10,44"
12582,"3,35"
12583,"23,76"
12584,"3,35"
12585,"40,162"
12586,"3,40"
12587,"3,50"
12588,"3,35"
12589,"0,211"
12590,"3,50"
12591,"3,40"
12592,"23,76"
12593,"3,40"
12594,"40,162"
12595,"23,76"
12596,"40,162"
12597,"169,223"
12598,"3,35"
12599,"3,35"
12600,"3,40"
12601,"10,23"
12602,"23,76"
12603,"0,249"
12604,"23,40,76"
12605,"0,249"
12606,"10,44"
12607,"0,3"
12608,"40,162"
12609,"0,3"
12610,"10,23"
12611,"3,40"
12612,"23,76"
12613,"3,40"
12614,"3,35"
12615,"3,40"
12616,"0,211"
12617,"3,50"
12618,"0,249"
12619,"3,35"
12620,"3,35"
12621,"40,162"
12622,"23,76"
12623,"0,3"
12624,"10,44"
12625,"10,44"
12626,"23,40"
12627,"23,169"
12628,"3,40"
12629,"0,40"
12630,"3,50"
12631,"10,23"
12632,"0,249"
12633,"0,249"
12634,"3,50"
12635,"3,40"
12636,"3,35"
12637,"3,40"
12638,"0,249"
12639,"3,50"
12640,"0,3"
12641,"3,50"
12642,"40,162"
12643,"23,40"
12644,"23,76"
12645,"10,23"
12646,"169,274"
12647,"3,50"
12648,"169,323"
12649,"3,40"
12650,"0,23"
12651,"3,50"
12652,"40,162"
12653,"3,40"
12654,"3,50"
12655,"169,337"
12656,"0,249"
12657,"3,50"
12658,"0,23"
12659,"23,76"
12660,"40,162"
12661,"3,35"
12662,"10,40"
12663,"3,35"
12664,"10,40,44"
12665,"10,44"
12666,"3,10"
12667,"10,23"
12668,"40,162"
12669,"10,40"
12670,"0,249"
12671,"10,40,44"
12672,"3,50"
12673,"10,44"
12674,"10,23"
12675,"23,40"
12676,"3,40"
12677,"3,169"
12678,"10,44"
12679,"3,40"
12680,"40,162"
12681,"23,169"
12682,"0,23"
12683,"23,76"
12684,"23,76"
12685,"3,169"
12686,"169,223"
12687,"0,10"
12688,"23,76"
12689,"40,169"
12690,"169,223"
12691,"10,40,44"
12692,"3,35"
12693,"10,44"
12694,"169,274"
12695,"10,40,44"
12696,"3,40"
12697,"3,40"
12698,"0,23"
12699,"169,223"
12700,"40,162"
12701,"23,40"
12702,"3,35"
12703,"40,162"
12704,"0,249"
12705,"40,162"
12706,"10,40"
12707,"3,40"
12708,"23,76"
12709,"10,40,44"
12710,"10,23"
12711,"23,76"
12712,"10,40,44"
12713,"10,40,44"
12714,"3,40"
12715,"0,249"
12716,"40,151"
12717,"3,40"
12718,"3,169"
12719,"10,220"
12720,"40,151"
12721,"3,169"
12722,"3,40"
12723,"3,40"
12724,"40,162"
12725,"23,40"
12726,"40,44"
12727,"3,40"
12728,"3,23"
12729,"10,40,44"
12730,"23,76"
12731,"10,40,44"
12732,"0,40"
12733,"3,169"
12734,"3,169"
12735,"3,40"
12736,"10,23"
12737,"23,76"
12738,"23,76"
12739,"3,40"
12740,"3,35"
12741,"10,40,169"
12742,"0,23"
12743,"23,76"
12744,"3,40"
12745,"10,44"
12746,"40,162"
12747,"0,249"
12748,"0,23"
12749,"40,162"
12750,"0,40"
12751,"10,44"
12752,"0,211"
12753,"23,40"
12754,"0,23"
12755,"10,23,40"
12756,"23,76"
12757,"23,40"
12758,"3,169"
12759,"40,162"
12760,"0,23"
12761,"3,35"
12762,"3,35"
12763,"0,249"
12764,"0,169"
12765,"0,249"
12766,"23,76"
12767,"3,50"
12768,"3,10"
12769,"10,44"
12770,"23,40"
12771,"10,40,44"
12772,"0,249"
12773,"23,76"
12774,"3,35"
12775,"3,169"
12776,"10,44"
12777,"3,50"
12778,"23,76"
12779,"3,35"
12780,"0,23"
12781,"3,35"
12782,"10,65"
12783,"10,65"
12784,"3,50"
12785,"23,76"
12786,"3,35"
12787,"3,169"
12788,"0,23"
12789,"3,169"
12790,"40,169"
12791,"10,44"
12792,"23,76"
12793,"3,40"
12794,"3,50"
12795,"23,76"
12796,"23,76"
12797,"10,40,44"
12798,"169,323"
12799,"3,50"
12800,"23,40"
12801,"3,35"
12802,"3,169"
12803,"10,23"
12804,"10,44"
12805,"3,40"
12806,"0,23"
12807,"10,65"
12808,"3,35"
12809,"40,169"
12810,"0,211"
12811,"23,169"
12812,"10,65"
12813,"0,249"
12814,"10,44"
12815,"3,40"
12816,"3,50"
12817,"3,35"
12818,"40,169"
12819,"0,249"
12820,"169,223"
12821,"3,50"
12822,"23,169"
12823,"3,40"
12824,"40,169"
12825,"23,76"
12826,"40,162"
12827,"169,223"
12828,"40,169"
12829,"3,50"
12830,"10,40,44"
12831,"3,35"
12832,"10,44"
12833,"3,50"
12834,"3,40"
12835,"0,40"
12836,"10,65"
12837,"3,23"
12838,"3,40"
12839,"10,44"
12840,"3,35"
12841,"0,211"
12842,"23,76"
12843,"23,40"
12844,"3,50"
12845,"23,76"
12846,"10,40"
12847,"3,50"
12848,"3,50"
12849,"10,220"
12850,"40,162"
12851,"3,50"
12852,"3,40"
12853,"3,40"
12854,"10,40,44"
12855,"169,274"
12856,"10,44"
12857,"0,3"
12858,"0,3"
12859,"10,23"
12860,"40,169"
12861,"3,50"
12862,"3,35"
12863,"0,249"
12864,"3,169"
12865,"3,50"
12866,"10,44"
12867,"10,44"
12868,"3,40"
12869,"0,23"
12870,"3,35"
12871,"23,40"
12872,"3,169"
12873,"10,65"
12874,"3,23"
12875,"0,23"
12876,"10,40,44"
12877,"3,50"
12878,"10,44"
12879,"3,35"
12880,"0,40"
12881,"3,35"
12882,"3,23"
12883,"3,40"
12884,"0,10"
12885,"40,169"
12886,"3,40"
12887,"40,162"
12888,"3,40,169"
12889,"3,50"
12890,"23,40"
12891,"3,40"
12892,"3,169"
12893,"23,76"
12894,"0,23"
12895,"3,40"
12896,"23,169"
12897,"40,169"
12898,"0,40"
12899,"40,169"
12900,"40,162"
12901,"3,169"
12902,"169,223"
12903,"0,249"
12904,"3,40"
12905,"23,76"
12906,"40,162"
12907,"40,169"
12908,"40,162"
12909,"10,40,44"
12910,"3,40"
12911,"23,76"
12912,"3,40"
12913,"3,35"
12914,"23,76"
12915,"3,35"
12916,"23,76"
12917,"0,23"
12918,"3,23,40"
12919,"10,23"
12920,"3,23"
12921,"10,44"
12922,"3,35"
12923,"169,223"
12924,"40,162"
12925,"0,10"
12926,"23,40,44"
12927,"40,169"
12928,"3,35"
12929,"3,40"
12930,"23,40"
12931,"23,40"
12932,"0,23"
12933,"0,169"
12934,"3,50"
12935,"10,44"
12936,"23,40"
12937,"0,249"
12938,"3,35"
12939,"10,40,44"
12940,"0,249"
12941,"40,169"
12942,"10,44"
12943,"0,3"
12944,"10,44"
12945,"10,40"
12946,"10,65"
12947,"23,40"
12948,"3,35"
12949,"0,169"
12950,"3,50"
12951,"10,44"
12952,"3,40"
12953,"3,35"
12954,"10,40,44"
12955,"3,50"
12956,"40,169"
12957,"23,76"
12958,"40,162"
12959,"0,3"
12960,"23,40"
12961,"3,169"
12962,"0,211"
12963,"23,76"
12964,"23,40"
12965,"3,40"
12966,"10,23"
12967,"3,35"
12968,"40,151"
12969,"3,40"
12970,"23,76"
12971,"40,162"
12972,"40,44,169"
12973,"10,23"
12974,"23,76"
12975,"169,452"
12976,"0,23"
12977,"40,162"
12978,"3,40"
12979,"3,169"
12980,"3,50"
12981,"3,40"
12982,"23,76"
12983,"10,65"
12984,"169,223"
12985,"0,249"
12986,"40,162"
12987,"3,40"
12988,"23,76"
12989,"23,40"
12990,"40,169"
12991,"23,40"
12992,"10,23,44"
12993,"0,169"
12994,"0,249"
12995,"10,40,44"
12996,"3,40"
12997,"23,76"
12998,"10,40"
12999,"23,76"
13000,"3,50"
13001,"40,169"
13002,"3,50"
13003,"3,40"
13004,"10,23"
13005,"3,40"
13006,"10,44"
13007,"3,40"
13008,"0,40"
13009,"10,40,44"
13010,"23,40"
13011,"3,35"
13012,"10,40,44"
13013,"23,40"
13014,"0,3"
13015,"40,44,162"
13016,"0,23"
13017,"3,35"
13018,"3,35"
13019,"0,249"
13020,"10,40,44"
13021,"3,40"
13022,"3,169"
13023,"10,23"
13024,"23,76"
13025,"23,76"
13026,"3,169"
13027,"40,162"
13028,"23,169"
13029,"0,249"
13030,"0,23"
13031,"169,223"
13032,"23,40"
13033,"23,76"
13034,"23,76"
13035,"0,249"
13036,"23,169"
13037,"169,223"
13038,"3,40"
13039,"169,223"
13040,"3,35"
13041,"169,274"
13042,"10,220"
13043,"0,10"
13044,"3,50"
13045,"0,23,40"
13046,"3,50"
13047,"3,169"
13048,"3,35"
13049,"10,23"
13050,"3,50"
13051,"40,151"
13052,"23,40"
13053,"23,40"
13054,"10,40,44"
13055,"23,76"
13056,"3,40"
13057,"23,169"
13058,"23,40,44"
13059,"169,223"
13060,"40,169"
13061,"0,23,40"
13062,"23,40"
13063,"169,452"
13064,"10,40"
13065,"3,40"
13066,"0,211"
13067,"23,40"
13068,"3,35"
13069,"3,40"
13070,"40,44"
13071,"10,220"
13072,"10,44"
13073,"10,40,44"
13074,"40,162"
13075,"23,40"
13076,"40,162"
13077,"40,151"
13078,"23,76"
13079,"23,76"
13080,"10,44"
13081,"0,249"
13082,"169,274"
13083,"10,40,44"
13084,"40,169"
13085,"169,223"
13086,"10,23"
13087,"3,35"
13088,"40,162"
13089,"3,50"
13090,"0,169"
13091,"23,40"
13092,"3,40"
13093,"0,249"
13094,"40,169"
13095,"23,76"
13096,"0,23"
13097,"3,40"
13098,"0,249"
13099,"3,40"
13100,"0,249"
13101,"10,23"
13102,"10,23"
13103,"40,162"
13104,"3,40"
13105,"40,162"
13106,"23,76"
13107,"23,40"
13108,"3,50"
13109,"23,40,44"
13110,"23,76"
13111,"40,162"
13112,"10,44"
13113,"3,23"
13114,"3,40"
13115,"23,40,76"
13116,"10,40"
13117,"3,35"
13118,"3,35"
13119,"0,249"
13120,"40,162"
13121,"3,50"
13122,"3,169"
13123,"0,23"
13124,"40,162"
13125,"3,10,40"
13126,"3,50"
13127,"40,162"
13128,"23,76"
13129,"23,76"
13130,"3,50"
13131,"0,3"
13132,"40,162"
13133,"40,162"
13134,"10,44"
13135,"23,76"
13136,"0,249"
13137,"10,23"
13138,"10,40,44"
13139,"23,40"
13140,"10,44"
13141,"3,169"
13142,"10,23"
13143,"0,23"
13144,"3,40"
13145,"10,44"
13146,"3,40"
13147,"0,3"
13148,"0,211"
13149,"40,162"
13150,"10,23"
13151,"3,35"
13152,"40,162"
13153,"0,249"
13154,"10,44"
13155,"3,35"
13156,"40,162"
13157,"3,23"
13158,"3,40"
13159,"0,249"
13160,"10,40,44"
13161,"3,50"
13162,"3,50"
13163,"3,50"
13164,"0,249"
13165,"10,44"
13166,"10,44"
13167,"10,44"
13168,"3,35"
13169,"3,35"
13170,"3,40"
13171,"3,23"
13172,"169,274"
13173,"40,169"
13174,"0,3"
13175,"3,50"
13176,"3,10"
13177,"3,169"
13178,"10,44"
13179,"10,23"
13180,"23,40"
13181,"10,65"
13182,"10,44"
13183,"23,76"
13184,"3,35"
13185,"0,23"
13186,"40,162"
13187,"10,220"
13188,"10,23"
13189,"40,162"
13190,"40,162"
13191,"3,50"
13192,"10,23"
13193,"3,23,40"
13194,"0,249"
13195,"0,249"
13196,"40,169"
13197,"0,249"
13198,"3,40"
13199,"3,169"
13200,"3,40"
13201,"10,40"
13202,"3,35"
13203,"3,40"
13204,"3,35"
13205,"10,40"
13206,"10,44"
13207,"10,23"
13208,"10,44"
13209,"23,76"
13210,"3,40"
13211,"40,44"
13212,"3,35"
13213,"10,23"
13214,"23,76"
13215,"3,50"
13216,"40,169"
13217,"10,40"
13218,"10,40"
13219,"3,40"
13220,"23,40,169"
13221,"10,40,44"
13222,"23,40"
13223,"0,249"
13224,"3,169"
13225,"3,35"
13226,"40,162"
13227,"3,50"
13228,"10,23,44"
13229,"3,40"
13230,"169,274"
13231,"40,44,169"
13232,"40,151"
13233,"10,23"
13234,"10,65"
13235,"3,40"
13236,"10,23"
13237,"3,35"
13238,"3,35"
13239,"3,50"
13240,"40,162"
13241,"40,44"
13242,"10,23"
13243,"10,220"
13244,"3,35"
13245,"40,162"
13246,"40,44"
13247,"10,44"
13248,"3,50"
13249,"40,162"
13250,"0,249"
13251,"10,40,44"
13252,"10,23"
13253,"10,40,44"
13254,"10,40,44"
13255,"10,40"
13256,"3,50"
13257,"0,40"
13258,"40,169"
13259,"3,50"
13260,"40,162"
13261,"0,211"
13262,"10,40"
13263,"40,169"
13264,"10,44"
13265,"23,40"
13266,"10,23"
13267,"10,40,44"
13268,"3,169"
13269,"10,44"
13270,"169,223"
13271,"10,44"
13272,"23,76"
13273,"40,162"
13274,"3,169"
13275,"40,162"
13276,"23,40"
13277,"23,40"
13278,"10,44"
13279,"23,40"
13280,"3,40"
13281,"169,223"
13282,"10,23"
13283,"10,23"
13284,"10,44"
13285,"23,76"
13286,"40,162"
13287,"40,169"
13288,"10,40,44"
13289,"3,23"
13290,"3,35"
13291,"0,10"
13292,"40,162"
13293,"0,249"
13294,"23,40"
13295,"3,35"
13296,"3,50"
13297,"0,249"
13298,"3,35"
13299,"10,23"
13300,"3,50"
13301,"0,40"
13302,"3,50"
13303,"0,249"
13304,"40,169"
13305,"10,44"
13306,"0,211"
13307,"40,162"
13308,"0,211"
13309,"40,162"
13310,"40,44"
13311,"3,50"
13312,"40,162"
13313,"3,35"
13314,"40,169"
13315,"23,40"
13316,"40,162"
13317,"23,76"
13318,"10,44"
13319,"169,223"
13320,"0,211"
13321,"0,249"
13322,"3,10,23"
13323,"23,40"
13324,"3,23"
13325,"40,151"
13326,"3,40,169"
13327,"3,169"
13328,"169,223"
13329,"3,169"
13330,"3,50"
13331,"0,10"
13332,"0,211"
13333,"40,44"
13334,"10,44"
13335,"3,40"
13336,"10,40,44"
13337,"10,65"
13338,"40,162"
13339,"10,23"
13340,"23,76"
13341,"3,40"
13342,"40,169"
13343,"10,44"
13344,"23,169"
13345,"10,23"
13346,"23,76"
13347,"40,169"
13348,"10,40"
13349,"3,40"
13350,"23,40"
13351,"0,249"
13352,"3,50"
13353,"23,76"
13354,"40,44"
13355,"0,249"
13356,"3,169"
13357,"23,76"
13358,"10,44"
13359,"10,23,44"
13360,"10,44"
13361,"10,44"
13362,"3,50"
13363,"10,40,44"
13364,"23,76"
13365,"10,44"
13366,"169,274"
13367,"3,35"
13368,"40,162"
13369,"40,162"
13370,"40,162"
13371,"0,23"
13372,"0,249"
13373,"3,35"
13374,"23,76"
13375,"23,40"
13376,"40,162"
13377,"40,151"
13378,"169,274"
13379,"40,169"
13380,"3,40"
13381,"3,35"
13382,"169,452"
13383,"10,220"
13384,"0,3"
13385,"40,162"
13386,"10,23"
13387,"3,35"
13388,"3,169"
13389,"0,23"
13390,"3,169"
13391,"40,169"
13392,"23,169"
13393,"23,40"
13394,"40,162"
13395,"10,23"
13396,"3,40"
13397,"40,169"
13398,"40,162"
13399,"10,40,44"
13400,"10,44"
13401,"3,40"
13402,"0,23"
13403,"3,35"
13404,"3,50"
13405,"10,23,40"
13406,"40,162"
13407,"10,65"
13408,"40,169"
13409,"3,35"
13410,"3,35"
13411,"0,249"
13412,"10,23,44"
13413,"3,35"
13414,"3,50"
13415,"40,162"
13416,"10,44"
13417,"23,40"
13418,"10,23"
13419,"23,76"
13420,"3,35"
13421,"10,40,44"
13422,"10,23"
13423,"3,35"
13424,"3,50"
13425,"3,40"
13426,"40,169"
13427,"10,40,44"
13428,"23,76"
13429,"10,23"
13430,"23,76"
13431,"3,50"
13432,"10,23"
13433,"3,35"
13434,"10,40,44"
13435,"3,35"
13436,"0,23"
13437,"10,44"
13438,"0,40"
13439,"10,44"
13440,"0,249"
13441,"23,40"
13442,"10,44"
13443,"10,40,44"
13444,"3,50"
13445,"10,23"
13446,"23,40"
13447,"10,44"
13448,"3,23"
13449,"40,162"
13450,"3,35"
13451,"3,35"
13452,"23,76"
13453,"3,50"
13454,"10,44"
13455,"23,169"
13456,"3,35"
13457,"23,76"
13458,"10,40,169"
13459,"23,40,169"
13460,"3,50"
13461,"23,40"
13462,"23,40"
13463,"3,50"
13464,"0,23"
13465,"10,44"
13466,"23,76"
13467,"23,76"
13468,"0,23"
13469,"0,23"
13470,"3,35"
13471,"169,223"
13472,"0,23"
13473,"3,40"
13474,"3,169"
13475,"10,23"
13476,"40,151"
13477,"40,162"
13478,"23,40,44"
13479,"23,76"
13480,"40,169"
13481,"3,40"
13482,"0,23"
13483,"23,76"
13484,"3,169"
13485,"10,23"
13486,"169,223"
13487,"0,249"
13488,"3,50"
13489,"3,40"
13490,"10,40"
13491,"3,169"
13492,"23,76"
13493,"3,169"
13494,"0,23"
13495,"23,40"
13496,"3,50"
13497,"10,40,44"
13498,"10,40"
13499,"3,169"
13500,"40,162"
13501,"3,40"
13502,"3,169"
13503,"3,50"
13504,"23,76"
13505,"40,162"
13506,"40,151"
13507,"23,76"
13508,"3,169"
13509,"3,50"
13510,"3,40"
13511,"3,40"
13512,"40,162"
13513,"23,76"
13514,"40,169"
13515,"3,169"
13516,"23,40"
13517,"3,50"
13518,"3,169"
13519,"3,35"
13520,"0,23"
13521,"23,40"
13522,"3,40"
13523,"10,23,44"
13524,"23,40"
13525,"0,3"
13526,"10,40,44"
13527,"23,76"
13528,"23,40"
13529,"3,40"
13530,"0,249"
13531,"23,76"
13532,"23,76"
13533,"10,220"
13534,"10,44"
13535,"23,76"
13536,"3,40"
13537,"23,40"
13538,"10,40"
13539,"10,40,44"
13540,"3,50"
13541,"40,162"
13542,"23,169"
13543,"3,169"
13544,"10,44"
13545,"40,162"
13546,"3,23"
13547,"23,76"
13548,"23,76"
13549,"3,50"
13550,"0,249"
13551,"40,162"
13552,"0,40"
13553,"40,162"
13554,"40,162"
13555,"10,23"
13556,"3,50"
13557,"3,35"
13558,"23,76"
13559,"0,249"
13560,"3,50"
13561,"3,50"
13562,"3,35"
13563,"23,76"
13564,"3,10,40"
13565,"10,220"
13566,"40,162"
13567,"3,35"
13568,"0,249"
13569,"40,162"
13570,"10,65"
13571,"0,249"
13572,"3,50"
13573,"0,40"
13574,"3,40"
13575,"3,35"
13576,"3,40"
13577,"10,65"
13578,"40,44"
13579,"40,169"
13580,"0,23"
13581,"3,35"
13582,"3,40"
13583,"3,40"
13584,"10,40,44"
13585,"0,3"
13586,"40,162"
13587,"169,274"
13588,"169,223"
13589,"3,40"
13590,"0,3"
13591,"3,169"
13592,"23,169"
13593,"10,65"
13594,"3,50"
13595,"10,65"
13596,"0,249"
13597,"3,50"
13598,"0,249"
13599,"3,40"
13600,"0,3"
13601,"23,76"
13602,"23,76"
13603,"3,40"
13604,"169,223"
13605,"23,76"
13606,"40,151"
13607,"3,169"
13608,"10,23"
13609,"0,249"
13610,"3,35"
13611,"23,76"
13612,"40,169"
13613,"3,40"
13614,"3,40"
13615,"0,3"
13616,"40,151"
13617,"40,169"
13618,"3,35"
13619,"3,35"
13620,"23,76"
13621,"3,40"
13622,"0,23"
13623,"3,40"
13624,"23,169"
13625,"10,65"
13626,"3,40"
13627,"10,44"
13628,"0,40"
13629,"3,40"
13630,"3,35"
13631,"0,40"
13632,"23,76"
13633,"23,76"
13634,"3,40"
13635,"10,44"
13636,"3,40"
13637,"23,76"
13638,"40,162"
13639,"40,169"
13640,"3,50"
13641,"23,76"
13642,"23,76"
13643,"23,40,76"
13644,"3,169"
13645,"40,162"
13646,"0,10"
13647,"23,76"
13648,"40,162"
13649,"0,23"
13650,"3,40"
13651,"0,211"
13652,"3,50"
13653,"23,76"
13654,"0,10"
13655,"0,10"
13656,"23,76"
13657,"3,40"
13658,"40,169"
13659,"40,162"
13660,"3,35"
13661,"3,50"
13662,"40,44"
13663,"3,35"
13664,"0,211"
13665,"40,169"
13666,"10,40"
13667,"10,44"
13668,"0,211"
13669,"3,40"
13670,"3,40"
13671,"23,76"
13672,"169,452"
13673,"23,76"
13674,"3,23"
13675,"23,40"
13676,"0,249"
13677,"10,220"
13678,"10,44"
13679,"3,35"
13680,"169,323"
13681,"10,40"
13682,"3,50"
13683,"0,249"
13684,"40,169"
13685,"10,44"
13686,"3,40"
13687,"10,220"
13688,"3,50"
13689,"23,76"
13690,"40,162"
13691,"23,40"
13692,"40,44"
13693,"3,50"
13694,"23,40,76"
13695,"3,50"
13696,"23,40,44"
13697,"3,40,169"
13698,"40,162"
13699,"3,40"
13700,"3,40"
13701,"23,76"
13702,"10,65"
13703,"10,23"
13704,"10,40,44"
13705,"10,65"
13706,"3,10"
13707,"3,40"
13708,"3,40"
13709,"10,65"
13710,"40,162"
13711,"10,23"
13712,"3,50"
13713,"0,211"
13714,"3,50"
13715,"0,23"
13716,"0,169"
13717,"23,76"
13718,"40,169"
13719,"40,162"
13720,"169,323"
13721,"23,76"
13722,"3,40"
13723,"40,44,169"
13724,"40,169"
13725,"3,50"
13726,"3,50"
13727,"3,35"
13728,"3,169"
13729,"40,169"
13730,"23,76"
13731,"3,35"
13732,"3,35"
13733,"3,40"
13734,"3,35"
13735,"10,44"
13736,"40,169"
13737,"10,23,40"
13738,"23,40"
13739,"0,211"
13740,"3,50"
13741,"3,40"
13742,"3,35"
13743,"23,169"
13744,"23,76"
13745,"23,40,44"
13746,"3,40"
13747,"23,40"
13748,"0,10"
13749,"23,40"
13750,"3,40,169"
13751,"3,40"
13752,"3,50"
13753,"3,50"
13754,"10,23"
13755,"3,10"
13756,"169,223"
13757,"40,162"
13758,"40,162"
13759,"40,162"
13760,"40,162"
13761,"0,249"
13762,"10,44"
13763,"3,10"
13764,"10,44"
13765,"3,35"
13766,"40,169"
13767,"0,23"
13768,"40,169"
13769,"10,40,44"
13770,"0,249"
13771,"40,169"
13772,"3,35"
13773,"40,162"
13774,"169,323"
13775,"10,40,44"
13776,"3,50"
13777,"10,44"
13778,"10,23"
13779,"0,23"
13780,"3,40"
13781,"0,23"
13782,"3,50"
13783,"3,50"
13784,"10,23"
13785,"3,35"
13786,"10,40,44"
13787,"0,211"
13788,"23,40"
13789,"3,50"
13790,"0,40"
13791,"3,50"
13792,"10,23"
13793,"3,35"
13794,"10,40,44"
13795,"10,220"
13796,"10,44"
13797,"40,162"
13798,"23,40"
13799,"169,259"
13800,"3,35"
13801,"23,76"
13802,"40,151"
13803,"3,35"
13804,"3,40"
13805,"23,76"
13806,"23,76"
13807,"0,10"
13808,"3,40,169"
13809,"40,169"
13810,"23,76"
13811,"10,23"
13812,"10,40,44"
13813,"23,40"
13814,"3,40"
13815,"40,44"
13816,"10,44"
13817,"3,50"
13818,"23,40,76"
13819,"0,23"
13820,"23,76"
13821,"3,35"
13822,"0,23"
13823,"23,40"
13824,"23,76"
13825,"10,44"
13826,"3,35"
13827,"3,40"
13828,"3,35"
13829,"23,76"
13830,"0,23"
13831,"3,40"
13832,"3,40"
13833,"169,452"
13834,"40,162"
13835,"3,169"
13836,"0,249"
13837,"10,44"
13838,"3,50"
13839,"0,211"
13840,"40,162"
13841,"3,40"
13842,"10,40"
13843,"3,50"
13844,"40,162"
13845,"23,76"
13846,"10,40"
13847,"0,249"
13848,"10,65"
13849,"3,169"
13850,"3,40"
13851,"10,23,40"
13852,"3,35"
13853,"23,76"
13854,"3,35"
13855,"0,40"
13856,"3,169"
13857,"23,76"
13858,"10,40,44"
13859,"3,35"
13860,"0,249"
13861,"10,44"
13862,"40,162"
13863,"23,76"
13864,"0,249"
13865,"10,44"
13866,"3,169"
13867,"23,76"
13868,"23,40,76"
13869,"3,35"
13870,"3,40"
13871,"23,76"
13872,"23,40,76"
13873,"3,35"
13874,"23,76"
13875,"10,23"
13876,"3,50"
13877,"23,76"
13878,"40,162"
13879,"10,44"
13880,"0,10"
13881,"10,44"
13882,"3,23"
13883,"3,40"
13884,"23,40"
13885,"3,40"
13886,"0,23"
13887,"10,44"
13888,"40,162"
13889,"40,44"
13890,"3,35"
13891,"3,50"
13892,"10,44"
13893,"10,40,44"
13894,"23,40"
13895,"10,23"
13896,"40,162"
13897,"0,249"
13898,"40,162"
13899,"10,40,44"
13900,"40,169"
13901,"0,249"
13902,"3,40"
13903,"10,65"
13904,"3,169"
13905,"3,50"
13906,"3,50"
13907,"10,40,44"
13908,"23,40"
13909,"40,44"
13910,"3,40"
13911,"3,169"
13912,"23,76"
13913,"40,162"
13914,"169,274"
13915,"10,220"
13916,"23,76"
13917,"3,40"
13918,"10,65"
13919,"3,169"
13920,"3,35"
13921,"40,151"
13922,"10,40,44"
13923,"3,50"
13924,"3,35"
13925,"10,23"
13926,"40,162"
13927,"3,169"
13928,"40,151"
13929,"23,76"
13930,"3,50"
13931,"3,40"
13932,"3,40"
13933,"40,44"
13934,"23,76"
13935,"3,40"
13936,"40,151"
13937,"3,169"
13938,"3,40"
13939,"10,44"
13940,"10,44"
13941,"40,162"
13942,"169,452"
13943,"23,40"
13944,"10,23"
13945,"10,44"
13946,"10,44"
13947,"10,40,44"
13948,"23,40"
13949,"3,35"
13950,"0,40"
13951,"3,35"
13952,"10,23"
13953,"0,169"
13954,"40,169"
13955,"3,35"
13956,"3,50"
13957,"40,169"
13958,"40,169"
13959,"10,65"
13960,"3,40"
13961,"169,452"
13962,"23,76"
13963,"40,169"
13964,"0,211"
13965,"40,162"
13966,"3,40"
13967,"0,211"
13968,"0,249"
13969,"0,40"
13970,"3,50"
13971,"3,50"
13972,"40,169"
13973,"40,162"
13974,"23,76"
13975,"0,249"
13976,"3,169"
13977,"0,40"
13978,"10,40,44"
13979,"0,169"
13980,"10,40,44"
13981,"3,40"
13982,"10,23"
13983,"3,35"
13984,"3,40"
13985,"3,40"
13986,"10,44"
13987,"10,23"
13988,"3,50"
13989,"3,50"
13990,"10,65"
13991,"23,40"
13992,"10,44"
13993,"3,40"
13994,"40,162"
13995,"3,40"
13996,"10,40"
13997,"3,50"
13998,"40,162"
13999,"3,35"
14000,"23,76"
14001,"0,3"
14002,"3,35"
14003,"0,211"
14004,"10,40,44"
14005,"3,50"
14006,"10,40"
14007,"3,35"
14008,"10,44"
14009,"10,44"
14010,"10,44"
14011,"10,23"
14012,"3,40"
14013,"3,40"
14014,"40,169"
14015,"0,3"
14016,"3,40"
14017,"3,169"
14018,"40,162"
14019,"3,35"
14020,"3,40"
14021,"40,169"
14022,"3,23,40"
14023,"10,40,44"
14024,"0,3,169"
14025,"3,50"
14026,"40,162"
14027,"0,40"
14028,"0,10"
14029,"3,40"
14030,"23,40"
14031,"3,35"
14032,"3,50"
14033,"40,162"
14034,"23,76"
14035,"23,76"
14036,"40,162"
14037,"3,40"
14038,"23,76"
14039,"23,40"
14040,"40,151"
14041,"0,249"
14042,"3,50"
14043,"10,44"
14044,"3,169"
14045,"3,35"
14046,"3,10"
14047,"10,44"
14048,"0,249"
14049,"40,169"
14050,"3,23,169"
14051,"23,40"
14052,"10,65"
14053,"40,169"
14054,"3,40"
14055,"3,40"
14056,"0,211"
14057,"23,76"
14058,"3,40"
14059,"23,76"
14060,"0,211"
14061,"23,76"
14062,"3,23"
14063,"40,162"
14064,"3,50"
14065,"40,44"
14066,"3,40"
14067,"40,44"
14068,"3,169"
14069,"40,162"
14070,"23,40"
14071,"23,40"
14072,"3,23"
14073,"0,23"
14074,"0,249"
14075,"10,65"
14076,"169,223"
14077,"3,169"
14078,"3,50"
14079,"23,76"
14080,"0,10"
14081,"3,35"
14082,"40,162"
14083,"3,169"
14084,"10,65"
14085,"40,151"
14086,"40,162"
14087,"3,40"
14088,"10,44"
14089,"40,162"
14090,"40,162"
14091,"10,23"
14092,"3,40"
14093,"0,169"
14094,"23,76"
14095,"23,40"
14096,"23,76"
14097,"23,76"
14098,"3,35"
14099,"3,35"
14100,"3,50"
14101,"10,40,44"
14102,"3,40"
14103,"0,23"
14104,"40,162"
14105,"3,50"
14106,"0,3"
14107,"3,40"
14108,"3,40"
14109,"23,76"
14110,"40,162"
14111,"10,23"
14112,"23,76"
14113,"40,162"
14114,"40,169"
14115,"3,35"
14116,"169,223"
14117,"23,76"
14118,"10,65"
14119,"0,211"
14120,"10,220"
14121,"23,76"
14122,"10,44"
14123,"3,50"
14124,"23,40"
14125,"3,35"
14126,"40,162"
14127,"3,169"
14128,"40,162"
14129,"3,10,23"
14130,"23,76"
14131,"3,10"
14132,"40,151"
14133,"40,162"
14134,"10,23"
14135,"40,151"
14136,"0,211"
14137,"40,162"
14138,"10,44"
14139,"0,211"
14140,"40,169"
14141,"0,249"
14142,"23,76"
14143,"3,50"
14144,"23,76"
14145,"0,211"
14146,"40,162"
14147,"3,40"
14148,"10,40,44"
14149,"3,35"
14150,"0,3"
14151,"0,211"
14152,"10,220"
14153,"0,211"
14154,"0,249"
14155,"3,169"
14156,"10,65"
14157,"3,35"
14158,"0,40"
14159,"3,35"
14160,"23,76"
14161,"10,44"
14162,"10,23"
14163,"40,162"
14164,"10,44"
14165,"40,169"
14166,"0,249"
14167,"10,40,44"
14168,"3,50"
14169,"10,40,44"
14170,"10,40"
14171,"3,35"
14172,"23,40"
14173,"10,44,169"
14174,"10,220"
14175,"3,40"
14176,"40,44,169"
14177,"3,50"
14178,"169,274"
14179,"40,162"
14180,"40,162"
14181,"23,76"
14182,"10,40,44"
14183,"3,23"
14184,"3,35"
14185,"40,169"
14186,"3,40"
14187,"23,76"
14188,"3,50"
14189,"3,35"
14190,"3,40"
14191,"23,76"
14192,"0,211"
14193,"0,23"
14194,"0,23"
14195,"3,23"
14196,"3,40"
14197,"10,23"
14198,"0,23"
14199,"40,169"
14200,"3,35"
14201,"0,211"
14202,"3,35"
14203,"3,40"
14204,"23,40"
14205,"169,223"
14206,"0,3"
14207,"10,44"
14208,"0,249"
14209,"0,211"
14210,"0,249"
14211,"40,162"
14212,"169,274"
14213,"3,40"
14214,"40,162"
14215,"10,44"
14216,"0,211"
14217,"23,40"
14218,"0,169"
14219,"3,35"
14220,"3,40"
14221,"0,23"
14222,"3,40"
14223,"3,169"
14224,"0,249"
14225,"23,76"
14226,"40,162"
14227,"3,40"
14228,"23,76"
14229,"23,76"
14230,"23,76"
14231,"10,44"
14232,"40,162"
14233,"0,169"
14234,"0,249"
14235,"23,76"
14236,"3,40"
14237,"3,10"
14238,"23,76"
14239,"0,3"
14240,"3,10"
14241,"3,35"
14242,"0,23"
14243,"40,162"
14244,"10,40"
14245,"23,40"
14246,"0,211"
14247,"23,40"
14248,"3,35"
14249,"40,169"
14250,"23,76"
14251,"40,162"
14252,"3,40"
14253,"10,23"
14254,"0,249"
14255,"3,40"
14256,"3,50"
14257,"10,44"
14258,"40,44"
14259,"3,169"
14260,"23,169"
14261,"10,44"
14262,"3,40"
14263,"10,44"
14264,"3,40"
14265,"3,35"
14266,"40,395"
14267,"10,44"
14268,"10,44"
14269,"0,3"
14270,"40,169"
14271,"3,40"
14272,"10,44"
14273,"3,35"
14274,"40,169"
14275,"3,40"
14276,"3,40"
14277,"3,35"
14278,"23,40"
14279,"3,40"
14280,"40,162"
14281,"40,162"
14282,"23,76"
14283,"23,76"
14284,"3,50"
14285,"23,76"
14286,"10,169"
14287,"3,23"
14288,"3,35"
14289,"40,162"
14290,"3,35"
14291,"3,23,40"
14292,"0,40"
14293,"23,76"
14294,"10,44"
14295,"3,40"
14296,"40,44"
14297,"0,3"
14298,"0,211"
14299,"3,169"
14300,"0,23"
14301,"40,169"
14302,"3,10,23"
14303,"3,50"
14304,"40,162"
14305,"3,35"
14306,"23,76"
14307,"10,40,44"
14308,"40,44"
14309,"3,35"
14310,"10,65"
14311,"40,169"
14312,"0,249"
14313,"10,40"
14314,"10,23"
14315,"169,452"
14316,"3,40"
14317,"0,211"
14318,"10,23"
14319,"3,35"
14320,"3,40"
14321,"3,50"
14322,"3,35"
14323,"0,3"
14324,"0,3"
14325,"10,23"
14326,"40,169"
14327,"3,50"
14328,"23,76"
14329,"0,249"
14330,"10,44"
14331,"40,169"
14332,"3,35"
14333,"3,50"
14334,"10,65"
14335,"40,162"
14336,"169,452"
14337,"40,44,169"
14338,"0,211"
14339,"10,23,40"
14340,"10,44"
14341,"3,40"
14342,"3,35"
14343,"23,76"
14344,"40,44,169"
14345,"3,50"
14346,"169,251"
14347,"40,162"
14348,"3,40"
14349,"169,223"
14350,"40,169"
14351,"23,76"
14352,"0,40"
14353,"40,169"
14354,"3,40"
14355,"40,162"
14356,"10,220"
14357,"3,40"
14358,"169,274"
14359,"10,23"
14360,"10,23"
14361,"0,211"
14362,"3,35"
14363,"3,169"
14364,"0,3,40"
14365,"40,162"
14366,"3,40"
14367,"40,162"
14368,"3,35"
14369,"3,10"
14370,"23,76"
14371,"40,44"
14372,"10,23"
14373,"3,35"
14374,"3,40"
14375,"10,23"
14376,"10,40,44"
14377,"3,10,23"
14378,"10,44"
14379,"23,76"
14380,"40,162"
14381,"3,35"
14382,"0,3"
14383,"3,50"
14384,"23,76"
14385,"3,40"
14386,"169,223"
14387,"3,50"
14388,"40,169"
14389,"10,40,44"
14390,"3,40"
14391,"40,169"
14392,"23,40"
14393,"10,23"
14394,"3,35"
14395,"10,44"
14396,"0,23"
14397,"3,50"
14398,"3,169"
14399,"40,162"
14400,"3,50"
14401,"10,23"
14402,"10,23"
14403,"3,40"
14404,"10,44"
14405,"3,50"
14406,"169,223"
14407,"23,76"
14408,"3,50"
14409,"40,162"
14410,"40,151"
14411,"3,40"
14412,"40,162"
14413,"10,44"
14414,"10,40,44"
14415,"0,211"
14416,"3,23"
14417,"23,40"
14418,"3,40"
14419,"40,162"
14420,"10,23"
14421,"40,169"
14422,"3,23"
14423,"10,44"
14424,"40,162"
14425,"40,162"
14426,"10,44"
14427,"10,44"
14428,"0,169"
14429,"10,44"
14430,"40,162"
14431,"23,76"
14432,"40,162"
14433,"10,40,44"
14434,"3,35"
14435,"3,35"
14436,"3,40"
14437,"3,35"
14438,"3,50"
14439,"23,76"
14440,"10,40,44"
14441,"23,76"
14442,"40,169"
14443,"10,23"
14444,"3,50"
14445,"0,23"
14446,"23,40"
14447,"3,40"
14448,"3,40"
14449,"40,162"
14450,"10,65"
14451,"23,76"
14452,"40,162"
14453,"10,23"
14454,"3,40"
14455,"3,35"
14456,"40,162"
14457,"23,76"
14458,"23,40,44"
14459,"3,50"
14460,"10,65"
14461,"0,249"
14462,"10,220"
14463,"10,40"
14464,"40,169"
14465,"3,40"
14466,"3,35"
14467,"40,162"
14468,"0,3"
14469,"23,76"
14470,"40,162"
14471,"23,40"
14472,"10,44"
14473,"10,23"
14474,"23,76"
14475,"10,40,44"
14476,"23,40"
14477,"10,44"
14478,"23,76"
14479,"3,35"
14480,"23,76"
14481,"3,35"
14482,"3,23"
14483,"3,40"
14484,"3,35"
14485,"3,50"
14486,"3,35"
14487,"3,40"
14488,"3,50"
14489,"40,162"
14490,"3,50"
14491,"23,76"
14492,"169,452"
14493,"3,35"
14494,"23,40,76"
14495,"10,23"
14496,"169,223"
14497,"3,50"
14498,"40,162"
14499,"0,249"
14500,"40,151"
14501,"3,35"
14502,"23,40"
14503,"40,44"
14504,"3,40"
14505,"10,44"
14506,"40,162"
14507,"23,76"
14508,"10,23"
14509,"3,40"
14510,"3,35"
14511,"10,23"
14512,"0,10"
14513,"10,40,44"
14514,"23,40"
14515,"23,40"
14516,"23,40"
14517,"10,40,44"
14518,"23,76"
14519,"40,162"
14520,"3,35"
14521,"10,44"
14522,"10,44"
14523,"169,274"
14524,"3,50"
14525,"3,35"
14526,"40,162"
14527,"3,35"
14528,"0,211"
14529,"23,169"
14530,"3,35"
14531,"10,44"
14532,"3,40"
14533,"10,23"
14534,"0,211"
14535,"0,40"
14536,"10,65"
14537,"0,249"
14538,"3,40"
14539,"3,35"
14540,"3,40"
14541,"0,249"
14542,"10,44"
14543,"3,35"
14544,"10,40"
14545,"3,169"
14546,"10,23"
14547,"23,40"
14548,"23,40"
14549,"10,40"
14550,"40,162"
14551,"23,40"
14552,"40,162"
14553,"0,40"
14554,"3,40"
14555,"40,169"
14556,"23,76"
14557,"40,151"
14558,"3,50"
14559,"3,40"
14560,"3,35"
14561,"10,44"
14562,"40,162"
14563,"3,10"
14564,"3,35"
14565,"3,10"
14566,"23,76"
14567,"0,40"
14568,"3,23"
14569,"3,35"
14570,"10,23"
14571,"3,35"
14572,"23,40"
14573,"3,50"
14574,"23,76"
14575,"40,162"
14576,"10,40"
14577,"10,23"
14578,"40,162"
14579,"3,35"
14580,"10,44"
14581,"10,65"
14582,"23,169"
14583,"3,35"
14584,"10,220"
14585,"40,162"
14586,"23,40,76"
14587,"40,162"
14588,"3,50"
14589,"3,35"
14590,"23,76"
14591,"23,76"
14592,"3,35"
14593,"169,223"
14594,"23,76"
14595,"23,76"
14596,"3,169"
14597,"10,23"
14598,"10,40,44"
14599,"23,76"
14600,"3,40"
14601,"3,40"
14602,"3,40"
14603,"23,76"
14604,"40,44"
14605,"0,23"
14606,"169,223"
14607,"3,40,169"
14608,"3,35"
14609,"0,23"
14610,"40,162"
14611,"3,35"
14612,"23,76"
14613,"23,40"
14614,"10,65"
14615,"10,65"
14616,"10,44"
14617,"40,162"
14618,"10,44"
14619,"23,76"
14620,"0,211"
14621,"23,76"
14622,"10,23"
14623,"3,169"
14624,"40,169"
14625,"10,65"
14626,"3,40"
14627,"3,40"
14628,"0,249"
14629,"3,35"
14630,"10,40,44"
14631,"10,44"
14632,"3,169"
14633,"10,44"
14634,"40,162"
14635,"23,76"
14636,"3,50"
14637,"10,220"
14638,"10,40,44"
14639,"23,76"
14640,"169,274"
14641,"3,40"
14642,"3,169"
14643,"10,23"
14644,"3,40"
14645,"0,249"
14646,"3,50"
14647,"23,76"
14648,"3,40"
14649,"40,169"
14650,"0,169"
14651,"3,40"
14652,"0,249"
14653,"0,169"
14654,"40,162"
14655,"3,35"
14656,"3,40"
14657,"3,35"
14658,"23,76"
14659,"40,162"
14660,"3,40"
14661,"40,151"
14662,"10,44"
14663,"10,40,44"
14664,"40,162"
14665,"23,40"
14666,"0,249"
14667,"40,162"
14668,"10,23"
14669,"3,35"
14670,"23,76"
14671,"3,40"
14672,"3,35"
14673,"0,211"
14674,"0,40"
14675,"3,40"
14676,"40,162"
14677,"3,50"
14678,"169,223"
14679,"40,169"
14680,"0,249"
14681,"23,40"
14682,"3,40"
14683,"40,151"
14684,"3,50"
14685,"10,44"
14686,"23,76"
14687,"3,40"
14688,"3,35"
14689,"3,35"
14690,"10,44"
14691,"23,40"
14692,"23,40"
14693,"40,169"
14694,"40,162"
14695,"23,76"
14696,"40,151"
14697,"10,40,44"
14698,"0,23"
14699,"3,40"
14700,"3,23"
14701,"40,162"
14702,"3,40"
14703,"3,169"
14704,"3,40"
14705,"40,162"
14706,"3,35"
14707,"3,40"
14708,"3,40"
14709,"23,76"
14710,"0,169"
14711,"169,259"
14712,"169,274"
14713,"0,249"
14714,"169,274"
14715,"10,23"
14716,"10,23,44"
14717,"3,35"
14718,"23,76"
14719,"10,44"
14720,"40,162"
14721,"23,40"
14722,"10,40,44"
14723,"3,40"
14724,"10,23"
14725,"10,44"
14726,"10,40,44"
14727,"23,76"
14728,"23,40,44"
14729,"3,40"
14730,"10,40"
14731,"0,249"
14732,"3,169"
14733,"3,40"
14734,"10,44"
14735,"3,169"
14736,"10,23"
14737,"10,23,44"
14738,"3,35"
14739,"0,211"
14740,"10,220"
14741,"10,44"
14742,"10,23"
14743,"40,162"
14744,"40,162"
14745,"10,23"
14746,"3,50"
14747,"0,249"
14748,"23,40"
14749,"3,23,40"
14750,"23,76"
14751,"40,169"
14752,"40,169"
14753,"10,40"
14754,"0,249"
14755,"40,162"
14756,"0,169"
14757,"3,35"
14758,"23,40"
14759,"3,40"
14760,"3,35"
14761,"169,223"
14762,"3,35"
14763,"10,40,44"
14764,"169,274"
14765,"3,40"
14766,"169,223"
14767,"3,23,40"
14768,"40,162"
14769,"23,76"
14770,"0,211"
14771,"10,23"
14772,"0,249"
14773,"3,40"
14774,"3,35"
14775,"3,40"
14776,"3,169"
14777,"169,259"
14778,"3,50"
14779,"3,40"
14780,"23,40,169"
14781,"40,44"
14782,"0,40"
14783,"3,35"
14784,"23,76"
14785,"23,40"
14786,"3,35"
14787,"10,44"
14788,"23,40"
14789,"10,44"
14790,"23,76"
14791,"40,162"
14792,"23,76"
14793,"10,40,44"
14794,"10,44"
14795,"40,162"
14796,"3,50"
14797,"23,40"
14798,"40,162"
14799,"169,179"
14800,"23,76"
14801,"40,169"
14802,"169,274"
14803,"3,50"
14804,"23,40,44"
14805,"0,211"
14806,"3,50"
14807,"40,162"
14808,"23,76"
14809,"3,50"
14810,"3,35"
14811,"3,50"
14812,"0,23"
14813,"3,50"
14814,"10,23,44"
14815,"23,40,44"
14816,"3,50"
14817,"10,44"
14818,"10,44"
14819,"23,76"
14820,"10,23"
14821,"3,50"
14822,"40,162"
14823,"0,249"
14824,"169,274"
14825,"3,40"
14826,"3,169"
14827,"0,211"
14828,"3,35"
14829,"40,162"
14830,"23,76"
14831,"3,50"
14832,"10,44"
14833,"10,44"
14834,"0,249"
14835,"23,76"
14836,"3,40"
14837,"40,162"
14838,"23,76"
14839,"10,44"
14840,"0,23"
14841,"3,40"
14842,"23,76"
14843,"3,23"
14844,"3,35"
14845,"169,274"
14846,"40,162"
14847,"3,40"
14848,"40,162"
14849,"3,35"
14850,"10,44"
14851,"3,35"
14852,"23,40"
14853,"0,249"
14854,"10,44"
14855,"23,76"
14856,"40,162"
14857,"0,23"
14858,"40,162"
14859,"23,76"
14860,"40,162"
14861,"3,40"
14862,"3,169"
14863,"3,40"
14864,"3,40"
14865,"40,162"
14866,"3,50"
14867,"3,50"
14868,"10,40,44"
14869,"40,151"
14870,"10,40,44"
14871,"10,44"
14872,"3,50"
14873,"3,35"
14874,"10,220"
14875,"23,169"
14876,"3,50"
14877,"3,35"
14878,"10,220"
14879,"3,35"
14880,"3,35"
14881,"169,223"
14882,"3,40"
14883,"10,23"
14884,"10,40,44"
14885,"3,35"
14886,"23,76"
14887,"10,23,40"
14888,"23,76"
14889,"3,40"
14890,"3,23"
14891,"10,44"
14892,"3,40"
14893,"3,50"
14894,"23,76"
14895,"0,3"
14896,"40,169"
14897,"40,44"
14898,"23,76"
14899,"0,3"
14900,"10,23"
14901,"23,76"
14902,"40,162"
14903,"10,40"
14904,"40,169"
14905,"40,151"
14906,"10,40,44"
14907,"40,162"
14908,"40,151"
14909,"23,76"
14910,"3,50"
14911,"40,162"
14912,"0,249"
14913,"23,40"
14914,"10,44"
14915,"10,44"
14916,"10,23"
14917,"40,169"
14918,"3,50"
14919,"40,169"
14920,"23,76"
14921,"169,452"
14922,"40,162"
14923,"23,76"
14924,"0,23"
14925,"0,249"
14926,"3,35"
14927,"10,40,44"
14928,"40,162"
14929,"3,35"
14930,"3,169"
14931,"23,76"
14932,"10,23,44"
14933,"10,40"
14934,"3,169"
14935,"169,274"
14936,"0,211"
14937,"3,40"
14938,"3,23"
14939,"3,40"
14940,"0,211"
14941,"10,44"
14942,"3,169"
14943,"3,35"
14944,"3,35"
14945,"40,162"
14946,"3,50"
14947,"23,76"
14948,"169,452"
14949,"3,169"
14950,"10,40"
14951,"3,35"
14952,"40,44"
14953,"0,40"
14954,"23,40"
14955,"23,40"
14956,"40,162"
14957,"40,162"
14958,"23,40"
14959,"40,162"
14960,"3,40"
14961,"23,76"
14962,"0,23"
14963,"0,249"
14964,"40,162"
14965,"23,40"
14966,"3,169"
14967,"3,40"
14968,"23,76"
14969,"3,50"
14970,"40,162"
14971,"3,40"
14972,"23,76"
14973,"23,40"
14974,"10,65"
14975,"40,169"
14976,"23,76"
14977,"0,23"
14978,"169,223"
14979,"10,65"
14980,"0,40"
14981,"40,162"
14982,"3,40"
14983,"40,162"
14984,"0,169"
14985,"23,76"
14986,"0,249"
14987,"23,40"
14988,"10,40"
14989,"23,76"
14990,"3,50"
14991,"40,44"
14992,"0,23"
14993,"3,50"
14994,"3,35"
14995,"3,35"
14996,"10,65"
14997,"169,323"
14998,"23,76"
14999,"10,65"
15000,"40,162"
15001,"3,35"
15002,"3,40,169"
15003,"10,44"
15004,"40,169"
15005,"23,76"
15006,"40,162"
15007,"23,76"
15008,"10,23"
15009,"3,169"
15010,"3,40"
15011,"23,40"
15012,"40,162"
15013,"3,40"
15014,"10,44"
15015,"3,40"
15016,"40,169"
15017,"3,35"
15018,"10,40,44"
15019,"40,169"
15020,"23,76"
15021,"169,223"
15022,"40,162"
15023,"10,65"
15024,"3,50"
15025,"23,40"
15026,"3,40"
15027,"3,40"
15028,"0,23,40"
15029,"40,162"
15030,"23,76"
15031,"0,23"
15032,"3,40"
15033,"3,35"
15034,"3,50"
15035,"3,35"
15036,"3,35"
15037,"3,35"
15038,"0,169"
15039,"0,211"
15040,"10,44"
15041,"40,169"
15042,"10,44"
15043,"0,249"
15044,"3,40"
15045,"3,40"
15046,"3,50"
15047,"23,40"
15048,"23,40"
15049,"10,65"
15050,"3,40"
15051,"3,50"
15052,"3,169"
15053,"40,169"
15054,"0,211"
15055,"23,40"
15056,"0,23"
15057,"40,44"
15058,"3,23"
15059,"0,23"
15060,"10,65"
15061,"169,323"
15062,"3,35"
15063,"169,274"
15064,"10,40,44"
15065,"169,274"
15066,"3,40"
15067,"3,40"
15068,"3,40"
15069,"3,50"
15070,"3,40"
15071,"3,35"
15072,"3,50"
15073,"3,35"
15074,"40,162"
15075,"3,169"
15076,"3,50"
15077,"23,76"
15078,"10,44"
15079,"3,35"
15080,"23,76"
15081,"0,23"
15082,"10,23"
15083,"40,44"
15084,"40,162"
15085,"10,44"
15086,"10,44"
15087,"0,249"
15088,"23,76"
15089,"23,76"
15090,"169,223"
15091,"3,35"
15092,"3,40"
15093,"40,162"
15094,"3,50"
15095,"3,169"
15096,"40,162"
15097,"10,44"
15098,"0,211"
15099,"0,40"
15100,"3,40"
15101,"3,40"
15102,"3,50"
15103,"3,35"
15104,"3,35"
15105,"0,23"
15106,"23,76"
15107,"0,169"
15108,"10,40,44"
15109,"23,76"
15110,"3,169"
15111,"3,40"
15112,"3,23,50"
15113,"10,23"
15114,"40,162"
15115,"40,162"
15116,"3,40"
15117,"10,44"
15118,"10,40,44"
15119,"169,223"
15120,"3,40"
15121,"3,40"
15122,"40,162"
15123,"10,40,44"
15124,"10,23,40"
15125,"40,162"
15126,"3,35"
15127,"10,220"
15128,"0,211"
15129,"23,76"
15130,"40,162"
15131,"10,23,40"
15132,"10,40"
15133,"3,50"
15134,"3,50"
15135,"3,35"
15136,"40,151"
15137,"3,40"
15138,"40,162"
15139,"23,40"
15140,"23,40"
15141,"23,40,76"
15142,"3,50"
15143,"23,76"
15144,"10,44"
15145,"23,76"
15146,"3,40"
15147,"0,169"
15148,"0,40"
15149,"23,76"
15150,"40,44"
15151,"10,23"
15152,"10,23"
15153,"3,40"
15154,"3,35"
15155,"23,76"
15156,"23,169"
15157,"0,211"
15158,"23,76"
15159,"3,35"
15160,"23,76"
15161,"40,169"
15162,"3,50"
15163,"0,23"
15164,"10,44"
15165,"169,223"
15166,"0,3"
15167,"3,169"
15168,"3,35"
15169,"40,151"
15170,"23,76"
15171,"3,50"
15172,"3,50"
15173,"23,76"
15174,"3,169"
15175,"3,40"
15176,"23,76"
15177,"169,223"
15178,"3,40"
15179,"10,40,44"
15180,"3,40"
15181,"3,50"
15182,"23,40"
15183,"10,220"
15184,"3,35"
15185,"40,169"
15186,"23,76"
15187,"3,23"
15188,"0,3"
15189,"40,162"
15190,"3,50"
15191,"0,249"
15192,"3,50"
15193,"23,76"
15194,"3,40"
15195,"10,40,44"
15196,"0,169"
15197,"3,50"
15198,"3,35"
15199,"40,162"
15200,"40,169"
15201,"40,162"
15202,"3,50"
15203,"23,76"
15204,"40,44"
15205,"0,40"
15206,"3,23"
15207,"3,169"
15208,"3,50"
15209,"0,3"
15210,"10,220"
15211,"10,23"
15212,"3,169"
15213,"3,50"
15214,"10,40,44"
15215,"3,40"
15216,"0,249"
15217,"23,76"
15218,"10,44"
15219,"40,162"
15220,"10,40,44"
15221,"0,211"
15222,"23,76"
15223,"10,169"
15224,"23,76"
15225,"40,162"
15226,"3,40"
15227,"10,44"
15228,"169,223"
15229,"40,162"
15230,"10,65"
15231,"0,23"
15232,"0,10"
15233,"3,10"
15234,"40,169"
15235,"40,162"
15236,"3,40"
15237,"40,169"
15238,"169,223"
15239,"10,220"
15240,"10,23,44"
15241,"10,40,44"
15242,"40,169"
15243,"10,23"
15244,"10,169"
15245,"3,35"
15246,"10,44"
15247,"0,249"
15248,"23,76"
15249,"23,76"
15250,"3,35"
15251,"169,223"
15252,"10,40,44"
15253,"23,40"
15254,"23,40"
15255,"0,211"
15256,"0,211"
15257,"169,223"
15258,"40,162"
15259,"40,162"
15260,"3,35"
15261,"3,35"
15262,"40,162"
15263,"10,40,44"
15264,"10,44"
15265,"23,40"
15266,"40,162"
15267,"23,76"
15268,"40,162"
15269,"3,40"
15270,"0,3"
15271,"3,40"
15272,"3,169"
15273,"10,44"
15274,"0,10"
15275,"0,249"
15276,"40,169"
15277,"3,40"
15278,"40,169"
15279,"10,44"
15280,"3,50"
15281,"3,35"
15282,"23,40"
15283,"23,40"
15284,"40,44"
15285,"23,76"
15286,"3,40"
15287,"169,274"
15288,"169,223"
15289,"3,35"
15290,"10,23"
15291,"3,50"
15292,"3,40"
15293,"3,35"
15294,"10,23"
15295,"10,44"
15296,"10,23"
15297,"10,44"
15298,"0,249"
15299,"169,274"
15300,"3,40"
15301,"3,40"
15302,"3,50"
15303,"23,76"
15304,"169,452"
15305,"40,162"
15306,"40,162"
15307,"169,223"
15308,"10,23"
15309,"10,40,44"
15310,"3,40"
15311,"40,169"
15312,"3,50"
15313,"169,223"
15314,"40,162"
15315,"169,179"
15316,"0,211"
15317,"40,162"
15318,"3,35"
15319,"10,40,44"
15320,"23,169"
15321,"0,23"
15322,"3,23"
15323,"0,40"
15324,"0,169"
15325,"0,3"
15326,"40,169"
15327,"0,211"
15328,"3,40"
15329,"10,40,44"
15330,"23,40"
15331,"3,35"
15332,"0,249"
15333,"169,223"
15334,"10,23"
15335,"3,35"
15336,"23,40"
15337,"3,40"
15338,"3,35"
15339,"40,162"
15340,"0,249"
15341,"23,169"
15342,"3,40"
15343,"3,10,23"
15344,"0,23"
15345,"3,35"
15346,"10,44"
15347,"3,35"
15348,"3,40"
15349,"40,169"
15350,"3,35"
15351,"0,249"
15352,"3,169"
15353,"10,44"
15354,"40,162"
15355,"10,40,44"
15356,"23,40"
15357,"23,40"
15358,"40,44,162"
15359,"40,162"
15360,"10,23"
15361,"3,40"
15362,"3,40"
15363,"3,40"
15364,"10,23,40"
15365,"10,65"
15366,"40,162"
15367,"23,76"
15368,"40,162"
15369,"10,40,44"
15370,"40,162"
15371,"3,40"
15372,"169,223"
15373,"40,162"
15374,"3,35"
15375,"40,44"
15376,"23,76"
15377,"3,40"
15378,"0,249"
15379,"23,76"
15380,"0,249"
15381,"0,211"
15382,"0,249"
15383,"3,10,40"
15384,"3,40"
15385,"3,40"
15386,"169,223"
15387,"10,23"
15388,"40,162"
15389,"40,151"
15390,"3,50"
15391,"23,76"
15392,"3,50"
15393,"3,40"
15394,"23,40"
15395,"3,40"
15396,"23,40,76"
15397,"40,162"
15398,"10,44"
15399,"10,40"
15400,"10,23"
15401,"0,211"
15402,"10,23"
15403,"0,169"
15404,"40,44,162"
15405,"10,65"
15406,"3,50"
15407,"23,76"
15408,"0,23"
15409,"3,23"
15410,"3,35"
15411,"3,40"
15412,"0,249"
15413,"0,3"
15414,"23,40"
15415,"0,40"
15416,"10,23"
15417,"40,162"
15418,"10,44"
15419,"3,35"
15420,"0,211"
15421,"23,40,76"
15422,"23,40"
15423,"0,249"
15424,"23,40,169"
15425,"0,249"
15426,"0,211"
15427,"40,169"
15428,"40,162"
15429,"0,40"
15430,"23,76"
15431,"23,76"
15432,"3,40"
15433,"23,40"
15434,"10,65"
15435,"10,40,44"
15436,"3,40"
15437,"3,50"
15438,"0,10"
15439,"3,169"
15440,"10,23,44"
15441,"10,44"
15442,"10,40,44"
15443,"10,40,44"
15444,"23,76"
15445,"3,40"
15446,"23,40"
15447,"3,40"
15448,"3,40"
15449,"23,76"
15450,"169,274"
15451,"3,40"
15452,"40,151"
15453,"23,169"
15454,"0,3"
15455,"3,35"
15456,"3,35"
15457,"23,40"
15458,"3,50"
15459,"40,162"
15460,"10,40,44"
15461,"0,40"
15462,"3,35"
15463,"3,35"
15464,"10,40,44"
15465,"3,40"
15466,"169,274"
15467,"0,211"
15468,"10,44"
15469,"3,40"
15470,"10,40,44"
15471,"0,211"
15472,"0,23"
15473,"23,40"
15474,"0,10"
15475,"3,35"
15476,"40,162"
15477,"10,44"
15478,"40,169"
15479,"10,40,44"
15480,"3,10"
15481,"169,259"
15482,"40,44,162"
15483,"169,223"
15484,"3,50"
15485,"23,40"
15486,"23,40"
15487,"0,169"
15488,"3,50"
15489,"3,35"
15490,"0,169"
15491,"23,40,44"
15492,"0,169"
15493,"3,40"
15494,"3,40"
15495,"10,23"
15496,"40,169"
15497,"3,169"
15498,"0,211"
15499,"3,169"
15500,"0,211"
15501,"3,35"
15502,"10,23"
15503,"40,162"
15504,"10,40,44"
15505,"3,40"
15506,"0,169"
15507,"3,40"
15508,"3,35"
15509,"23,40,44"
15510,"23,76"
15511,"0,23"
15512,"10,44"
15513,"3,35"
15514,"40,169"
15515,"23,40"
15516,"40,162"
15517,"23,76"
15518,"10,44"
15519,"40,169"
15520,"10,23"
15521,"40,162"
15522,"23,76"
15523,"3,40"
15524,"0,211"
15525,"3,40"
15526,"40,151"
15527,"3,50"
15528,"3,23"
15529,"0,249"
15530,"3,50"
15531,"40,162"
15532,"3,35"
15533,"169,274"
15534,"10,44"
15535,"3,50"
15536,"40,162"
15537,"40,162"
15538,"23,40"
15539,"10,44"
15540,"3,169"
15541,"23,76"
15542,"23,76"
15543,"10,23"
15544,"3,35"
15545,"10,44"
15546,"3,50"
15547,"10,23"
15548,"3,50"
15549,"3,40"
15550,"10,65"
15551,"3,40"
15552,"23,76"
15553,"23,40"
15554,"10,44"
15555,"0,249"
15556,"10,40"
15557,"3,40"
15558,"3,50"
15559,"10,23"
15560,"3,35"
15561,"10,40"
15562,"3,50"
15563,"40,162"
15564,"3,35"
15565,"3,50"
15566,"3,40"
15567,"23,76"
15568,"23,76"
15569,"23,76"
15570,"40,169"
15571,"3,169"
15572,"10,44"
15573,"3,40"
15574,"169,223"
15575,"0,249"
15576,"3,10"
15577,"23,76"
15578,"10,65"
15579,"169,223"
15580,"0,23"
15581,"0,3"
15582,"23,76"
15583,"0,249"
15584,"0,249"
15585,"10,220"
15586,"3,40"
15587,"40,162"
15588,"10,169"
15589,"40,169"
15590,"23,76"
15591,"23,44"
15592,"10,65"
15593,"23,40"
15594,"3,40"
15595,"10,23,40"
15596,"40,162"
15597,"3,35"
15598,"40,162"
15599,"0,249"
15600,"3,40"
15601,"3,50"
15602,"23,76"
15603,"40,162"
15604,"0,169"
15605,"10,40,44"
15606,"3,50"
15607,"40,169"
15608,"0,249"
15609,"40,162"
15610,"3,40"
15611,"3,40"
15612,"23,76"
15613,"3,35"
15614,"3,10"
15615,"40,44"
15616,"23,76"
15617,"40,162"
15618,"10,40"
15619,"10,65"
15620,"10,40"
15621,"3,40"
15622,"23,40"
15623,"40,162"
15624,"3,169"
15625,"40,162"
15626,"3,40"
15627,"0,211"
15628,"169,223"
15629,"3,35"
15630,"3,50"
15631,"3,40"
15632,"0,249"
15633,"169,223"
15634,"3,169"
15635,"0,3"
15636,"10,40,44"
15637,"40,151"
15638,"10,44"
15639,"40,162"
15640,"0,249"
15641,"10,44"
15642,"0,249"
15643,"40,162"
15644,"40,162"
15645,"10,40,44"
15646,"0,23"
15647,"0,249"
15648,"3,35"
15649,"3,40"
15650,"0,249"
15651,"3,50"
15652,"40,169"
15653,"10,40"
15654,"3,169"
15655,"3,169"
15656,"3,35"
15657,"40,162"
15658,"10,23"
15659,"40,44,162"
15660,"0,211"
15661,"3,50"
15662,"23,76"
15663,"10,23"
15664,"0,249"
15665,"40,169"
15666,"3,40"
15667,"3,40"
15668,"23,40"
15669,"23,169"
15670,"23,40"
15671,"0,249"
15672,"40,44"
15673,"10,220"
15674,"10,40,44"
15675,"3,35"
15676,"0,211"
15677,"0,211"
15678,"23,40"
15679,"23,76"
15680,"40,169"
15681,"40,169"
15682,"0,249"
15683,"0,40"
15684,"3,40"
15685,"3,50"
15686,"23,76"
15687,"23,169"
15688,"3,50"
15689,"23,76"
15690,"23,76"
15691,"40,151"
15692,"40,162"
15693,"10,40,44"
15694,"40,169"
15695,"0,40"
15696,"3,50"
15697,"10,40,44"
15698,"10,23"
15699,"23,40"
15700,"10,23"
15701,"23,40"
15702,"0,249"
15703,"3,169"
15704,"3,35"
15705,"3,50"
15706,"3,50"
15707,"3,35"
15708,"3,40"
15709,"0,23"
15710,"3,40"
15711,"3,50"
15712,"40,162"
15713,"3,40"
15714,"40,162"
15715,"10,40,169"
15716,"40,162"
15717,"23,76"
15718,"169,223"
15719,"40,162"
15720,"10,44"
15721,"3,35"
15722,"23,40"
15723,"3,40"
15724,"3,40"
15725,"23,40"
15726,"10,23"
15727,"3,40"
15728,"169,223"
15729,"40,162"
15730,"3,40,169"
15731,"3,35"
15732,"0,211"
15733,"0,23"
15734,"3,40"
15735,"3,50"
15736,"23,76"
15737,"0,249"
15738,"23,76"
15739,"40,44"
15740,"3,23"
15741,"0,23"
15742,"0,211"
15743,"0,3"
15744,"10,23"
15745,"23,76"
15746,"10,44"
15747,"10,44"
15748,"23,76"
15749,"0,249"
15750,"3,50"
15751,"3,40"
15752,"169,452"
15753,"0,249"
15754,"3,35"
15755,"3,50"
15756,"3,35"
15757,"23,40"
15758,"40,162"
15759,"10,40,44"
15760,"10,40,44"
15761,"23,76"
15762,"23,76"
15763,"40,169"
15764,"3,40"
15765,"169,259"
15766,"3,40"
15767,"23,40"
15768,"23,76"
15769,"3,40"
15770,"3,50"
15771,"40,169"
15772,"3,23,40"
15773,"169,274"
15774,"0,211"
15775,"0,3"
15776,"0,249"
15777,"40,151"
15778,"10,40,44"
15779,"23,76"
15780,"40,169"
15781,"3,40"
15782,"0,211"
15783,"10,44"
15784,"3,50"
15785,"40,162"
15786,"23,76"
15787,"10,23"
15788,"3,40"
15789,"10,44"
15790,"10,44"
15791,"40,169"
15792,"3,35"
15793,"10,40"
15794,"0,249"
15795,"10,220"
15796,"3,50"
15797,"3,35"
15798,"3,50"
15799,"0,10"
15800,"10,44"
15801,"40,162"
15802,"3,40"
15803,"40,169"
15804,"3,169"
15805,"3,50"
15806,"0,3"
15807,"0,23"
15808,"3,169"
15809,"40,169"
15810,"40,44"
15811,"23,76"
15812,"3,40"
15813,"10,44"
15814,"3,40"
15815,"3,35"
15816,"3,169"
15817,"23,76"
15818,"40,169"
15819,"0,10"
15820,"10,44"
15821,"3,35"
15822,"10,40,44"
15823,"40,44,162"
15824,"169,223"
15825,"40,162"
15826,"10,23"
15827,"23,40"
15828,"23,169"
15829,"0,3"
15830,"3,35"
15831,"3,35"
15832,"3,40"
15833,"40,44"
15834,"23,76"
15835,"3,40"
15836,"23,40"
15837,"23,76"
15838,"40,162"
15839,"10,23"
15840,"3,169"
15841,"40,169"
15842,"3,169"
15843,"10,44"
15844,"3,50"
15845,"10,44"
15846,"10,44"
15847,"23,76"
15848,"10,44"
15849,"23,76"
15850,"23,40,76"
15851,"10,23"
15852,"3,40"
15853,"23,76"
15854,"40,169"
15855,"3,23"
15856,"40,44"
15857,"3,40"
15858,"3,50"
15859,"0,23"
15860,"23,76"
15861,"0,23"
15862,"23,76"
15863,"3,50"
15864,"10,40"
15865,"23,169"
15866,"0,3"
15867,"3,50"
15868,"0,249"
15869,"10,44"
15870,"40,151"
15871,"23,76"
15872,"0,23"
15873,"3,40"
15874,"0,211"
15875,"23,40"
15876,"0,23"
15877,"10,65"
15878,"23,40"
15879,"3,40"
15880,"3,23,40"
15881,"3,35"
15882,"0,3"
15883,"10,23"
15884,"23,76"
15885,"3,169"
15886,"23,40"
15887,"40,162"
15888,"10,169"
15889,"0,249"
15890,"3,40"
15891,"40,162"
15892,"3,50"
15893,"3,169"
15894,"0,211"
15895,"3,50"
15896,"3,40"
15897,"40,162"
15898,"0,249"
15899,"10,23"
15900,"23,76"
15901,"0,211"
15902,"10,40,44"
15903,"10,220"
15904,"0,3"
15905,"3,169"
15906,"23,40"
15907,"40,169"
15908,"3,50"
15909,"3,40"
15910,"23,40"
15911,"3,40"
15912,"0,211"
15913,"169,223"
15914,"3,40"
15915,"3,40"
15916,"3,40"
15917,"40,162"
15918,"0,249"
15919,"40,162"
15920,"0,249"
15921,"3,50"
15922,"10,44"
15923,"10,44"
15924,"10,44"
15925,"10,65"
15926,"40,162"
15927,"0,249"
15928,"3,40"
15929,"169,274"
15930,"10,44"
15931,"0,249"
15932,"3,40"
15933,"3,50"
15934,"23,40"
15935,"3,169"
15936,"10,40,44"
15937,"3,40"
15938,"40,162"
15939,"3,169"
15940,"169,274"
15941,"23,76"
15942,"40,162"
15943,"40,44"
15944,"23,169"
15945,"23,40,44"
15946,"3,35"
15947,"10,23,44"
15948,"3,23"
15949,"3,50"
15950,"0,169"
15951,"10,44"
15952,"3,40"
15953,"10,23"
15954,"40,162"
15955,"10,40,44"
15956,"3,35"
15957,"0,3"
15958,"40,151"
15959,"3,50"
15960,"3,40"
15961,"3,40"
15962,"0,3"
15963,"3,50"
15964,"3,50"
15965,"23,40"
15966,"3,40"
15967,"10,65"
15968,"0,249"
15969,"0,40"
15970,"23,40"
15971,"3,35"
15972,"3,169"
15973,"10,40,44"
15974,"10,220"
15975,"10,23"
15976,"23,76"
15977,"10,23"
15978,"3,50"
15979,"3,50"
15980,"10,40,44"
15981,"10,40"
15982,"0,23"
15983,"10,40,44"
15984,"0,23"
15985,"3,40"
15986,"0,10"
15987,"23,76"
15988,"0,3"
15989,"23,40,76"
15990,"3,40"
15991,"10,220"
15992,"10,23,40"
15993,"10,40,44"
15994,"10,40,44"
15995,"3,169"
15996,"10,44"
15997,"23,40"
15998,"3,50"
15999,"169,223"
16000,"40,151"
16001,"40,162"
16002,"10,44"
16003,"3,50"
16004,"40,44"
16005,"3,169"
16006,"23,76"
16007,"40,151"
16008,"40,169"
16009,"3,35"
16010,"0,249"
16011,"10,23,40"
16012,"3,40"
16013,"3,50"
16014,"3,50"
16015,"3,23"
16016,"0,249"
16017,"10,23,40"
16018,"40,162"
16019,"3,40"
16020,"40,169"
16021,"3,40"
16022,"3,50"
16023,"3,50"
16024,"169,274"
16025,"10,40,44"
16026,"10,220"
16027,"0,3,40"
16028,"3,40"
16029,"3,50"
16030,"10,40"
16031,"3,40"
16032,"10,65"
16033,"3,50"
16034,"0,249"
16035,"10,44"
16036,"0,169"
16037,"23,40"
16038,"10,40,44"
16039,"3,40"
16040,"0,23"
16041,"40,44"
16042,"3,35"
16043,"0,249"
16044,"3,50"
16045,"169,452"
16046,"3,40"
16047,"40,44"
16048,"3,35"
16049,"40,151"
16050,"10,40,44"
16051,"23,169"
16052,"40,162"
16053,"40,162"
16054,"23,76"
16055,"3,35"
16056,"23,169"
16057,"23,76"
16058,"40,162"
16059,"0,249"
16060,"10,23"
16061,"0,23"
16062,"3,35"
16063,"10,23"
16064,"3,40"
16065,"0,3"
16066,"3,40"
16067,"0,249"
16068,"3,35"
16069,"40,162"
16070,"0,249"
16071,"3,40"
16072,"3,10"
16073,"40,169"
16074,"3,23"
16075,"23,40"
16076,"40,151"
16077,"40,162"
16078,"0,249"
16079,"40,169"
16080,"0,211"
16081,"3,50"
16082,"23,76"
16083,"3,50"
16084,"10,44"
16085,"3,40"
16086,"3,35"
16087,"3,169"
16088,"40,162"
16089,"23,40"
16090,"3,23,40"
16091,"10,65"
16092,"3,50"
16093,"40,44"
16094,"10,23"
16095,"3,50"
16096,"0,249"
16097,"169,323"
16098,"23,76"
16099,"3,50"
16100,"0,40"
16101,"23,76"
16102,"0,249"
16103,"10,44"
16104,"3,40"
16105,"0,3"
16106,"23,40,76"
16107,"0,3"
16108,"10,220"
16109,"3,35"
16110,"23,76"
16111,"3,40"
16112,"0,23"
16113,"10,40,44"
16114,"3,40"
16115,"0,249"
16116,"10,23"
16117,"10,40"
16118,"10,44"
16119,"23,40"
16120,"40,162"
16121,"3,35"
16122,"40,162"
16123,"3,40"
16124,"0,3"
16125,"3,169"
16126,"0,249"
16127,"169,223"
16128,"23,40,76"
16129,"40,169"
16130,"10,40,44"
16131,"23,76"
16132,"0,23"
16133,"3,35"
16134,"0,211"
16135,"3,169"
16136,"40,169"
16137,"10,44"
16138,"3,40"
16139,"10,44"
16140,"3,50"
16141,"23,76"
16142,"23,76"
16143,"3,23,40"
16144,"0,249"
16145,"40,162"
16146,"10,44"
16147,"3,23"
16148,"10,23"
16149,"10,44"
16150,"23,76"
16151,"3,35"
16152,"23,76"
16153,"169,223"
16154,"23,40"
16155,"3,35"
16156,"3,40"
16157,"3,35"
16158,"10,40,44"
16159,"3,40"
16160,"3,35"
16161,"0,10"
16162,"3,40"
16163,"23,44"
16164,"3,35"
16165,"0,40"
16166,"10,65"
16167,"3,50"
16168,"3,50"
16169,"10,40"
16170,"10,40,44"
16171,"23,76"
16172,"3,35"
16173,"0,249"
16174,"3,35"
16175,"40,169"
16176,"0,211"
16177,"3,50"
16178,"3,40"
16179,"0,249"
16180,"3,40"
16181,"3,40"
16182,"3,50"
16183,"169,223"
16184,"23,76"
16185,"10,65"
16186,"3,50"
16187,"23,169"
16188,"10,40,44"
16189,"3,35"
16190,"23,76"
16191,"10,44"
16192,"10,40,44"
16193,"10,23"
16194,"0,40"
16195,"3,50"
16196,"40,162"
16197,"0,3"
16198,"3,40"
16199,"23,76"
16200,"23,40,169"
16201,"10,65"
16202,"40,169"
16203,"3,40"
16204,"3,23"
16205,"0,249"
16206,"40,162"
16207,"3,40"
16208,"10,44"
16209,"3,50"
16210,"3,40"
16211,"3,40"
16212,"3,35"
16213,"169,274"
16214,"169,259"
16215,"10,44"
16216,"23,76"
16217,"3,35"
16218,"40,162"
16219,"3,35"
16220,"0,249"
16221,"3,50"
16222,"23,40"
16223,"3,35"
16224,"10,40"
16225,"3,40"
16226,"40,162"
16227,"0,249"
16228,"3,35"
16229,"23,40"
16230,"3,40"
16231,"23,40,76"
16232,"3,50"
16233,"10,40,44"
16234,"10,44"
16235,"40,151"
16236,"23,76"
16237,"10,44"
16238,"3,10"
16239,"3,169"
16240,"40,169"
16241,"3,50"
16242,"169,323"
16243,"0,169"
16244,"169,323"
16245,"3,40"
16246,"10,40,44"
16247,"3,40"
16248,"169,223"
16249,"23,76"
16250,"10,44"
16251,"0,249"
16252,"40,151"
16253,"3,35"
16254,"3,35"
16255,"23,169"
16256,"3,50"
16257,"23,76"
16258,"40,169"
16259,"3,40"
16260,"0,211"
16261,"3,50"
16262,"0,10"
16263,"3,40"
16264,"40,169"
16265,"10,44"
16266,"0,169"
16267,"3,169"
16268,"0,211"
16269,"169,323"
16270,"23,169"
16271,"40,162"
16272,"10,23"
16273,"10,23"
16274,"3,35"
16275,"3,169"
16276,"3,50"
16277,"3,35"
16278,"0,249"
16279,"40,162"
16280,"10,40,44"
16281,"3,50"
16282,"23,76"
16283,"0,249"
16284,"3,50"
16285,"10,23,40"
16286,"40,162"
16287,"40,162"
16288,"3,50"
16289,"23,76"
16290,"10,23"
16291,"169,323"
16292,"10,23"
16293,"40,162"
16294,"169,323"
16295,"23,76"
16296,"10,23"
16297,"40,44"
16298,"23,40"
16299,"40,162"
16300,"3,40"
16301,"40,162"
16302,"10,44"
16303,"10,23"
16304,"0,249"
16305,"40,162"
16306,"0,249"
16307,"3,40"
16308,"23,40,44"
16309,"3,40"
16310,"3,35"
16311,"10,40,44"
16312,"3,35"
16313,"23,40"
16314,"3,35"
16315,"10,44"
16316,"3,50"
16317,"10,44"
16318,"10,40,44"
16319,"10,23"
16320,"10,40,44"
16321,"40,162"
16322,"23,76"
16323,"0,249"
16324,"3,50"
16325,"3,35"
16326,"0,23"
16327,"0,23"
16328,"3,50"
16329,"3,50"
16330,"23,76"
16331,"40,162"
16332,"40,162"
16333,"10,40,44"
16334,"40,169"
16335,"23,76"
16336,"3,35"
16337,"0,211"
16338,"0,249"
16339,"3,35"
16340,"3,50"
16341,"10,23"
16342,"0,211"
16343,"0,23"
16344,"40,151"
16345,"40,162"
16346,"3,40"
16347,"40,162"
16348,"40,162"
16349,"10,23"
16350,"0,211"
16351,"23,76"
16352,"23,40"
16353,"3,40"
16354,"10,23"
16355,"0,3,40"
16356,"10,44"
16357,"0,169"
16358,"40,162"
16359,"40,169"
16360,"3,50"
16361,"10,44"
16362,"40,162"
16363,"3,50"
16364,"10,23"
16365,"10,220"
16366,"3,40"
16367,"0,211"
16368,"3,10"
16369,"23,76"
16370,"3,40"
16371,"3,50"
16372,"40,169"
16373,"0,249"
16374,"3,169"
16375,"40,169"
16376,"3,23,40"
16377,"3,35"
16378,"23,76"
16379,"0,169"
16380,"40,162"
16381,"23,76"
16382,"3,50"
16383,"3,35"
16384,"0,249"
16385,"10,23"
16386,"23,76"
16387,"23,40"
16388,"3,169"
16389,"169,223"
16390,"10,44"
16391,"10,40,44"
16392,"10,40"
16393,"40,162"
16394,"3,50"
16395,"40,162"
16396,"3,50"
16397,"10,40,44"
16398,"10,23"
16399,"0,23"
16400,"0,3"
16401,"10,44"
16402,"40,44"
16403,"40,169"
16404,"3,40"
16405,"40,162"
16406,"23,76"
16407,"10,44"
16408,"0,249"
16409,"23,76"
16410,"0,249"
16411,"3,40"
16412,"10,220"
16413,"23,40"
16414,"10,40,44"
16415,"0,249"
16416,"40,169"
16417,"3,40"
16418,"3,50"
16419,"10,23"
16420,"3,10"
16421,"3,40"
16422,"3,50"
16423,"23,40"
16424,"3,40"
16425,"10,44"
16426,"0,211"
16427,"3,50"
16428,"3,40"
16429,"23,40"
16430,"3,50"
16431,"10,40,44"
16432,"40,162"
16433,"40,44"
16434,"40,162"
16435,"3,35"
16436,"0,211"
16437,"40,44"
16438,"3,50"
16439,"10,40"
16440,"23,76"
16441,"10,23,40"
16442,"23,76"
16443,"10,40"
16444,"3,50"
16445,"40,169"
16446,"3,40"
16447,"10,40,44"
16448,"10,44"
16449,"23,40"
16450,"10,44"
16451,"3,35"
16452,"3,35"
16453,"40,151"
16454,"23,40"
16455,"3,40"
16456,"3,35"
16457,"40,162"
16458,"23,76"
16459,"3,23"
16460,"10,44"
16461,"3,35"
16462,"3,169"
16463,"10,40,44"
16464,"10,44"
16465,"3,169"
16466,"40,162"
16467,"40,162"
16468,"10,40,44"
16469,"40,162"
16470,"3,10,23"
16471,"23,76"
16472,"3,40"
16473,"10,40,44"
16474,"3,35"
16475,"40,151"
16476,"0,40"
16477,"23,40,44"
16478,"23,40"
16479,"40,169"
16480,"3,40"
16481,"23,76"
16482,"3,40"
16483,"3,40"
16484,"3,169"
16485,"40,169"
16486,"3,169"
16487,"40,169"
16488,"3,23"
16489,"40,169"
16490,"0,249"
16491,"10,44"
16492,"3,50"
16493,"40,169"
16494,"169,223"
16495,"40,169"
16496,"3,40"
16497,"3,50"
16498,"3,40"
16499,"40,162"
16500,"0,249"
16501,"23,76"
16502,"3,40"
16503,"10,40"
16504,"10,40,44"
16505,"3,40"
16506,"10,44"
16507,"3,50"
16508,"3,50"
16509,"3,50"
16510,"0,169"
16511,"23,76"
16512,"10,44"
16513,"169,223"
16514,"3,40"
16515,"10,23"
16516,"23,40"
16517,"3,40"
16518,"10,44"
16519,"3,40"
16520,"40,151"
16521,"3,40"
16522,"3,50"
16523,"3,50"
16524,"23,169"
16525,"10,44"
16526,"3,169"
16527,"0,169"
16528,"0,249"
16529,"23,76"
16530,"10,44"
16531,"0,211"
16532,"3,35"
16533,"10,40,44"
16534,"10,23"
16535,"0,249"
16536,"3,35"
16537,"3,40"
16538,"3,35"
16539,"3,23"
16540,"40,162"
16541,"10,44"
16542,"3,169"
16543,"0,23"
16544,"3,35"
16545,"3,23"
16546,"10,44"
16547,"40,169"
16548,"3,40"
16549,"0,249"
16550,"40,162"
16551,"3,40"
16552,"23,40"
16553,"40,169"
16554,"3,40"
16555,"23,40"
16556,"0,249"
16557,"10,44"
16558,"23,76"
16559,"3,40"
16560,"40,162"
16561,"23,76"
16562,"40,169"
16563,"0,249"
16564,"3,50"
16565,"40,162"
16566,"3,35"
16567,"169,223"
16568,"23,76"
16569,"0,40"
16570,"10,44"
16571,"10,44"
16572,"3,35"
16573,"3,23,169"
16574,"0,169"
16575,"0,10"
16576,"10,40,44"
16577,"169,274"
16578,"10,40,44"
16579,"40,169"
16580,"10,44"
16581,"23,76"
16582,"0,211"
16583,"23,40"
16584,"0,3"
16585,"23,76"
16586,"23,76"
16587,"10,23"
16588,"10,40,44"
16589,"0,249"
16590,"0,211"
16591,"10,44"
16592,"3,40"
16593,"23,76"
16594,"169,223"
16595,"3,169"
16596,"0,249"
16597,"23,40"
16598,"3,40"
16599,"10,23"
16600,"3,40"
16601,"23,76"
16602,"10,40,44"
16603,"40,162"
16604,"3,35"
16605,"40,162"
16606,"23,40"
16607,"23,76"
16608,"23,76"
16609,"10,65"
16610,"40,169"
16611,"0,23"
16612,"3,40"
16613,"23,76"
16614,"3,35"
16615,"23,40"
16616,"3,23"
16617,"10,44"
16618,"0,23"
16619,"0,40"
16620,"40,162"
16621,"10,65"
16622,"23,40"
16623,"23,76"
16624,"23,169"
16625,"23,76"
16626,"40,169"
16627,"3,35"
16628,"10,44"
16629,"3,10"
16630,"23,40"
16631,"23,76"
16632,"0,23"
16633,"0,23"
16634,"10,40"
16635,"3,40"
16636,"23,40"
16637,"23,169"
16638,"40,162"
16639,"0,3"
16640,"40,151"
16641,"3,50"
16642,"40,162"
16643,"3,35"
16644,"10,220"
16645,"40,169"
16646,"0,211"
16647,"10,23,40"
16648,"23,76"
16649,"40,162"
16650,"40,162"
16651,"40,151"
16652,"0,249"
16653,"23,40"
16654,"0,249"
16655,"23,76"
16656,"3,50"
16657,"3,23"
16658,"0,23"
16659,"3,50"
16660,"40,162"
16661,"0,249"
16662,"40,162"
16663,"0,211"
16664,"40,169"
16665,"23,76"
16666,"40,162"
16667,"40,44"
16668,"23,76"
16669,"3,40"
16670,"0,249"
16671,"40,162"
16672,"23,76"
16673,"10,44"
16674,"23,76"
16675,"23,76"
16676,"0,211"
16677,"3,50"
16678,"10,23,40"
16679,"0,249"
16680,"10,65"
16681,"23,40"
16682,"3,35"
16683,"0,211"
16684,"0,249"
16685,"3,40"
16686,"0,211"
16687,"3,50"
16688,"23,76"
16689,"3,23"
16690,"40,162"
16691,"10,40"
16692,"23,76"
16693,"3,40"
16694,"40,162"
16695,"10,40,44"
16696,"3,10"
16697,"23,76"
16698,"3,40"
16699,"10,23"
16700,"23,40"
16701,"3,23"
16702,"3,169"
16703,"3,40"
16704,"10,220"
16705,"3,40"
16706,"40,169"
16707,"40,169"
16708,"40,162"
16709,"40,169"
16710,"3,35"
16711,"23,40"
16712,"3,40"
16713,"40,169"
16714,"23,76"
16715,"10,65"
16716,"10,40,44"
16717,"3,35"
16718,"0,23"
16719,"10,65"
16720,"10,44"
16721,"0,169"
16722,"169,274"
16723,"40,162"
16724,"0,249"
16725,"40,169"
16726,"3,23"
16727,"169,274"
16728,"169,274"
16729,"23,40"
16730,"10,44"
16731,"169,223"
16732,"3,40"
16733,"10,40,44"
16734,"0,40"
16735,"3,50"
16736,"40,162"
16737,"3,169"
16738,"169,223"
16739,"40,169"
16740,"40,44"
16741,"23,76"
16742,"0,249"
16743,"3,40"
16744,"3,50"
16745,"3,40"
16746,"10,44"
16747,"23,76"
16748,"0,249"
16749,"10,23"
16750,"40,169"
16751,"3,40"
16752,"169,274"
16753,"0,23"
16754,"23,76"
16755,"3,35"
16756,"3,35"
16757,"40,169"
16758,"10,40,44"
16759,"3,50"
16760,"3,50"
16761,"3,40,169"
16762,"23,76"
16763,"40,169"
16764,"3,40"
16765,"40,162"
16766,"3,35"
16767,"10,40,44"
16768,"3,50"
16769,"10,23,44"
16770,"23,76"
16771,"40,169"
16772,"3,35"
16773,"40,169"
16774,"40,151"
16775,"0,249"
16776,"10,44"
16777,"10,23"
16778,"23,40"
16779,"23,40"
16780,"3,35"
16781,"23,40"
16782,"10,40,44"
16783,"3,35"
16784,"3,23"
16785,"3,40"
16786,"169,274"
16787,"3,50"
16788,"3,40"
16789,"169,274"
16790,"40,162"
16791,"3,40"
16792,"40,162"
16793,"10,44"
16794,"3,40"
16795,"3,50"
16796,"40,162"
16797,"169,223"
16798,"23,40"
16799,"10,44"
16800,"0,23"
16801,"0,10"
16802,"3,35"
16803,"3,35"
16804,"3,40"
16805,"3,40"
16806,"3,40"
16807,"3,50"
16808,"3,10"
16809,"10,65"
16810,"40,162"
16811,"169,223"
16812,"23,76"
16813,"23,40"
16814,"10,40,44"
16815,"40,162"
16816,"0,3"
16817,"3,23,169"
16818,"40,162"
16819,"10,44"
16820,"40,169"
16821,"40,151"
16822,"3,169"
16823,"3,50"
16824,"3,40"
16825,"40,151"
16826,"3,40"
16827,"3,35"
16828,"3,50"
16829,"23,40"
16830,"40,169"
16831,"0,23"
16832,"23,76"
16833,"23,40"
16834,"0,23"
16835,"3,40"
16836,"40,169"
16837,"40,169"
16838,"3,50"
16839,"40,169"
16840,"3,35"
16841,"23,40"
16842,"23,76"
16843,"40,169"
16844,"3,40"
16845,"3,35"
16846,"10,40,169"
16847,"40,169"
16848,"40,162"
16849,"0,40"
16850,"0,249"
16851,"23,169"
16852,"0,249"
16853,"10,44"
16854,"10,44"
16855,"3,35"
16856,"3,10"
16857,"10,65"
16858,"10,23"
16859,"3,35"
16860,"40,162"
16861,"40,162"
16862,"40,44"
16863,"10,40,44"
16864,"0,211"
16865,"0,23"
16866,"10,40,44"
16867,"3,50"
16868,"0,249"
16869,"10,44"
16870,"3,35"
16871,"3,40"
16872,"10,65"
16873,"3,35"
16874,"10,44"
16875,"23,76"
16876,"3,169"
16877,"10,23"
16878,"0,249"
16879,"3,50"
16880,"10,23"
16881,"10,44"
16882,"3,40"
16883,"3,40"
16884,"3,10"
16885,"0,211"
16886,"3,35"
16887,"3,50"
16888,"3,50"
16889,"0,211"
16890,"3,35"
16891,"23,40"
16892,"40,169"
16893,"0,10"
16894,"40,162"
16895,"0,23"
16896,"3,35"
16897,"23,169"
16898,"10,220"
16899,"10,23,40"
16900,"3,50"
16901,"10,40,44"
16902,"3,40"
16903,"0,249"
16904,"0,3,40"
16905,"3,50"
16906,"3,50"
16907,"10,44"
16908,"3,35"
16909,"10,40,44"
16910,"3,40"
16911,"10,65"
16912,"10,40,44"
16913,"0,23"
16914,"3,35"
16915,"0,249"
16916,"169,274"
16917,"23,40"
16918,"3,50"
16919,"23,40"
16920,"10,40"
16921,"23,76"
16922,"3,35"
16923,"169,259"
16924,"10,44"
16925,"23,76"
16926,"0,249"
16927,"0,249"
16928,"10,44"
16929,"40,169"
16930,"23,76"
16931,"23,76"
16932,"0,211"
16933,"3,40"
16934,"3,169"
16935,"23,76"
16936,"169,274"
16937,"23,76"
16938,"3,40"
16939,"0,211"
16940,"40,169"
16941,"10,40,44"
16942,"10,23"
16943,"23,76"
16944,"23,76"
16945,"23,169"
16946,"40,162"
16947,"3,40"
16948,"3,35"
16949,"0,40"
16950,"40,169"
16951,"23,40"
16952,"23,76"
16953,"0,40"
16954,"23,76"
16955,"0,211"
16956,"0,211"
16957,"3,35"
16958,"3,40,169"
16959,"10,40"
16960,"3,169"
16961,"3,35"
16962,"10,23"
16963,"3,50"
16964,"23,76"
16965,"23,76"
16966,"3,23,40"
16967,"23,40"
16968,"40,169"
16969,"3,50"
16970,"10,44"
16971,"3,40"
16972,"3,10"
16973,"40,169"
16974,"23,76"
16975,"0,23"
16976,"3,40"
16977,"0,10"
16978,"40,162"
16979,"23,76"
16980,"3,50"
16981,"40,44"
16982,"10,44"
16983,"10,23,44"
16984,"23,40"
16985,"3,169"
16986,"10,44"
16987,"3,35"
16988,"3,40"
16989,"40,162"
16990,"0,211"
16991,"3,40"
16992,"3,169"
16993,"40,162"
16994,"23,76"
16995,"10,23,44"
16996,"3,50"
16997,"3,50"
16998,"10,220"
16999,"0,23,40"
17000,"0,23"
17001,"3,35"
17002,"3,169"
17003,"3,50"
17004,"3,40"
17005,"40,169"
17006,"23,40"
17007,"3,50"
17008,"3,35"
17009,"10,44"
17010,"23,76,169"
17011,"40,169"
17012,"3,40"
17013,"10,23"
17014,"3,50"
17015,"23,169"
17016,"3,35"
17017,"169,323"
17018,"23,76"
17019,"3,23"
17020,"3,40"
17021,"10,40,44"
17022,"3,169"
17023,"23,40"
17024,"0,211"
17025,"3,23"
17026,"3,50"
17027,"23,76"
17028,"40,162"
17029,"3,50"
17030,"3,169"
17031,"40,162"
17032,"23,76"
17033,"40,162"
17034,"23,40"
17035,"10,40,44"
17036,"40,151"
17037,"3,35"
17038,"3,50"
17039,"10,23"
17040,"10,23,44"
17041,"3,35"
17042,"3,50"
17043,"3,40"
17044,"0,211"
17045,"3,169"
17046,"169,223"
17047,"10,65"
17048,"0,23"
17049,"3,40"
17050,"10,23"
17051,"23,40"
17052,"0,23"
17053,"10,44"
17054,"3,40,169"
17055,"3,10,23"
17056,"10,65"
17057,"3,40"
17058,"23,169"
17059,"0,249"
17060,"3,50"
17061,"10,23"
17062,"0,249"
17063,"3,35"
17064,"0,23"
17065,"3,40"
17066,"3,35"
17067,"40,162"
17068,"3,35"
17069,"3,50"
17070,"0,249"
17071,"23,76"
17072,"10,44"
17073,"10,40"
17074,"23,40"
17075,"3,40"
17076,"10,65"
17077,"10,44"
17078,"23,76"
17079,"3,35"
17080,"40,169"
17081,"10,44"
17082,"23,40"
17083,"23,40"
17084,"40,162"
17085,"3,50"
17086,"10,40"
17087,"10,23"
17088,"3,40"
17089,"3,40"
17090,"40,162"
17091,"3,40"
17092,"3,35"
17093,"23,40"
17094,"169,452"
17095,"3,35"
17096,"40,162"
17097,"3,40"
17098,"10,220"
17099,"3,169"
17100,"3,35"
17101,"40,169"
17102,"0,169"
17103,"0,169"
17104,"3,35"
17105,"40,169"
17106,"10,44"
17107,"0,23"
17108,"23,40"
17109,"40,162"
17110,"3,50"
17111,"3,23"
17112,"3,50"
17113,"3,50"
17114,"3,35"
17115,"40,162"
17116,"10,23,44"
17117,"3,50"
17118,"0,249"
17119,"0,3"
17120,"23,76"
17121,"10,40,44"
17122,"40,162"
17123,"40,162"
17124,"10,44"
17125,"3,35"
17126,"169,223"
17127,"40,169"
17128,"23,76"
17129,"0,169"
17130,"23,169"
17131,"3,35"
17132,"23,40"
17133,"23,76"
17134,"23,76"
17135,"0,249"
17136,"0,3"
17137,"10,44"
17138,"0,23"
17139,"3,50"
17140,"3,169"
17141,"3,50"
17142,"23,76"
17143,"3,35"
17144,"40,162"
17145,"40,162"
17146,"3,50"
17147,"0,211"
17148,"3,50"
17149,"40,169"
17150,"10,23"
17151,"23,76"
17152,"3,40"
17153,"0,3"
17154,"3,35"
17155,"10,44"
17156,"23,76"
17157,"40,169"
17158,"0,211"
17159,"40,162"
17160,"40,162"
17161,"3,50"
17162,"0,211"
17163,"23,76"
17164,"40,44,162"
17165,"23,40"
17166,"3,35"
17167,"23,76"
17168,"3,40"
17169,"23,76"
17170,"3,35"
17171,"0,10"
17172,"23,76"
17173,"40,44"
17174,"10,23,40"
17175,"40,162"
17176,"10,23"
17177,"3,40"
17178,"10,44"
17179,"40,162"
17180,"40,151"
17181,"10,40"
17182,"10,40,44"
17183,"169,223"
17184,"10,44"
17185,"169,223"
17186,"3,40"
17187,"0,249"
17188,"40,162"
17189,"0,169"
17190,"10,44"
17191,"40,162"
17192,"0,40"
17193,"23,40,76"
17194,"10,220"
17195,"40,169"
17196,"10,23"
17197,"10,40,44"
17198,"3,169"
17199,"0,249"
17200,"10,40,44"
17201,"3,35"
17202,"3,169"
17203,"10,40"
17204,"0,249"
17205,"10,44"
17206,"0,249"
17207,"40,169"
17208,"3,35"
17209,"40,395"
17210,"3,35"
17211,"23,76"
17212,"3,40,169"
17213,"10,44"
17214,"10,40,44"
17215,"23,76"
17216,"40,162"
17217,"0,249"
17218,"3,35"
17219,"3,50"
17220,"10,23"
17221,"3,40"
17222,"10,40,44"
17223,"3,169"
17224,"3,35"
17225,"3,50"
17226,"23,40"
17227,"10,44"
17228,"23,40"
17229,"3,35"
17230,"23,76"
17231,"23,40"
17232,"23,169"
17233,"3,40"
17234,"40,162"
17235,"3,40"
17236,"3,40"
17237,"169,223"
17238,"23,76"
17239,"10,44"
17240,"3,35"
17241,"3,50"
17242,"40,169"
17243,"3,35"
17244,"23,76"
17245,"10,220"
17246,"10,40,44"
17247,"10,23,40"
17248,"3,169"
17249,"3,50"
17250,"10,40,44"
17251,"3,10"
17252,"40,151"
17253,"10,23"
17254,"0,23"
17255,"3,23"
17256,"40,162"
17257,"23,76"
17258,"23,169"
17259,"3,40"
17260,"3,169"
17261,"3,40"
17262,"10,23"
17263,"3,35"
17264,"10,23"
17265,"23,76"
17266,"10,65"
17267,"40,169"
17268,"0,211"
17269,"40,162"
17270,"3,50"
17271,"23,76"
17272,"169,223"
17273,"3,50"
17274,"3,23"
17275,"10,23,44"
17276,"23,76"
17277,"0,40"
17278,"169,274"
17279,"3,169"
17280,"3,35"
17281,"3,50"
17282,"23,76"
17283,"3,35"
17284,"0,211"
17285,"0,23"
17286,"0,249"
17287,"10,40,44"
17288,"3,35"
17289,"40,162"
17290,"3,169"
17291,"3,50"
17292,"3,50"
17293,"10,220"
17294,"3,35"
17295,"3,40"
17296,"10,44"
17297,"40,169"
17298,"0,3"
17299,"10,44"
17300,"23,76"
17301,"23,40"
17302,"169,223"
17303,"3,169"
17304,"0,3,169"
17305,"10,65"
17306,"3,40"
17307,"23,40,76"
17308,"40,162"
17309,"169,223"
17310,"3,35"
17311,"3,50"
17312,"10,220"
17313,"3,50"
17314,"3,35"
17315,"40,162"
17316,"10,44"
17317,"10,23"
17318,"0,10"
17319,"3,50"
17320,"3,35"
17321,"0,3"
17322,"3,50"
17323,"10,23"
17324,"3,169"
17325,"10,40,44"
17326,"3,40"
17327,"3,35"
17328,"40,162"
17329,"0,3"
17330,"40,44"
17331,"23,76"
17332,"3,35"
17333,"10,23"
17334,"23,76"
17335,"10,23"
17336,"3,40"
17337,"10,44"
17338,"0,211"
17339,"10,40"
17340,"40,151"
17341,"23,40"
17342,"10,40,44"
17343,"10,23,40"
17344,"40,44,169"
17345,"23,76"
17346,"40,162"
17347,"0,40"
17348,"40,162"
17349,"10,40,44"
17350,"10,23"
17351,"3,50"
17352,"40,162"
17353,"23,76"
17354,"0,249"
17355,"0,23"
17356,"10,65"
17357,"10,65"
17358,"23,40"
17359,"3,23,40"
17360,"23,40"
17361,"23,76"
17362,"23,76"
17363,"0,249"
17364,"3,169"
17365,"3,50"
17366,"23,76"
17367,"40,162"
17368,"23,76"
17369,"40,162"
17370,"40,162"
17371,"10,23"
17372,"10,44"
17373,"23,76"
17374,"23,76"
17375,"10,220"
17376,"0,211"
17377,"40,151"
17378,"0,169"
17379,"40,162"
17380,"0,211"
17381,"0,3"
17382,"40,44"
17383,"23,40"
17384,"23,76"
17385,"3,40"
17386,"23,169"
17387,"0,10"
17388,"40,151"
17389,"3,35"
17390,"10,44"
17391,"23,40"
17392,"40,162"
17393,"10,23"
17394,"10,23,40"
17395,"169,323"
17396,"3,35"
17397,"3,40"
17398,"10,44"
17399,"40,162"
17400,"3,40"
17401,"40,162"
17402,"23,76"
17403,"23,76"
17404,"10,23"
17405,"23,76"
17406,"3,40"
17407,"23,76"
17408,"3,23"
17409,"169,323"
17410,"23,76"
17411,"3,50"
17412,"10,44"
17413,"23,76"
17414,"23,76"
17415,"3,40"
17416,"0,249"
17417,"0,249"
17418,"23,76"
17419,"3,50"
17420,"40,162"
17421,"10,23"
17422,"40,162"
17423,"10,44"
17424,"3,40"
17425,"10,44"
17426,"10,40,44"
17427,"23,76"
17428,"40,162"
17429,"23,76"
17430,"10,40,44"
17431,"0,23"
17432,"10,169"
17433,"23,76"
17434,"3,40"
17435,"3,169"
17436,"3,40"
17437,"40,44,169"
17438,"40,169"
17439,"169,223"
17440,"10,40,44"
17441,"0,3"
17442,"40,162"
17443,"3,40"
17444,"0,249"
17445,"3,40"
17446,"0,40"
17447,"3,169"
17448,"23,76"
17449,"3,40"
17450,"0,249"
17451,"23,40,76"
17452,"40,44"
17453,"169,223"
17454,"3,35"
17455,"23,76"
17456,"3,35"
17457,"0,249"
17458,"10,44"
17459,"10,23"
17460,"10,220"
17461,"40,162"
17462,"40,162"
17463,"10,220"
17464,"3,35"
17465,"169,223"
17466,"23,40"
17467,"3,50"
17468,"3,35"
17469,"23,76"
17470,"40,162"
17471,"40,44"
17472,"40,162"
17473,"10,44"
17474,"10,44"
17475,"23,76"
17476,"23,76"
17477,"40,169"
17478,"23,40"
17479,"10,40"
17480,"10,44"
17481,"3,40"
17482,"23,40,44"
17483,"10,220"
17484,"10,44"
17485,"0,40"
17486,"40,295"
17487,"3,10,23"
17488,"3,35"
17489,"0,249"
17490,"23,40"
17491,"3,10"
17492,"40,162"
17493,"3,35"
17494,"3,40"
17495,"40,44,169"
17496,"10,44"
17497,"23,76"
17498,"3,40"
17499,"3,40"
17500,"3,35"
17501,"40,162"
17502,"0,249"
17503,"10,23"
17504,"3,40"
17505,"0,3"
17506,"0,249"
17507,"10,40,44"
17508,"10,23"
17509,"3,50"
17510,"10,23"
17511,"40,162,169"
17512,"40,169"
17513,"10,23"
17514,"3,50"
17515,"40,151"
17516,"23,40"
17517,"3,40"
17518,"0,211"
17519,"23,40"
17520,"40,162"
17521,"3,40"
17522,"3,50"
17523,"10,40"
17524,"0,3"
17525,"40,44"
17526,"10,44"
17527,"3,35"
17528,"0,249"
17529,"40,162"
17530,"0,23"
17531,"23,169"
17532,"23,76"
17533,"0,249"
17534,"0,169"
17535,"23,76"
17536,"169,223"
17537,"0,211"
17538,"40,169"
17539,"0,211"
17540,"3,40"
17541,"3,50"
17542,"23,76"
17543,"3,50"
17544,"3,40,169"
17545,"40,169"
17546,"40,44,169"
17547,"3,50"
17548,"3,40"
17549,"10,44"
17550,"3,40"
17551,"169,223"
17552,"0,169"
17553,"169,223"
17554,"40,162"
17555,"3,35"
17556,"10,44"
17557,"0,10"
17558,"23,40"
17559,"0,249"
17560,"0,23"
17561,"10,44"
17562,"23,76"
17563,"3,50"
17564,"0,249"
17565,"3,40"
17566,"10,40"
17567,"3,35"
17568,"0,10"
17569,"0,3"
17570,"3,50"
17571,"3,50"
17572,"3,35"
17573,"40,162"
17574,"3,50"
17575,"10,23"
17576,"3,40"
17577,"10,44"
17578,"23,76"
17579,"10,40"
17580,"40,162"
17581,"10,40,44"
17582,"23,76"
17583,"3,50"
17584,"40,169"
17585,"10,40,44"
17586,"3,35"
17587,"23,40"
17588,"23,76"
17589,"3,50"
17590,"10,65"
17591,"10,220"
17592,"169,223"
17593,"10,44"
17594,"40,169"
17595,"3,35"
17596,"3,40"
17597,"23,76"
17598,"40,162"
17599,"40,162"
17600,"3,50"
17601,"10,44"
17602,"3,35"
17603,"10,44"
17604,"0,10"
17605,"0,23"
17606,"23,40"
17607,"3,35"
17608,"0,211"
17609,"10,44"
17610,"3,40"
17611,"40,169"
17612,"3,50"
17613,"3,23"
17614,"3,169"
17615,"3,50"
17616,"3,23"
17617,"3,169"
17618,"23,76"
17619,"3,40"
17620,"3,40"
17621,"0,249"
17622,"23,76"
17623,"40,169"
17624,"169,274"
17625,"10,44"
17626,"0,40"
17627,"40,162"
17628,"10,220"
17629,"3,169"
17630,"23,76"
17631,"10,44"
17632,"10,44"
17633,"3,35"
17634,"0,249"
17635,"23,40"
17636,"3,169"
17637,"3,50"
17638,"23,76"
17639,"10,40"
17640,"10,23"
17641,"40,162"
17642,"10,44"
17643,"169,274"
17644,"3,50"
17645,"23,40"
17646,"10,40,44"
17647,"0,23"
17648,"40,162"
17649,"3,40"
17650,"3,35"
17651,"23,76"
17652,"3,50"
17653,"10,44"
17654,"0,3"
17655,"10,23"
17656,"3,169"
17657,"169,274"
17658,"40,162"
17659,"3,40"
17660,"0,23"
17661,"23,40"
17662,"23,76"
17663,"23,76"
17664,"3,169"
17665,"3,50"
17666,"3,40"
17667,"10,44"
17668,"10,44"
17669,"0,211"
17670,"3,40"
17671,"10,23"
17672,"3,169"
17673,"3,35"
17674,"10,23"
17675,"3,40"
17676,"10,44"
17677,"23,76"
17678,"23,76"
17679,"3,23"
17680,"10,40"
17681,"3,169"
17682,"3,50"
17683,"0,249"
17684,"23,40"
17685,"40,169"
17686,"3,35"
17687,"23,76"
17688,"10,40"
17689,"3,40"
17690,"3,40"
17691,"3,35"
17692,"23,76"
17693,"40,169"
17694,"0,3"
17695,"40,162"
17696,"40,169"
17697,"3,35"
17698,"23,76"
17699,"3,169"
17700,"10,40,44"
17701,"10,23"
17702,"40,44,169"
17703,"40,162"
17704,"3,169"
17705,"10,23"
17706,"3,50"
17707,"10,23"
17708,"0,40"
17709,"169,223"
17710,"40,151"
17711,"0,23"
17712,"40,162"
17713,"3,50"
17714,"23,40"
17715,"10,40,44"
17716,"3,35"
17717,"40,162"
17718,"3,169"
17719,"10,44"
17720,"10,40"
17721,"3,50"
17722,"3,50"
17723,"40,162"
17724,"3,169"
17725,"0,249"
17726,"3,40"
17727,"40,169"
17728,"23,40"
17729,"3,40"
17730,"23,76"
17731,"0,3,40"
17732,"23,40"
17733,"3,50"
17734,"3,50"
17735,"10,220"
17736,"3,40"
17737,"23,76"
17738,"10,44"
17739,"10,44"
17740,"40,169"
17741,"40,169"
17742,"3,50"
17743,"40,162"
17744,"3,50"
17745,"3,40"
17746,"40,162"
17747,"3,35"
17748,"10,23"
17749,"3,50"
17750,"23,76"
17751,"3,169"
17752,"10,23"
17753,"3,40"
17754,"40,169"
17755,"0,23"
17756,"10,65"
17757,"40,169"
17758,"10,23"
17759,"10,44"
17760,"3,40"
17761,"10,23"
17762,"23,76"
17763,"23,76"
17764,"23,40,169"
17765,"40,162"
17766,"0,249"
17767,"3,35"
17768,"23,76"
17769,"3,35"
17770,"3,23"
17771,"3,169"
17772,"40,162"
17773,"3,40"
17774,"3,50"
17775,"3,50"
17776,"0,23"
17777,"169,452"
17778,"0,211"
17779,"10,44"
17780,"0,40"
17781,"23,169"
17782,"0,40"
17783,"0,211"
17784,"10,44"
17785,"0,249"
17786,"3,35"
17787,"3,50"
17788,"10,44"
17789,"23,40"
17790,"40,169"
17791,"3,50"
17792,"40,151"
17793,"10,44"
17794,"3,40"
17795,"40,162"
17796,"10,40"
17797,"3,40"
17798,"40,162"
17799,"10,44"
17800,"40,395"
17801,"3,35"
17802,"3,40"
17803,"3,169"
17804,"10,23"
17805,"40,169"
17806,"40,169"
17807,"3,35"
17808,"3,35"
17809,"3,40"
17810,"3,40"
17811,"10,23,40"
17812,"40,162"
17813,"23,40"
17814,"0,249"
17815,"23,40"
17816,"10,23"
17817,"40,162"
17818,"3,169"
17819,"40,169"
17820,"3,40"
17821,"40,169"
17822,"3,40"
17823,"0,211"
17824,"3,40"
17825,"40,162"
17826,"169,274"
17827,"10,65"
17828,"0,249"
17829,"23,76"
17830,"40,162"
17831,"3,40"
17832,"3,35"
17833,"23,76"
17834,"10,65"
17835,"23,76"
17836,"23,76"
17837,"10,40,44"
17838,"10,65"
17839,"0,249"
17840,"10,23"
17841,"23,76"
17842,"0,249"
17843,"10,44"
17844,"10,40,44"
17845,"10,44"
17846,"0,249"
17847,"3,35"
17848,"3,10"
17849,"3,50"
17850,"3,40"
17851,"3,40"
17852,"3,35"
17853,"40,162"
17854,"10,23,44"
17855,"0,23"
17856,"10,44"
17857,"3,40"
17858,"0,249"
17859,"169,223"
17860,"10,23,44"
17861,"10,44"
17862,"3,169"
17863,"10,44"
17864,"3,35"
17865,"10,44"
17866,"10,44"
17867,"3,50"
17868,"10,44"
17869,"3,40"
17870,"3,40"
17871,"3,169"
17872,"169,223"
17873,"10,40,44"
17874,"3,35"
17875,"0,10"
17876,"23,76"
17877,"40,162"
17878,"10,44"
17879,"40,151"
17880,"40,162"
17881,"0,3"
17882,"23,76"
17883,"0,23"
17884,"23,76"
17885,"0,249"
17886,"3,50"
17887,"23,40,76"
17888,"23,40"
17889,"0,249"
17890,"3,40"
17891,"3,50"
17892,"23,40"
17893,"40,162"
17894,"169,274"
17895,"3,40"
17896,"10,23"
17897,"169,223"
17898,"3,35"
17899,"40,169"
17900,"23,169"
17901,"3,35"
17902,"23,40"
17903,"3,50"
17904,"169,223"
17905,"0,169"
17906,"10,44"
17907,"10,23,40"
17908,"3,40"
17909,"3,40"
17910,"3,23"
17911,"23,76"
17912,"10,40,44"
17913,"23,76"
17914,"3,50"
17915,"40,44"
17916,"23,76"
17917,"10,23"
17918,"40,169"
17919,"0,169"
17920,"0,169"
17921,"40,162"
17922,"3,50"
17923,"3,40"
17924,"23,76"
17925,"0,249"
17926,"23,76"
17927,"40,162"
17928,"23,40,169"
17929,"23,76"
17930,"0,10,23"
17931,"40,169"
17932,"0,211"
17933,"40,162"
17934,"3,35"
17935,"3,40"
17936,"3,35"
17937,"3,35"
17938,"169,223"
17939,"0,249"
17940,"10,40,44"
17941,"23,76"
17942,"0,249"
17943,"10,23"
17944,"23,76"
17945,"23,40"
17946,"3,35"
17947,"23,40"
17948,"3,40"
17949,"40,162"
17950,"3,50"
17951,"23,40"
17952,"23,40"
17953,"3,40"
17954,"0,249"
17955,"40,162"
17956,"40,169"
17957,"10,65"
17958,"40,169"
17959,"0,211"
17960,"3,40"
17961,"10,44"
17962,"3,50"
17963,"23,76"
17964,"10,44"
17965,"23,40"
17966,"10,40,44"
17967,"3,40"
17968,"3,40"
17969,"0,3"
17970,"23,76"
17971,"169,274"
17972,"3,50"
17973,"3,40"
17974,"3,23"
17975,"0,249"
17976,"3,50"
17977,"40,162"
17978,"10,23"
17979,"0,249"
17980,"169,223"
17981,"3,35"
17982,"40,151"
17983,"40,162"
17984,"40,44"
17985,"10,44"
17986,"3,35"
17987,"23,76"
17988,"3,169"
17989,"23,76"
17990,"3,50"
17991,"3,35"
17992,"3,40"
17993,"3,40"
17994,"3,40"
17995,"10,40,44"
17996,"40,162"
17997,"3,40"
17998,"10,23"
17999,"169,223"
18000,"10,44"
18001,"10,23"
18002,"23,169"
18003,"10,23"
18004,"10,44"
18005,"23,40"
18006,"23,40"
18007,"0,3,40"
18008,"0,249"
18009,"3,40"
18010,"3,40"
18011,"3,40"
18012,"23,76"
18013,"169,452"
18014,"169,223"
18015,"40,169"
18016,"10,44"
18017,"0,211"
18018,"40,162"
18019,"10,23"
18020,"23,76"
18021,"10,40"
18022,"23,40"
18023,"3,23"
18024,"23,40,44"
18025,"3,35"
18026,"0,211"
18027,"40,162"
18028,"23,76"
18029,"3,50"
18030,"0,249"
18031,"3,50"
18032,"10,44"
18033,"23,40"
18034,"10,220"
18035,"3,50"
18036,"40,169"
18037,"40,169"
18038,"40,169"
18039,"23,76"
18040,"10,44"
18041,"23,40"
18042,"3,40"
18043,"3,50"
18044,"40,162"
18045,"0,3"
18046,"40,162"
18047,"10,44"
18048,"3,50"
18049,"3,50"
18050,"23,40,76"
18051,"3,40"
18052,"40,162"
18053,"3,23"
18054,"3,35"
18055,"10,40"
18056,"3,50"
18057,"40,151"
18058,"169,323"
18059,"3,40"
18060,"40,162"
18061,"40,162"
18062,"40,162"
18063,"10,44"
18064,"3,35"
18065,"10,44"
18066,"3,40"
18067,"10,40,44"
18068,"3,40"
18069,"23,40"
18070,"23,40"
18071,"10,23"
18072,"3,35"
18073,"40,162"
18074,"3,35"
18075,"10,23"
18076,"10,40,44"
18077,"40,162"
18078,"169,452"
18079,"3,50"
18080,"3,50"
18081,"23,40"
18082,"3,10,40"
18083,"3,10"
18084,"0,3,40"
18085,"3,50"
18086,"3,50"
18087,"10,40"
18088,"3,50"
18089,"40,162"
18090,"10,23"
18091,"23,76"
18092,"40,169"
18093,"10,40,44"
18094,"3,50"
18095,"10,65"
18096,"40,169"
18097,"10,44"
18098,"10,169"
18099,"0,249"
18100,"10,40,44"
18101,"3,40"
18102,"3,50"
18103,"0,10"
18104,"23,40"
18105,"23,40"
18106,"40,162"
18107,"23,76"
18108,"40,162"
18109,"10,44"
18110,"3,40"
18111,"10,40,44"
18112,"3,50"
18113,"3,50"
18114,"3,35"
18115,"3,35"
18116,"3,40"
18117,"3,35"
18118,"3,50"
18119,"3,40"
18120,"3,50"
18121,"10,65"
18122,"23,76"
18123,"40,169"
18124,"3,40"
18125,"0,10"
18126,"3,50"
18127,"10,40,44"
18128,"0,249"
18129,"23,76"
18130,"0,40"
18131,"3,50"
18132,"10,220"
18133,"3,50"
18134,"0,249"
18135,"3,40"
18136,"0,211"
18137,"23,76"
18138,"3,35"
18139,"10,44"
18140,"3,23"
18141,"0,23"
18142,"10,44"
18143,"40,162"
18144,"3,50"
18145,"10,44"
18146,"10,44"
18147,"3,35"
18148,"40,151"
18149,"3,35"
18150,"40,169"
18151,"23,76"
18152,"40,44"
18153,"10,23"
18154,"10,40,44"
18155,"10,23"
18156,"40,44"
18157,"40,162"
18158,"23,40,44"
18159,"3,50"
18160,"3,40"
18161,"3,40"
18162,"3,35"
18163,"23,40"
18164,"10,44"
18165,"0,23"
18166,"3,40"
18167,"10,40,44"
18168,"40,44"
18169,"3,50"
18170,"23,40"
18171,"3,35"
18172,"23,76"
18173,"10,23"
18174,"3,50"
18175,"40,169"
18176,"3,40"
18177,"23,40"
18178,"0,249"
18179,"3,169"
18180,"10,44"
18181,"3,35"
18182,"3,50"
18183,"3,169"
18184,"10,23"
18185,"3,35"
18186,"3,50"
18187,"10,23"
18188,"40,44"
18189,"10,65"
18190,"23,40"
18191,"0,249"
18192,"3,40"
18193,"3,169"
18194,"40,162"
18195,"3,40"
18196,"23,76"
18197,"23,76"
18198,"40,162"
18199,"23,76"
18200,"0,23,40"
18201,"169,274"
18202,"10,40,44"
18203,"23,40"
18204,"10,40"
18205,"3,40"
18206,"10,23"
18207,"0,249"
18208,"40,44"
18209,"23,76"
18210,"3,50"
18211,"3,35"
18212,"3,35"
18213,"3,40"
18214,"40,162"
18215,"3,10"
18216,"3,50"
18217,"3,40"
18218,"3,40"
18219,"3,40"
18220,"40,162"
18221,"0,249"
18222,"3,40"
18223,"3,35"
18224,"0,23"
18225,"169,452"
18226,"40,169"
18227,"23,40"
18228,"10,44"
18229,"40,162"
18230,"10,23"
18231,"3,35"
18232,"0,23"
18233,"23,40"
18234,"3,50"
18235,"3,40"
18236,"3,35"
18237,"0,249"
18238,"0,211"
18239,"23,40"
18240,"3,50"
18241,"10,169"
18242,"10,23,44"
18243,"3,35"
18244,"3,35"
18245,"3,40"
18246,"23,40"
18247,"3,50"
18248,"169,223"
18249,"0,40"
18250,"0,211"
18251,"40,169"
18252,"0,10"
18253,"3,40"
18254,"10,44"
18255,"40,162"
18256,"3,40"
18257,"3,50"
18258,"10,220"
18259,"23,76"
18260,"23,76"
18261,"3,50"
18262,"40,169"
18263,"3,10"
18264,"40,44"
18265,"23,76"
18266,"0,249"
18267,"0,169"
18268,"10,44"
18269,"10,23"
18270,"3,35"
18271,"3,50"
18272,"3,23"
18273,"40,162"
18274,"3,40"
18275,"40,162"
18276,"23,40,169"
18277,"0,40"
18278,"0,249"
18279,"23,76"
18280,"23,40"
18281,"40,44,162"
18282,"3,40"
18283,"3,35"
18284,"3,35"
18285,"0,249"
18286,"3,35"
18287,"23,76"
18288,"3,50"
18289,"10,40"
18290,"10,40,44"
18291,"169,323"
18292,"10,23"
18293,"3,35"
18294,"3,50"
18295,"3,50"
18296,"3,40"
18297,"40,162"
18298,"0,249"
18299,"3,10"
18300,"40,162"
18301,"3,40"
18302,"23,40"
18303,"23,40"
18304,"3,40"
18305,"3,50"
18306,"0,211"
18307,"0,249"
18308,"0,23"
18309,"23,76"
18310,"40,169"
18311,"40,169"
18312,"10,44"
18313,"0,249"
18314,"0,169"
18315,"3,40"
18316,"0,23"
18317,"23,40"
18318,"10,44"
18319,"40,169"
18320,"3,35"
18321,"23,76"
18322,"23,76"
18323,"40,169"
18324,"10,44"
18325,"3,40"
18326,"23,76"
18327,"10,23"
18328,"40,169"
18329,"3,50"
18330,"40,44"
18331,"3,169"
18332,"3,50"
18333,"10,40,44"
18334,"3,35"
18335,"40,44"
18336,"10,23"
18337,"40,151"
18338,"3,10"
18339,"40,162"
18340,"3,35"
18341,"3,35"
18342,"40,162"
18343,"10,220"
18344,"3,40"
18345,"10,44"
18346,"40,162"
18347,"10,65"
18348,"3,40"
18349,"40,169"
18350,"3,169"
18351,"3,169"
18352,"40,162"
18353,"40,162"
18354,"3,23,40"
18355,"10,23"
18356,"10,169"
18357,"3,40"
18358,"169,223"
18359,"3,40"
18360,"40,162"
18361,"3,35"
18362,"3,50"
18363,"23,76"
18364,"3,35"
18365,"10,23"
18366,"3,10"
18367,"3,23"
18368,"0,249"
18369,"40,162"
18370,"0,249"
18371,"23,76"
18372,"3,35"
18373,"169,274"
18374,"3,35"
18375,"23,40"
18376,"10,44"
18377,"40,162"
18378,"3,40"
18379,"3,35"
18380,"3,40"
18381,"10,44"
18382,"3,169"
18383,"0,23"
18384,"3,35"
18385,"40,162"
18386,"169,274"
18387,"10,40"
18388,"3,169"
18389,"0,211"
18390,"0,23"
18391,"40,162"
18392,"0,23"
18393,"3,50"
18394,"0,249"
18395,"23,76"
18396,"0,40"
18397,"3,40"
18398,"40,162"
18399,"169,223"
18400,"3,169"
18401,"3,40"
18402,"3,40"
18403,"0,10"
18404,"23,76"
18405,"10,44"
18406,"3,50"
18407,"0,249"
18408,"3,50"
18409,"3,50"
18410,"40,162"
18411,"10,23"
18412,"3,23"
18413,"3,169"
18414,"10,40,44"
18415,"3,40"
18416,"10,65"
18417,"3,169"
18418,"3,40"
18419,"0,249"
18420,"3,40"
18421,"40,169"
18422,"3,40"
18423,"0,249"
18424,"40,162"
18425,"3,169"
18426,"40,162"
18427,"3,35"
18428,"23,76"
18429,"3,23"
18430,"23,40"
18431,"10,23"
18432,"3,40"
18433,"3,40"
18434,"3,35"
18435,"23,169"
18436,"40,162"
18437,"23,76"
18438,"23,40"
18439,"3,40"
18440,"3,40"
18441,"3,169"
18442,"3,35"
18443,"3,50"
18444,"10,40"
18445,"10,40,44"
18446,"3,50"
18447,"40,162"
18448,"10,40,44"
18449,"3,50"
18450,"0,211"
18451,"23,76"
18452,"40,162"
18453,"23,76"
18454,"0,23"
18455,"0,211"
18456,"40,162"
18457,"3,50"
18458,"0,23"
18459,"169,274"
18460,"0,249"
18461,"23,169"
18462,"23,76"
18463,"3,50"
18464,"0,23"
18465,"0,211"
18466,"3,50"
18467,"3,23"
18468,"3,50"
18469,"23,40,44"
18470,"44,169"
18471,"3,40"
18472,"0,169"
18473,"0,3"
18474,"3,35"
18475,"23,76"
18476,"40,169"
18477,"40,162"
18478,"3,50"
18479,"3,50"
18480,"40,162"
18481,"10,65"
18482,"3,23,40"
18483,"40,162"
18484,"3,35"
18485,"3,23,40"
18486,"3,40"
18487,"3,10,23"
18488,"10,44"
18489,"3,169"
18490,"10,40,44"
18491,"10,40"
18492,"23,76"
18493,"10,23"
18494,"3,35"
18495,"0,211"
18496,"3,40"
18497,"3,169"
18498,"40,162"
18499,"10,40,44"
18500,"3,35"
18501,"40,169"
18502,"169,452"
18503,"10,44"
18504,"10,65"
18505,"23,40"
18506,"10,40,44"
18507,"40,162"
18508,"10,40,44"
18509,"23,40"
18510,"3,40"
18511,"169,323"
18512,"0,169"
18513,"3,40"
18514,"3,35"
18515,"10,40,44"
18516,"10,44"
18517,"40,44"
18518,"3,50"
18519,"23,40"
18520,"40,162"
18521,"0,40"
18522,"23,76"
18523,"10,40,44"
18524,"23,76"
18525,"10,23"
18526,"10,44"
18527,"10,44"
18528,"40,151"
18529,"3,40"
18530,"40,162"
18531,"10,23"
18532,"3,40"
18533,"40,162"
18534,"0,211"
18535,"3,50"
18536,"3,40"
18537,"3,50"
18538,"23,40,76"
18539,"3,40"
18540,"40,162"
18541,"3,50"
18542,"3,169"
18543,"0,211"
18544,"10,23"
18545,"0,249"
18546,"0,211"
18547,"3,10,40"
18548,"3,40"
18549,"0,3"
18550,"0,10"
18551,"23,76"
18552,"10,40,44"
18553,"3,40"
18554,"3,50"
18555,"3,35"
18556,"10,23,44"
18557,"23,76"
18558,"40,169"
18559,"10,44"
18560,"23,40"
18561,"10,40,44"
18562,"3,40"
18563,"23,40"
18564,"169,223"
18565,"40,162"
18566,"10,40"
18567,"23,40"
18568,"3,35"
18569,"23,76"
18570,"3,35"
18571,"3,40"
18572,"40,169"
18573,"3,50"
18574,"23,40"
18575,"3,35"
18576,"3,50"
18577,"10,23"
18578,"23,40"
18579,"3,23"
18580,"169,452"
18581,"40,162"
18582,"40,169"
18583,"23,76"
18584,"40,162"
18585,"169,323"
18586,"10,65"
18587,"40,169"
18588,"10,40,44"
18589,"10,40"
18590,"0,211"
18591,"10,23,44"
18592,"3,35"
18593,"3,40"
18594,"3,40"
18595,"3,35"
18596,"3,169"
18597,"3,40"
18598,"23,40"
18599,"40,169"
18600,"10,23"
18601,"3,35"
18602,"23,76"
18603,"40,162"
18604,"3,40"
18605,"40,162"
18606,"10,44"
18607,"23,169"
18608,"23,40"
18609,"3,50"
18610,"40,169"
18611,"23,76"
18612,"10,23,40"
18613,"40,162"
18614,"23,169"
18615,"0,211"
18616,"3,35"
18617,"10,44"
18618,"23,76"
18619,"0,40"
18620,"3,40"
18621,"0,211"
18622,"40,162"
18623,"10,40"
18624,"3,40"
18625,"10,23"
18626,"10,44"
18627,"3,40"
18628,"3,169"
18629,"23,40"
18630,"3,50"
18631,"3,35"
18632,"3,50"
18633,"3,50"
18634,"0,249"
18635,"3,50"
18636,"23,76"
18637,"10,44"
18638,"40,162"
18639,"10,220"
18640,"23,76"
18641,"3,40"
18642,"23,40"
18643,"10,44"
18644,"3,50"
18645,"23,40"
18646,"169,259"
18647,"3,35"
18648,"40,44"
18649,"10,23"
18650,"3,50"
18651,"3,50"
18652,"3,40"
18653,"23,76"
18654,"3,50"
18655,"3,40"
18656,"0,23"
18657,"0,249"
18658,"10,23,44"
18659,"3,169"
18660,"3,169"
18661,"0,23"
18662,"3,35"
18663,"40,162"
18664,"3,50"
18665,"40,44"
18666,"10,40,44"
18667,"10,65"
18668,"0,211"
18669,"40,162"
18670,"10,23"
18671,"0,249"
18672,"3,23"
18673,"40,162"
18674,"0,249"
18675,"23,76"
18676,"3,169"
18677,"3,35"
18678,"10,40"
18679,"0,40,44"
18680,"0,23"
18681,"40,162"
18682,"40,169"
18683,"40,44"
18684,"3,50"
18685,"23,76"
18686,"3,40"
18687,"3,40"
18688,"3,35"
18689,"23,76"
18690,"3,35"
18691,"23,76"
18692,"10,40,44"
18693,"10,23"
18694,"0,10"
18695,"3,40"
18696,"23,76"
18697,"23,40,169"
18698,"23,76"
18699,"10,40,44"
18700,"0,249"
18701,"169,223"
18702,"3,50"
18703,"0,23,40"
18704,"10,23"
18705,"40,169"
18706,"40,44,169"
18707,"3,40"
18708,"10,40,44"
18709,"10,23"
18710,"169,223"
18711,"10,65"
18712,"3,169"
18713,"169,274"
18714,"0,3"
18715,"3,40"
18716,"3,169"
18717,"3,40,169"
18718,"10,23,44"
18719,"3,35"
18720,"40,169"
18721,"40,162"
18722,"0,249"
18723,"23,76"
18724,"10,65"
18725,"169,274"
18726,"3,40"
18727,"40,169"
18728,"23,40"
18729,"40,151"
18730,"0,3"
18731,"23,76"
18732,"0,169"
18733,"40,162"
18734,"40,169"
18735,"0,3"
18736,"10,40,44"
18737,"10,23"
18738,"3,23,40"
18739,"169,337"
18740,"40,162"
18741,"3,40"
18742,"3,40"
18743,"0,40"
18744,"3,50"
18745,"40,162"
18746,"169,223"
18747,"3,23"
18748,"40,162"
18749,"40,162"
18750,"3,40"
18751,"3,40"
18752,"23,76"
18753,"40,162"
18754,"0,23"
18755,"23,40"
18756,"10,44"
18757,"3,40"
18758,"23,76"
18759,"0,3"
18760,"23,40"
18761,"10,23"
18762,"0,23"
18763,"3,50"
18764,"10,44"
18765,"23,40"
18766,"23,40,76"
18767,"23,76"
18768,"3,35"
18769,"3,23"
18770,"0,249"
18771,"3,35"
18772,"23,40"
18773,"40,162"
18774,"10,23"
18775,"3,35"
18776,"3,40"
18777,"40,162"
18778,"40,44"
18779,"3,50"
18780,"10,44"
18781,"23,76"
18782,"23,40"
18783,"40,169"
18784,"3,35"
18785,"23,40"
18786,"10,44"
18787,"0,249"
18788,"10,40,44"
18789,"10,44"
18790,"3,50"
18791,"10,65"
18792,"0,249"
18793,"3,50"
18794,"3,50"
18795,"40,169"
18796,"0,249"
18797,"40,169"
18798,"23,76"
18799,"23,76"
18800,"3,50"
18801,"169,274"
18802,"40,169"
18803,"0,211"
18804,"10,40"
18805,"3,169"
18806,"10,44"
18807,"0,23"
18808,"3,40"
18809,"10,220"
18810,"3,35"
18811,"3,40"
18812,"40,162"
18813,"23,76"
18814,"40,151"
18815,"0,23"
18816,"10,44"
18817,"10,40,44"
18818,"23,76"
18819,"10,23"
18820,"3,35"
18821,"10,23"
18822,"0,3"
18823,"23,40"
18824,"40,169"
18825,"23,169"
18826,"3,50"
18827,"169,223"
18828,"10,44"
18829,"0,249"
18830,"3,35"
18831,"169,323"
18832,"23,76"
18833,"3,40"
18834,"3,35"
18835,"10,40,44"
18836,"0,249"
18837,"40,169"
18838,"3,40"
18839,"10,44"
18840,"40,169"
18841,"23,76"
18842,"0,249"
18843,"3,40"
18844,"23,76"
18845,"40,162"
18846,"23,40"
18847,"40,162"
18848,"10,40,44"
18849,"23,40"
18850,"3,35"
18851,"3,40"
18852,"40,169"
18853,"3,35"
18854,"3,40"
18855,"0,249"
18856,"169,223"
18857,"23,40"
18858,"40,162"
18859,"3,40"
18860,"3,40"
18861,"0,249"
18862,"10,44"
18863,"10,23"
18864,"40,169"
18865,"3,169"
18866,"0,23"
18867,"10,40,44"
18868,"3,23"
18869,"3,50"
18870,"23,169"
18871,"10,40,44"
18872,"40,162"
18873,"0,40"
18874,"23,76"
18875,"3,50"
18876,"23,40,44"
18877,"40,169"
18878,"3,40"
18879,"3,50"
18880,"3,50"
18881,"3,50"
18882,"3,40"
18883,"169,323"
18884,"23,76"
18885,"10,44"
18886,"10,40"
18887,"3,50"
18888,"3,35"
18889,"0,249"
18890,"10,40"
18891,"23,76"
18892,"0,249"
18893,"3,169"
18894,"0,249"
18895,"3,40"
18896,"10,40,44"
18897,"10,40,44"
18898,"23,76"
18899,"23,169"
18900,"40,151"
18901,"3,169"
18902,"0,211"
18903,"10,44"
18904,"40,162"
18905,"10,40,44"
18906,"23,76"
18907,"10,40,44"
18908,"23,76"
18909,"23,76"
18910,"3,50"
18911,"10,44"
18912,"3,50"
18913,"40,162"
18914,"0,249"
18915,"0,249"
18916,"3,50"
18917,"3,10"
18918,"10,40,44"
18919,"3,10"
18920,"3,50"
18921,"23,76"
18922,"0,169"
18923,"10,220"
18924,"169,223"
18925,"3,35"
18926,"3,40"
18927,"3,169"
18928,"3,50"
18929,"40,44"
18930,"3,169"
18931,"3,23,40"
18932,"23,40"
18933,"23,40"
18934,"23,40"
18935,"40,162"
18936,"10,23"
18937,"0,40"
18938,"23,40"
18939,"10,23"
18940,"0,249"
18941,"0,40"
18942,"40,169"
18943,"3,40"
18944,"0,249"
18945,"10,44"
18946,"0,249"
18947,"40,162"
18948,"10,220"
18949,"3,50"
18950,"3,35"
18951,"0,10"
18952,"0,249"
18953,"0,3"
18954,"3,40"
18955,"3,35"
18956,"0,211"
18957,"0,40"
18958,"40,162"
18959,"10,44"
18960,"3,50"
18961,"10,23"
18962,"0,23"
18963,"23,76"
18964,"23,40"
18965,"0,23"
18966,"40,162"
18967,"3,169"
18968,"40,162"
18969,"10,44"
18970,"40,162"
18971,"3,35"
18972,"169,274"
18973,"3,169"
18974,"3,40"
18975,"3,50"
18976,"23,76"
18977,"23,76"
18978,"3,23"
18979,"23,40"
18980,"3,50"
18981,"3,10"
18982,"40,162"
18983,"10,44"
18984,"3,35"
18985,"40,162"
18986,"3,50"
18987,"10,44"
18988,"3,50"
18989,"10,44"
18990,"3,50"
18991,"3,40"
18992,"10,40"
18993,"3,50"
18994,"10,44"
18995,"3,50"
18996,"40,169"
18997,"3,169"
18998,"3,40"
18999,"10,40,44"
19000,"40,162"
19001,"3,35"
19002,"3,50"
19003,"3,50"
19004,"3,40"
19005,"0,23"
19006,"3,35"
19007,"40,169"
19008,"169,223"
19009,"3,40"
19010,"10,23"
19011,"3,40"
19012,"23,40"
19013,"40,162"
19014,"3,169"
19015,"3,40"
19016,"0,3"
19017,"3,40"
19018,"10,220"
19019,"0,40"
19020,"10,44"
19021,"3,40"
19022,"23,40,76"
19023,"10,44"
19024,"3,35"
19025,"40,162"
19026,"3,35"
19027,"3,40"
19028,"3,50"
19029,"23,76"
19030,"40,162"
19031,"23,76"
19032,"40,151"
19033,"3,50"
19034,"10,65"
19035,"0,249"
19036,"3,35"
19037,"3,40"
19038,"23,76"
19039,"40,162"
19040,"3,40"
19041,"3,40"
19042,"10,40,44"
19043,"10,40,44"
19044,"3,50"
19045,"3,40"
19046,"0,3"
19047,"3,50"
19048,"23,76"
19049,"0,249"
19050,"40,151"
19051,"10,65"
19052,"0,249"
19053,"0,249"
19054,"10,44"
19055,"0,249"
19056,"0,3,40"
19057,"169,223"
19058,"10,44"
19059,"40,162"
19060,"3,35"
19061,"10,40,44"
19062,"3,169"
19063,"169,274"
19064,"3,10"
19065,"3,35"
19066,"3,35"
19067,"0,211"
19068,"3,35"
19069,"3,169"
19070,"3,50"
19071,"3,50"
19072,"3,50"
19073,"3,40"
19074,"3,35"
19075,"23,76"
19076,"40,169"
19077,"3,35"
19078,"10,40,44"
19079,"40,44"
19080,"0,10"
19081,"3,35"
19082,"10,23"
19083,"169,223"
19084,"3,40"
19085,"0,23"
19086,"10,40,44"
19087,"23,76"
19088,"3,40"
19089,"40,162"
19090,"3,40"
19091,"23,169"
19092,"3,35"
19093,"23,76"
19094,"0,169"
19095,"40,151"
19096,"3,23"
19097,"23,76"
19098,"10,44"
19099,"23,169"
19100,"23,76"
19101,"40,162"
19102,"3,50"
19103,"40,162"
19104,"3,40"
19105,"0,249"
19106,"3,40"
19107,"3,169"
19108,"40,169"
19109,"10,44"
19110,"3,50"
19111,"10,44"
19112,"10,40"
19113,"3,40"
19114,"10,40,169"
19115,"23,40"
19116,"0,249"
19117,"10,40,44"
19118,"23,40"
19119,"3,50"
19120,"10,40"
19121,"3,40"
19122,"10,23"
19123,"0,249"
19124,"3,50"
19125,"23,76"
19126,"3,40"
19127,"3,10"
19128,"23,76"
19129,"10,23"
19130,"3,50"
19131,"0,169"
19132,"3,35"
19133,"40,169"
19134,"0,211"
19135,"40,162"
19136,"0,249"
19137,"40,162"
19138,"40,162"
19139,"10,44"
19140,"0,40"
19141,"23,40"
19142,"169,223"
19143,"3,40"
19144,"0,169"
19145,"23,76"
19146,"40,162"
19147,"0,40"
19148,"3,35"
19149,"10,23"
19150,"0,40"
19151,"3,50"
19152,"169,259"
19153,"3,40"
19154,"0,10,23"
19155,"0,23"
19156,"23,40"
19157,"0,10"
19158,"10,65"
19159,"10,23"
19160,"10,23"
19161,"10,44"
19162,"0,249"
19163,"3,23,76"
19164,"10,44"
19165,"40,169"
19166,"10,44"
19167,"10,40,44"
19168,"0,3"
19169,"3,40"
19170,"40,44"
19171,"3,50"
19172,"3,35"
19173,"10,23,44"
19174,"3,35"
19175,"10,44"
19176,"23,40"
19177,"10,40,44"
19178,"40,162"
19179,"0,23"
19180,"10,220"
19181,"0,3"
19182,"3,40"
19183,"0,40"
19184,"23,40"
19185,"0,249"
19186,"0,249"
19187,"23,40"
19188,"3,40"
19189,"10,220"
19190,"3,40"
19191,"10,40,44"
19192,"40,169"
19193,"10,23"
19194,"10,44"
19195,"23,76"
19196,"0,40"
19197,"0,23"
19198,"3,40"
19199,"23,40,169"
19200,"3,35"
19201,"3,35"
19202,"0,249"
19203,"0,3"
19204,"3,40"
19205,"23,76"
19206,"10,23,44"
19207,"3,169"
19208,"23,169"
19209,"3,40"
19210,"3,40"
19211,"3,35"
19212,"40,169"
19213,"40,162"
19214,"23,76"
19215,"3,35"
19216,"10,44"
19217,"3,50"
19218,"10,40,44"
19219,"0,10"
19220,"0,23"
19221,"3,23"
19222,"3,50"
19223,"23,40"
19224,"0,249"
19225,"10,220"
19226,"10,44"
19227,"40,169"
19228,"23,76"
19229,"10,23"
19230,"3,40"
19231,"3,23"
19232,"3,40"
19233,"40,162"
19234,"40,44,162"
19235,"40,162"
19236,"3,169"
19237,"169,223"
19238,"23,76"
19239,"10,23"
19240,"10,44"
19241,"23,76"
19242,"0,40"
19243,"40,169"
19244,"3,40"
19245,"10,23"
19246,"0,23"
19247,"0,169"
19248,"169,452"
19249,"3,50"
19250,"23,76"
19251,"10,44"
19252,"10,40,44"
19253,"40,162"
19254,"3,35"
19255,"23,40"
19256,"40,151"
19257,"3,40,169"
19258,"10,65"
19259,"40,162"
19260,"3,169"
19261,"3,169"
19262,"169,223"
19263,"10,44"
19264,"40,162"
19265,"3,40"
19266,"3,40"
19267,"3,35"
19268,"3,23"
19269,"23,169"
19270,"10,40"
19271,"3,35"
19272,"3,50"
19273,"10,40,44"
19274,"3,35"
19275,"3,40"
19276,"10,23"
19277,"23,76"
19278,"40,169"
19279,"0,23"
19280,"10,23"
19281,"40,162"
19282,"3,40"
19283,"10,40"
19284,"3,35"
19285,"3,40"
19286,"10,44"
19287,"3,23"
19288,"3,50"
19289,"0,249"
19290,"3,10"
19291,"0,211"
19292,"40,44"
19293,"169,274"
19294,"40,162"
19295,"3,40"
19296,"3,40"
19297,"0,249"
19298,"23,76"
19299,"3,169"
19300,"23,76"
19301,"3,50"
19302,"40,162"
19303,"23,76"
19304,"10,65"
19305,"40,162"
19306,"23,40"
19307,"3,23"
19308,"10,40,44"
19309,"40,44"
19310,"3,35"
19311,"10,23"
19312,"23,40"
19313,"0,40"
19314,"23,40"
19315,"0,40"
19316,"0,249"
19317,"10,44"
19318,"3,23"
19319,"0,249"
19320,"3,40"
19321,"3,40"
19322,"10,40"
19323,"40,169"
19324,"10,40"
19325,"0,40"
19326,"40,169"
19327,"23,76"
19328,"10,40,44"
19329,"3,40"
19330,"3,50"
19331,"10,40,44"
19332,"3,169"
19333,"10,44"
19334,"0,23"
19335,"40,151"
19336,"3,40"
19337,"3,169"
19338,"3,40"
19339,"169,223"
19340,"169,274"
19341,"3,169"
19342,"3,40"
19343,"0,23"
19344,"3,35"
19345,"23,40"
19346,"40,162"
19347,"0,249"
19348,"169,223"
19349,"10,23,40"
19350,"23,40"
19351,"23,76"
19352,"40,169"
19353,"10,40,44"
19354,"10,44"
19355,"23,76"
19356,"23,76"
19357,"40,44"
19358,"40,162"
19359,"0,23"
19360,"0,3"
19361,"40,169"
19362,"40,162"
19363,"3,35"
19364,"3,40"
19365,"0,3"
19366,"3,10"
19367,"10,169"
19368,"10,44"
19369,"40,151"
19370,"0,211"
19371,"0,23"
19372,"23,76"
19373,"40,162"
19374,"3,23"
19375,"3,40"
19376,"169,452"
19377,"40,169"
19378,"10,44"
19379,"10,40,44"
19380,"0,10"
19381,"10,44"
19382,"0,169"
19383,"23,40,44"
19384,"3,23"
19385,"0,249"
19386,"23,76"
19387,"3,50"
19388,"10,40,44"
19389,"3,40"
19390,"10,44"
19391,"0,249"
19392,"10,44"
19393,"23,40"
19394,"0,169"
19395,"3,40"
19396,"169,223"
19397,"3,169"
19398,"3,40"
19399,"10,220"
19400,"10,23"
19401,"0,249"
19402,"40,169"
19403,"23,76"
19404,"3,40"
19405,"40,44"
19406,"3,40"
19407,"169,274"
19408,"23,76"
19409,"10,44"
19410,"3,40"
19411,"0,10"
19412,"23,76"
19413,"23,40,44"
19414,"23,40,76"
19415,"3,35"
19416,"0,249"
19417,"10,40"
19418,"3,40"
19419,"3,40"
19420,"10,40"
19421,"23,76"
19422,"40,151"
19423,"23,40"
19424,"3,40"
19425,"0,249"
19426,"10,40,44"
19427,"3,40"
19428,"23,40,76"
19429,"10,44"
19430,"10,40"
19431,"3,50"
19432,"3,40"
19433,"10,40"
19434,"3,169"
19435,"23,40"
19436,"3,50"
19437,"23,169"
19438,"3,50"
19439,"3,40"
19440,"10,44"
19441,"23,76"
19442,"40,162"
19443,"23,76"
19444,"23,40"
19445,"10,40"
19446,"23,76"
19447,"10,23"
19448,"10,23"
19449,"23,76"
19450,"0,40"
19451,"0,249"
19452,"3,50"
19453,"3,40"
19454,"0,3"
19455,"3,50"
19456,"0,211"
19457,"0,249"
19458,"3,40"
19459,"0,169"
19460,"0,249"
19461,"3,40"
19462,"40,162"
19463,"3,40"
19464,"23,40"
19465,"10,44"
19466,"3,35"
19467,"23,40,76"
19468,"3,35"
19469,"40,151"
19470,"10,44"
19471,"40,162"
19472,"40,44"
19473,"3,50"
19474,"40,162"
19475,"23,40"
19476,"3,169"
19477,"23,76"
19478,"3,50"
19479,"40,162"
19480,"3,40"
19481,"40,169"
19482,"40,169"
19483,"0,249"
19484,"3,50"
19485,"169,259"
19486,"0,3"
19487,"3,23"
19488,"40,169"
19489,"3,35"
19490,"40,162"
19491,"40,162"
19492,"40,169"
19493,"3,50"
19494,"3,35"
19495,"169,274"
19496,"10,44"
19497,"10,23"
19498,"40,162"
19499,"3,169"
19500,"0,249"
19501,"3,50"
19502,"40,162"
19503,"10,44"
19504,"10,65"
19505,"3,10"
19506,"3,35"
19507,"3,40"
19508,"40,169"
19509,"3,50"
19510,"3,35"
19511,"169,223"
19512,"10,23"
19513,"40,44"
19514,"3,169"
19515,"10,23"
19516,"3,40"
19517,"40,162"
19518,"40,162"
19519,"10,44"
19520,"3,35"
19521,"0,40"
19522,"40,162"
19523,"23,76"
19524,"23,40"
19525,"10,23"
19526,"3,23"
19527,"10,44"
19528,"10,23"
19529,"3,35"
19530,"3,35"
19531,"40,169"
19532,"40,169"
19533,"23,169"
19534,"10,40"
19535,"40,162"
19536,"40,162"
19537,"40,162"
19538,"0,211"
19539,"40,162"
19540,"0,249"
19541,"23,76"
19542,"23,76"
19543,"3,35"
19544,"0,23"
19545,"3,169"
19546,"10,220"
19547,"3,40"
19548,"0,211"
19549,"3,35"
19550,"23,76"
19551,"3,35"
19552,"40,162"
19553,"23,40"
19554,"40,169"
19555,"169,274"
19556,"0,249"
19557,"10,44"
19558,"3,50"
19559,"3,35"
19560,"40,169"
19561,"23,40"
19562,"10,40"
19563,"40,162"
19564,"40,162"
19565,"23,76"
19566,"40,162"
19567,"3,50"
19568,"40,162"
19569,"0,23"
19570,"169,452"
19571,"3,40"
19572,"3,40"
19573,"10,23"
19574,"40,162"
19575,"23,40"
19576,"10,44"
19577,"3,169"
19578,"169,452"
19579,"3,50"
19580,"3,35"
19581,"10,40"
19582,"3,169"
19583,"40,162"
19584,"10,40,44"
19585,"3,40"
19586,"0,23"
19587,"3,40"
19588,"10,44"
19589,"3,35"
19590,"169,223"
19591,"3,40"
19592,"3,40"
19593,"10,23"
19594,"0,249"
19595,"3,50"
19596,"3,50"
19597,"40,162"
19598,"40,44,169"
19599,"3,40"
19600,"23,76"
19601,"23,169"
19602,"3,169"
19603,"10,23,40"
19604,"3,50"
19605,"3,40"
19606,"10,23"
19607,"3,40"
19608,"0,169"
19609,"10,40,44"
19610,"3,50"
19611,"3,40"
19612,"40,162"
19613,"3,23"
19614,"0,23"
19615,"3,40"
19616,"10,40,44"
19617,"169,223"
19618,"40,169"
19619,"10,220"
19620,"0,3"
19621,"3,169"
19622,"23,76"
19623,"23,76"
19624,"169,223"
19625,"3,50"
19626,"3,35"
19627,"0,249"
19628,"40,162"
19629,"23,40"
19630,"10,44"
19631,"0,211"
19632,"3,50"
19633,"23,76"
19634,"169,452"
19635,"40,162"
19636,"23,40"
19637,"3,50"
19638,"0,23"
19639,"10,40,44"
19640,"10,23,40"
19641,"3,40"
19642,"23,76"
19643,"40,151"
19644,"3,35"
19645,"40,44"
19646,"169,223"
19647,"0,23"
19648,"23,40"
19649,"23,76"
19650,"23,169"
19651,"23,40"
19652,"3,40"
19653,"10,40,44"
19654,"40,162"
19655,"10,23"
19656,"3,40"
19657,"3,50"
